{"epoch": 50, "loss": 4043671040.0, "_timestamp": 1678387441.2516043, "_runtime": 64.32128143310547, "_step": 48, "parameters/value_func.nn.0.weight": {"_type": "histogram", "values": [1.0, 0.0, 0.0, 1.0, 1.0, 2.0, 2.0, 4.0, 1.0, 4.0, 9.0, 4.0, 8.0, 10.0, 9.0, 11.0, 12.0, 12.0, 15.0, 13.0, 10.0, 15.0, 12.0, 14.0, 11.0, 9.0, 18.0, 25.0, 18.0, 28.0, 22.0, 18.0, 28.0, 18.0, 18.0, 19.0, 15.0, 28.0, 16.0, 17.0, 16.0, 10.0, 14.0, 11.0, 13.0, 8.0, 10.0, 16.0, 7.0, 4.0, 9.0, 3.0, 4.0, 8.0, 8.0, 4.0, 8.0, 2.0, 1.0, 1.0, 2.0, 0.0, 2.0, 1.0], "bins": [-0.5371765494346619, -0.5208151936531067, -0.5044538378715515, -0.48809248208999634, -0.47173112630844116, -0.455369770526886, -0.4390084445476532, -0.422647088766098, -0.40628573298454285, -0.38992437720298767, -0.3735630214214325, -0.3572016656398773, -0.34084033966064453, -0.32447898387908936, -0.3081176280975342, -0.291756272315979, -0.27539491653442383, -0.25903356075286865, -0.24267220497131348, -0.2263108640909195, -0.20994950830936432, -0.19358815252780914, -0.17722681164741516, -0.16086545586585999, -0.1445041000843048, -0.12814274430274963, -0.11178139597177505, -0.09542004764080048, -0.0790586918592453, -0.06269733607769012, -0.046335987746715546, -0.029974639415740967, -0.013613283634185791, 0.0027480684220790863, 0.019109420478343964, 0.03547077253460884, 0.05183212459087372, 0.0681934803724289, 0.08455482870340347, 0.10091617703437805, 0.11727753281593323, 0.1336388885974884, 0.15000024437904358, 0.16636158525943756, 0.18272294104099274, 0.1990842968225479, 0.2154456377029419, 0.23180699348449707, 0.24816834926605225, 0.2645297050476074, 0.2808910608291626, 0.2972524166107178, 0.31361377239227295, 0.3299751281738281, 0.3463364541530609, 0.3626978099346161, 0.37905916571617126, 0.39542052149772644, 0.4117818772792816, 0.4281432330608368, 0.4445045590400696, 0.46086591482162476, 0.47722727060317993, 0.4935886263847351, 0.5099499821662903]}, "parameters/value_func.nn.0.bias": {"_type": "histogram", "values": [2.0, 1.0, 0.0, 1.0, 2.0, 1.0, 0.0, 2.0, 4.0, 3.0, 2.0, 2.0, 4.0, 3.0, 5.0, 2.0, 2.0, 2.0, 5.0, 1.0, 4.0, 2.0, 4.0, 1.0, 3.0, 0.0, 6.0, 3.0, 8.0, 3.0, 2.0, 2.0, 3.0, 7.0, 7.0, 3.0, 2.0, 1.0, 2.0, 2.0, 0.0, 2.0, 1.0, 2.0, 1.0, 2.0, 1.0, 2.0, 1.0, 0.0, 0.0, 2.0, 1.0, 0.0, 0.0, 1.0, 0.0, 0.0, 0.0, 1.0, 0.0, 0.0, 1.0, 1.0], "bins": [-0.23381011188030243, -0.2243037223815918, -0.21479731798171997, -0.20529092848300934, -0.1957845389842987, -0.18627814948558807, -0.17677175998687744, -0.16726535558700562, -0.15775896608829498, -0.14825257658958435, -0.13874617218971252, -0.1292397826910019, -0.11973339319229126, -0.11022700369358063, -0.1007206067442894, -0.09121420979499817, -0.08170782029628754, -0.0722014307975769, -0.06269503384828568, -0.053188640624284744, -0.043682247400283813, -0.03417585417628288, -0.024669460952281952, -0.015163064002990723, -0.00565667450428009, 0.0038497187197208405, 0.013356111943721771, 0.022862505167722702, 0.03236889839172363, 0.041875291615724564, 0.051381684839725494, 0.060888081789016724, 0.07039445638656616, 0.0799008458852768, 0.08940724283456802, 0.09891363978385925, 0.10842002928256989, 0.11792641878128052, 0.12743282318115234, 0.13693921267986298, 0.1464456021785736, 0.15595199167728424, 0.16545838117599487, 0.1749647855758667, 0.18447117507457733, 0.19397756457328796, 0.2034839689731598, 0.21299035847187042, 0.22249674797058105, 0.2320031374692917, 0.24150952696800232, 0.25101593136787415, 0.2605223059654236, 0.2700287103652954, 0.27953511476516724, 0.28904151916503906, 0.2985478937625885, 0.3080542981624603, 0.31756067276000977, 0.3270670771598816, 0.3365734815597534, 0.34607985615730286, 0.3555862605571747, 0.3650926351547241, 0.37459903955459595]}, "parameters/value_func.nn.2.weight": {"_type": "histogram", "values": [2.0, 1.0, 3.0, 5.0, 1.0, 8.0, 2.0, 4.0, 3.0, 4.0, 5.0, 6.0, 5.0, 5.0, 3.0, 7.0, 1.0, 4.0, 3.0, 2.0, 1.0, 2.0, 2.0, 1.0, 4.0, 1.0, 1.0, 1.0, 1.0, 1.0, 0.0, 0.0, 2.0, 1.0, 3.0, 1.0, 2.0, 1.0, 0.0, 1.0, 2.0, 1.0, 2.0, 0.0, 4.0, 1.0, 1.0, 3.0, 1.0, 1.0, 0.0, 1.0, 0.0, 1.0, 0.0, 1.0, 3.0, 1.0, 3.0, 0.0, 0.0, 0.0, 1.0, 1.0], "bins": [-0.44255661964416504, -0.42810383439064026, -0.41365107893943787, -0.3991982936859131, -0.3847455382347107, -0.3702927529811859, -0.35583996772766113, -0.34138721227645874, -0.32693442702293396, -0.3124816417694092, -0.2980288863182068, -0.283576101064682, -0.2691233158111572, -0.25467056035995483, -0.24021777510643005, -0.22576500475406647, -0.21131223440170288, -0.1968594640493393, -0.1824066936969757, -0.16795390844345093, -0.15350113809108734, -0.13904836773872375, -0.12459558993577957, -0.11014281213283539, -0.0956900417804718, -0.08123727142810822, -0.06678449362516403, -0.05233171954751015, -0.03787894546985626, -0.023426175117492676, -0.008973397314548492, 0.005479380488395691, 0.019932150840759277, 0.03438492491841316, 0.04883769899606705, 0.06329047679901123, 0.07774324715137482, 0.0921960175037384, 0.10664879530668259, 0.12110157310962677, 0.13555434346199036, 0.15000711381435394, 0.16445988416671753, 0.1789126694202423, 0.1933654397726059, 0.20781821012496948, 0.22227099537849426, 0.23672376573085785, 0.25117653608322144, 0.2656293213367462, 0.2800820767879486, 0.2945348620414734, 0.3089876174926758, 0.32344040274620056, 0.33789318799972534, 0.35234594345092773, 0.3667987287044525, 0.3812515139579773, 0.3957042694091797, 0.41015705466270447, 0.42460983991622925, 0.43906259536743164, 0.4535153806209564, 0.4679681658744812, 0.4824209213256836]}, "parameters/value_func.nn.2.bias": {"_type": "histogram", "values": [0.0, 0.0, 0.0, 0.0, 0.0, 0.0, 0.0, 0.0, 0.0, 0.0, 0.0, 0.0, 0.0, 0.0, 0.0, 0.0, 0.0, 0.0, 0.0, 0.0, 0.0, 0.0, 0.0, 0.0, 0.0, 0.0, 0.0, 0.0, 0.0, 0.0, 0.0, 0.0, 1.0, 0.0, 0.0, 0.0, 0.0, 0.0, 0.0, 0.0, 0.0, 0.0, 0.0, 0.0, 0.0, 0.0, 0.0, 0.0, 0.0, 0.0, 0.0, 0.0, 0.0, 0.0, 0.0, 0.0, 0.0, 0.0, 0.0, 0.0, 0.0, 0.0, 0.0, 0.0], "bins": [-0.10385751724243164, -0.10385751724243164, -0.10385751724243164, -0.10385751724243164, -0.10385751724243164, -0.10385751724243164, -0.10385751724243164, -0.10385751724243164, -0.10385751724243164, -0.10385751724243164, -0.10385751724243164, -0.10385751724243164, -0.10385751724243164, -0.10385751724243164, -0.10385751724243164, -0.10385751724243164, -0.10385751724243164, -0.10385751724243164, -0.10385751724243164, -0.10385751724243164, -0.10385751724243164, -0.10385751724243164, -0.10385751724243164, -0.10385751724243164, -0.10385751724243164, -0.10385751724243164, -0.10385751724243164, -0.10385751724243164, -0.10385751724243164, -0.10385751724243164, -0.10385751724243164, -0.10385751724243164, -0.10385751724243164, -0.10385751724243164, -0.10385751724243164, -0.10385751724243164, -0.10385751724243164, -0.10385751724243164, -0.10385751724243164, -0.10385751724243164, -0.10385751724243164, -0.10385751724243164, -0.10385751724243164, -0.10385751724243164, -0.10385751724243164, -0.10385751724243164, -0.10385751724243164, -0.10385751724243164, -0.10385751724243164, -0.10385751724243164, -0.10385751724243164, -0.10385751724243164, -0.10385751724243164, -0.10385751724243164, -0.10385751724243164, -0.10385751724243164, -0.10385751724243164, -0.10385751724243164, -0.10385751724243164, -0.10385751724243164, -0.10385751724243164, -0.10385751724243164, -0.10385751724243164, -0.10385751724243164, -0.10385751724243164]}, "_wandb": {"runtime": 63}}