{"epoch": 181, "loss": 74536904.0, "_timestamp": 1678446669.5124843, "_runtime": 225.72247529029846, "_step": 179, "parameters/value_func.nn.0.weight": {"_type": "histogram", "values": [2.0, 1.0, 2.0, 0.0, 1.0, 2.0, 1.0, 6.0, 4.0, 2.0, 2.0, 4.0, 4.0, 3.0, 3.0, 6.0, 9.0, 14.0, 15.0, 10.0, 9.0, 8.0, 9.0, 19.0, 23.0, 15.0, 23.0, 23.0, 27.0, 21.0, 25.0, 24.0, 24.0, 21.0, 19.0, 22.0, 25.0, 14.0, 15.0, 16.0, 13.0, 16.0, 18.0, 13.0, 11.0, 9.0, 15.0, 9.0, 8.0, 7.0, 13.0, 5.0, 7.0, 4.0, 2.0, 3.0, 3.0, 1.0, 3.0, 2.0, 2.0, 1.0, 1.0, 1.0], "bins": [-0.8762304186820984, -0.84974604845047, -0.8232616782188416, -0.7967773079872131, -0.7702929377555847, -0.7438085675239563, -0.7173241972923279, -0.6908398270606995, -0.664355456829071, -0.6378710865974426, -0.6113867163658142, -0.5849023461341858, -0.5584179759025574, -0.531933605670929, -0.5054492354393005, -0.4789648652076721, -0.4524804651737213, -0.4259960949420929, -0.3995117247104645, -0.37302735447883606, -0.34654298424720764, -0.32005858421325684, -0.2935742139816284, -0.26708984375, -0.24060548841953278, -0.21412111818790436, -0.18763674795627594, -0.16115236282348633, -0.1346679925918579, -0.10818362236022949, -0.08169925212860107, -0.055214881896972656, -0.02873051166534424, -0.002246139571070671, 0.024238232523202896, 0.05072260648012161, 0.07720697671175003, 0.10369135439395905, 0.13017572462558746, 0.15666009485721588, 0.1831444650888443, 0.20962883532047272, 0.23611320555210114, 0.26259759068489075, 0.28908196091651917, 0.3155663311481476, 0.342050701379776, 0.3685350716114044, 0.39501944184303284, 0.42150381207466125, 0.4479881823062897, 0.4744725525379181, 0.5009569525718689, 0.5274413228034973, 0.5539256930351257, 0.5804100632667542, 0.6068944334983826, 0.633378803730011, 0.6598631739616394, 0.6863475441932678, 0.7128319144248962, 0.7393162846565247, 0.7658006548881531, 0.7922850251197815, 0.8187693953514099]}, "parameters/value_func.nn.0.bias": {"_type": "histogram", "values": [1.0, 0.0, 0.0, 1.0, 0.0, 0.0, 0.0, 0.0, 0.0, 0.0, 0.0, 0.0, 0.0, 0.0, 0.0, 1.0, 1.0, 1.0, 0.0, 0.0, 1.0, 0.0, 0.0, 0.0, 4.0, 1.0, 2.0, 4.0, 4.0, 5.0, 7.0, 10.0, 10.0, 9.0, 9.0, 5.0, 3.0, 4.0, 5.0, 3.0, 2.0, 2.0, 1.0, 2.0, 5.0, 2.0, 2.0, 4.0, 0.0, 3.0, 1.0, 1.0, 1.0, 2.0, 1.0, 3.0, 1.0, 1.0, 1.0, 1.0, 0.0, 0.0, 0.0, 1.0], "bins": [-0.6814205646514893, -0.6651452779769897, -0.6488699913024902, -0.6325947642326355, -0.616319477558136, -0.6000441908836365, -0.5837689638137817, -0.5674936771392822, -0.5512183904647827, -0.5349431037902832, -0.5186678171157837, -0.502392590045929, -0.48611730337142944, -0.46984201669692993, -0.4535667598247528, -0.4372915029525757, -0.42101621627807617, -0.40474092960357666, -0.38846567273139954, -0.3721904158592224, -0.3559151291847229, -0.3396398425102234, -0.32336458563804626, -0.30708932876586914, -0.29081404209136963, -0.2745387554168701, -0.258263498544693, -0.24198822677135468, -0.22571295499801636, -0.20943768322467804, -0.19316241145133972, -0.1768871396780014, -0.16061186790466309, -0.14433659613132477, -0.12806132435798645, -0.11178605258464813, -0.09551078081130981, -0.0792355090379715, -0.06296023726463318, -0.04668496549129486, -0.030409693717956543, -0.014134421944618225, 0.0021408498287200928, 0.01841612160205841, 0.03469139337539673, 0.050966665148735046, 0.06724193692207336, 0.08351720869541168, 0.09979248046875, 0.11606775224208832, 0.13234302401542664, 0.14861829578876495, 0.16489356756210327, 0.1811688393354416, 0.1974441111087799, 0.21371938288211823, 0.22999465465545654, 0.24626992642879486, 0.2625451982021332, 0.2788204550743103, 0.2950957417488098, 0.3113710284233093, 0.32764628529548645, 0.3439215421676636, 0.3601968288421631]}, "parameters/value_func.nn.2.weight": {"_type": "histogram", "values": [1.0, 1.0, 2.0, 1.0, 2.0, 0.0, 3.0, 0.0, 3.0, 1.0, 5.0, 3.0, 8.0, 8.0, 5.0, 2.0, 9.0, 8.0, 7.0, 3.0, 4.0, 0.0, 0.0, 0.0, 0.0, 0.0, 1.0, 2.0, 0.0, 1.0, 2.0, 1.0, 0.0, 0.0, 1.0, 0.0, 0.0, 5.0, 1.0, 1.0, 2.0, 1.0, 4.0, 3.0, 2.0, 4.0, 1.0, 0.0, 2.0, 2.0, 1.0, 4.0, 0.0, 0.0, 2.0, 2.0, 0.0, 1.0, 1.0, 1.0, 0.0, 0.0, 3.0, 1.0], "bins": [-0.7673388719558716, -0.7451891899108887, -0.7230395674705505, -0.7008898854255676, -0.6787402629852295, -0.6565905809402466, -0.6344408988952637, -0.6122912168502808, -0.5901415944099426, -0.5679919123649597, -0.5458422899246216, -0.5236926078796387, -0.5015429258346558, -0.4793933033943176, -0.4572436213493347, -0.4350939691066742, -0.41294431686401367, -0.39079466462135315, -0.3686450123786926, -0.3464953303337097, -0.3243456780910492, -0.30219602584838867, -0.28004634380340576, -0.25789669156074524, -0.23574703931808472, -0.2135973870754242, -0.19144771993160248, -0.16929805278778076, -0.14714840054512024, -0.12499874085187912, -0.102849081158638, -0.08069941401481628, -0.05854976177215576, -0.03640010207891464, -0.014250442385673523, 0.007899217307567596, 0.030048877000808716, 0.052198536694049835, 0.07434819638729095, 0.09649786353111267, 0.1186475157737732, 0.14079716801643372, 0.16294683516025543, 0.18509650230407715, 0.20724615454673767, 0.2293958067893982, 0.2515454888343811, 0.2736951410770416, 0.29584479331970215, 0.31799444556236267, 0.3401440978050232, 0.3622937798500061, 0.3844434320926666, 0.40659308433532715, 0.42874276638031006, 0.4508924186229706, 0.4730420708656311, 0.4951917231082916, 0.5173413753509521, 0.5394910573959351, 0.561640739440918, 0.5837903618812561, 0.605940043926239, 0.6280896663665771, 0.6502393484115601]}, "parameters/value_func.nn.2.bias": {"_type": "histogram", "values": [0.0, 0.0, 0.0, 0.0, 0.0, 0.0, 0.0, 0.0, 0.0, 0.0, 0.0, 0.0, 0.0, 0.0, 0.0, 0.0, 0.0, 0.0, 0.0, 0.0, 0.0, 0.0, 0.0, 0.0, 0.0, 0.0, 0.0, 0.0, 0.0, 0.0, 0.0, 0.0, 1.0, 0.0, 0.0, 0.0, 0.0, 0.0, 0.0, 0.0, 0.0, 0.0, 0.0, 0.0, 0.0, 0.0, 0.0, 0.0, 0.0, 0.0, 0.0, 0.0, 0.0, 0.0, 0.0, 0.0, 0.0, 0.0, 0.0, 0.0, 0.0, 0.0, 0.0, 0.0], "bins": [0.058334458619356155, 0.058334458619356155, 0.058334458619356155, 0.058334458619356155, 0.058334458619356155, 0.058334458619356155, 0.058334458619356155, 0.058334458619356155, 0.058334458619356155, 0.058334458619356155, 0.058334458619356155, 0.058334458619356155, 0.058334458619356155, 0.058334458619356155, 0.058334458619356155, 0.058334458619356155, 0.058334458619356155, 0.058334458619356155, 0.058334458619356155, 0.058334458619356155, 0.058334458619356155, 0.058334458619356155, 0.058334458619356155, 0.058334458619356155, 0.058334458619356155, 0.058334458619356155, 0.058334458619356155, 0.058334458619356155, 0.058334458619356155, 0.058334458619356155, 0.058334458619356155, 0.058334458619356155, 0.058334458619356155, 0.058334458619356155, 0.058334458619356155, 0.058334458619356155, 0.058334458619356155, 0.058334458619356155, 0.058334458619356155, 0.058334458619356155, 0.058334458619356155, 0.058334458619356155, 0.058334458619356155, 0.058334458619356155, 0.058334458619356155, 0.058334458619356155, 0.058334458619356155, 0.058334458619356155, 0.058334458619356155, 0.058334458619356155, 0.058334458619356155, 0.058334458619356155, 0.058334458619356155, 0.058334458619356155, 0.058334458619356155, 0.058334458619356155, 0.058334458619356155, 0.058334458619356155, 0.058334458619356155, 0.058334458619356155, 0.058334458619356155, 0.058334458619356155, 0.058334458619356155, 0.058334458619356155, 0.058334458619356155]}, "_wandb": {"runtime": 226}}