{"epoch": 106, "loss": 247037936.0, "_timestamp": 1678385442.6762807, "_runtime": 227.94057774543762, "_step": 105, "parameters/value_func.nn.0.weight": {"_type": "histogram", "values": [1.0, 0.0, 2.0, 1.0, 0.0, 3.0, 1.0, 4.0, 2.0, 4.0, 5.0, 4.0, 6.0, 13.0, 5.0, 9.0, 8.0, 10.0, 15.0, 9.0, 13.0, 16.0, 13.0, 15.0, 11.0, 22.0, 18.0, 11.0, 26.0, 21.0, 26.0, 20.0, 20.0, 32.0, 29.0, 14.0, 19.0, 15.0, 18.0, 17.0, 14.0, 14.0, 10.0, 10.0, 5.0, 11.0, 9.0, 10.0, 10.0, 10.0, 7.0, 7.0, 9.0, 7.0, 7.0, 5.0, 6.0, 3.0, 1.0, 2.0, 2.0, 0.0, 2.0, 1.0], "bins": [-0.8031229972839355, -0.7790952920913696, -0.7550676465034485, -0.7310399413108826, -0.7070122957229614, -0.6829845905303955, -0.6589568853378296, -0.6349292397499084, -0.6109015941619873, -0.5868738889694214, -0.5628462433815002, -0.5388185381889343, -0.5147908926010132, -0.49076318740844727, -0.46673551201820374, -0.4427078366279602, -0.4186801314353943, -0.39465245604515076, -0.3706247806549072, -0.3465970754623413, -0.32256942987442017, -0.29854172468185425, -0.2745140492916107, -0.2504863739013672, -0.22645869851112366, -0.20243102312088013, -0.1784033477306366, -0.15437565743923187, -0.13034798204898834, -0.10632030665874481, -0.08229261636734009, -0.05826494097709656, -0.03423726558685303, -0.010209586471319199, 0.01381809264421463, 0.03784577548503876, 0.06187345087528229, 0.08590112626552582, 0.10992881655693054, 0.13395649194717407, 0.1579841673374176, 0.18201184272766113, 0.20603951811790466, 0.2300672084093094, 0.2540948987007141, 0.27812254428863525, 0.30215024948120117, 0.3261779248714447, 0.35020560026168823, 0.37423327565193176, 0.3982609510421753, 0.4222886562347412, 0.44631630182266235, 0.47034400701522827, 0.4943716824054718, 0.5183993577957153, 0.5424270629882812, 0.5664547681808472, 0.5904824137687683, 0.6145101189613342, 0.6385377645492554, 0.6625654697418213, 0.6865931749343872, 0.7106208205223083, 0.7346484661102295]}, "parameters/value_func.nn.0.bias": {"_type": "histogram", "values": [1.0, 1.0, 0.0, 2.0, 0.0, 2.0, 2.0, 0.0, 3.0, 5.0, 4.0, 1.0, 2.0, 3.0, 4.0, 8.0, 8.0, 7.0, 2.0, 8.0, 9.0, 3.0, 3.0, 8.0, 2.0, 4.0, 4.0, 5.0, 4.0, 3.0, 3.0, 2.0, 3.0, 1.0, 1.0, 0.0, 1.0, 3.0, 0.0, 0.0, 0.0, 0.0, 0.0, 1.0, 1.0, 0.0, 0.0, 0.0, 1.0, 0.0, 0.0, 1.0, 0.0, 1.0, 0.0, 0.0, 0.0, 0.0, 0.0, 0.0, 0.0, 0.0, 0.0, 1.0], "bins": [-0.358175128698349, -0.3422587811946869, -0.3263424038887024, -0.3104260563850403, -0.2945096790790558, -0.2785933315753937, -0.2626769542694092, -0.24676060676574707, -0.23084424436092377, -0.21492788195610046, -0.19901151955127716, -0.18309515714645386, -0.16717880964279175, -0.15126243233680725, -0.13534608483314514, -0.11942972242832184, -0.10351336002349854, -0.08759699761867523, -0.07168063521385193, -0.05576428025960922, -0.03984791785478592, -0.023931555449962616, -0.00801520049571991, 0.007901161909103394, 0.023817524313926697, 0.03973388671875, 0.055650245398283005, 0.07156660407781601, 0.08748296648263931, 0.10339932888746262, 0.11931568384170532, 0.13523204624652863, 0.15114837884902954, 0.16706474125385284, 0.18298110365867615, 0.19889745116233826, 0.21481382846832275, 0.23073017597198486, 0.24664653837680817, 0.26256290078163147, 0.27847927808761597, 0.2943956255912781, 0.3103120028972626, 0.3262283504009247, 0.3421447277069092, 0.3580610752105713, 0.3739774227142334, 0.3898938000202179, 0.40581014752388, 0.4217264950275421, 0.4376428723335266, 0.4535592198371887, 0.4694755971431732, 0.4853919446468353, 0.5013083219528198, 0.5172246694564819, 0.533141016960144, 0.5490573644638062, 0.5649737119674683, 0.5808901190757751, 0.5968064665794373, 0.6127228140830994, 0.6286391615867615, 0.6445555686950684, 0.6604719161987305]}, "parameters/value_func.nn.2.weight": {"_type": "histogram", "values": [1.0, 1.0, 3.0, 1.0, 0.0, 1.0, 3.0, 1.0, 2.0, 2.0, 1.0, 2.0, 5.0, 10.0, 1.0, 2.0, 6.0, 4.0, 6.0, 6.0, 6.0, 2.0, 4.0, 2.0, 4.0, 5.0, 4.0, 1.0, 3.0, 1.0, 0.0, 0.0, 2.0, 2.0, 0.0, 1.0, 1.0, 0.0, 1.0, 0.0, 1.0, 0.0, 0.0, 1.0, 0.0, 2.0, 2.0, 1.0, 0.0, 0.0, 0.0, 0.0, 4.0, 1.0, 2.0, 0.0, 2.0, 1.0, 2.0, 4.0, 1.0, 3.0, 1.0, 3.0], "bins": [-0.6624445915222168, -0.6418259739875793, -0.6212073564529419, -0.6005886793136597, -0.5799700617790222, -0.5593514442443848, -0.5387327671051025, -0.5181141495704651, -0.49749553203582764, -0.4768769145011902, -0.45625826716423035, -0.4356396198272705, -0.41502100229263306, -0.3944023847579956, -0.37378373742103577, -0.3531650900840759, -0.3325464725494385, -0.311927855014801, -0.2913092076778412, -0.27069056034088135, -0.2500719428062439, -0.22945331037044525, -0.2088346779346466, -0.18821604549884796, -0.16759741306304932, -0.14697878062725067, -0.12636014819145203, -0.10574151575565338, -0.08512288331985474, -0.06450425088405609, -0.043885618448257446, -0.0232669860124588, -0.0026484131813049316, 0.017970219254493713, 0.03858885169029236, 0.059207484126091, 0.07982611656188965, 0.1004447489976883, 0.12106338143348694, 0.14168201386928558, 0.16230064630508423, 0.18291927874088287, 0.20353791117668152, 0.22415654361248016, 0.2447751760482788, 0.26539379358291626, 0.2860124409198761, 0.30663108825683594, 0.3272497057914734, 0.34786832332611084, 0.3684869706630707, 0.3891056180000305, 0.40972423553466797, 0.4303428530693054, 0.45096150040626526, 0.4715801477432251, 0.49219876527786255, 0.5128173828125, 0.5334360599517822, 0.5540546774864197, 0.5746732950210571, 0.5952919125556946, 0.615910530090332, 0.6365292072296143, 0.6571478247642517]}, "parameters/value_func.nn.2.bias": {"_type": "histogram", "values": [0.0, 0.0, 0.0, 0.0, 0.0, 0.0, 0.0, 0.0, 0.0, 0.0, 0.0, 0.0, 0.0, 0.0, 0.0, 0.0, 0.0, 0.0, 0.0, 0.0, 0.0, 0.0, 0.0, 0.0, 0.0, 0.0, 0.0, 0.0, 0.0, 0.0, 0.0, 0.0, 1.0, 0.0, 0.0, 0.0, 0.0, 0.0, 0.0, 0.0, 0.0, 0.0, 0.0, 0.0, 0.0, 0.0, 0.0, 0.0, 0.0, 0.0, 0.0, 0.0, 0.0, 0.0, 0.0, 0.0, 0.0, 0.0, 0.0, 0.0, 0.0, 0.0, 0.0, 0.0], "bins": [-0.4440409243106842, -0.4440409243106842, -0.4440409243106842, -0.4440409243106842, -0.4440409243106842, -0.4440409243106842, -0.4440409243106842, -0.4440409243106842, -0.4440409243106842, -0.4440409243106842, -0.4440409243106842, -0.4440409243106842, -0.4440409243106842, -0.4440409243106842, -0.4440409243106842, -0.4440409243106842, -0.4440409243106842, -0.4440409243106842, -0.4440409243106842, -0.4440409243106842, -0.4440409243106842, -0.4440409243106842, -0.4440409243106842, -0.4440409243106842, -0.4440409243106842, -0.4440409243106842, -0.4440409243106842, -0.4440409243106842, -0.4440409243106842, -0.4440409243106842, -0.4440409243106842, -0.4440409243106842, -0.4440409243106842, -0.4440409243106842, -0.4440409243106842, -0.4440409243106842, -0.4440409243106842, -0.4440409243106842, -0.4440409243106842, -0.4440409243106842, -0.4440409243106842, -0.4440409243106842, -0.4440409243106842, -0.4440409243106842, -0.4440409243106842, -0.4440409243106842, -0.4440409243106842, -0.4440409243106842, -0.4440409243106842, -0.4440409243106842, -0.4440409243106842, -0.4440409243106842, -0.4440409243106842, -0.4440409243106842, -0.4440409243106842, -0.4440409243106842, -0.4440409243106842, -0.4440409243106842, -0.4440409243106842, -0.4440409243106842, -0.4440409243106842, -0.4440409243106842, -0.4440409243106842, -0.4440409243106842, -0.4440409243106842]}, "_wandb": {"runtime": 228}}