{"epoch": 251, "loss": 1578947328.0, "_timestamp": 1678300708.4138699, "_runtime": 855.3360729217529, "_step": 250, "parameters/value_func.nn.0.weight": {"_type": "histogram", "values": [1.0, 1.0, 2.0, 2.0, 3.0, 3.0, 3.0, 4.0, 4.0, 2.0, 6.0, 4.0, 8.0, 8.0, 6.0, 3.0, 9.0, 3.0, 7.0, 14.0, 14.0, 11.0, 14.0, 10.0, 15.0, 21.0, 20.0, 19.0, 22.0, 26.0, 18.0, 29.0, 23.0, 37.0, 13.0, 14.0, 14.0, 21.0, 17.0, 21.0, 8.0, 15.0, 12.0, 17.0, 11.0, 9.0, 10.0, 11.0, 9.0, 7.0, 8.0, 7.0, 6.0, 7.0, 6.0, 6.0, 3.0, 3.0, 5.0, 2.0, 3.0, 0.0, 1.0, 2.0], "bins": [-0.9580221772193909, -0.929029107093811, -0.9000359773635864, -0.8710429072380066, -0.8420498371124268, -0.8130567073822021, -0.7840636372566223, -0.7550705671310425, -0.7260774374008179, -0.697084367275238, -0.6680912375450134, -0.6390981674194336, -0.610105037689209, -0.5811119675636292, -0.5521188974380493, -0.5231257677078247, -0.4941326975822449, -0.46513959765434265, -0.43614649772644043, -0.4071534276008606, -0.3781603276729584, -0.34916722774505615, -0.3201741576194763, -0.2911810576915741, -0.2621879577636719, -0.23319485783576965, -0.20420177280902863, -0.1752086877822876, -0.14621558785438538, -0.11722248792648315, -0.08822940289974213, -0.0592363178730011, -0.030243217945098877, -0.0012501254677772522, 0.027742967009544373, 0.056736059486866, 0.08572915196418762, 0.11472225189208984, 0.14371533691883087, 0.1727084219455719, 0.20170152187347412, 0.23069462180137634, 0.25968772172927856, 0.2886807918548584, 0.3176738917827606, 0.34666699171066284, 0.3756600618362427, 0.4046531617641449, 0.4336462616920471, 0.46263936161994934, 0.49163246154785156, 0.5206255316734314, 0.5496186017990112, 0.5786117315292358, 0.6076048016548157, 0.6365978717803955, 0.6655910015106201, 0.6945840716362, 0.7235772013664246, 0.7525702714920044, 0.781563401222229, 0.8105564713478088, 0.8395495414733887, 0.8685426712036133, 0.8975357413291931]}, "parameters/value_func.nn.0.bias": {"_type": "histogram", "values": [1.0, 0.0, 0.0, 0.0, 0.0, 0.0, 0.0, 0.0, 1.0, 0.0, 0.0, 0.0, 2.0, 0.0, 3.0, 0.0, 1.0, 4.0, 0.0, 3.0, 6.0, 2.0, 3.0, 5.0, 4.0, 6.0, 11.0, 3.0, 4.0, 8.0, 3.0, 5.0, 4.0, 2.0, 6.0, 3.0, 4.0, 5.0, 4.0, 3.0, 3.0, 5.0, 0.0, 1.0, 2.0, 1.0, 2.0, 1.0, 1.0, 1.0, 0.0, 2.0, 0.0, 0.0, 0.0, 0.0, 0.0, 0.0, 1.0, 0.0, 0.0, 0.0, 1.0, 1.0], "bins": [-0.5958849191665649, -0.5771777629852295, -0.5584705471992493, -0.539763331413269, -0.5210561752319336, -0.5023490190505981, -0.4836418032646179, -0.4649346172809601, -0.44622743129730225, -0.4275202453136444, -0.4088130593299866, -0.39010587334632874, -0.3713986873626709, -0.35269150137901306, -0.3339843153953552, -0.3152771294116974, -0.29656994342803955, -0.2778627574443817, -0.2591555714607239, -0.24044838547706604, -0.2217411994934082, -0.20303401350975037, -0.18432682752609253, -0.1656196415424347, -0.14691245555877686, -0.12820526957511902, -0.10949808359146118, -0.09079089760780334, -0.07208371162414551, -0.05337652564048767, -0.034669339656829834, -0.015962153673171997, 0.00274503231048584, 0.021452218294143677, 0.040159404277801514, 0.05886659026145935, 0.07757377624511719, 0.09628096222877502, 0.11498814821243286, 0.1336953341960907, 0.15240252017974854, 0.17110970616340637, 0.1898168921470642, 0.20852407813072205, 0.22723126411437988, 0.24593845009803772, 0.26464563608169556, 0.2833528220653534, 0.30206000804901123, 0.32076719403266907, 0.3394743800163269, 0.35818156599998474, 0.3768887519836426, 0.3955959379673004, 0.41430312395095825, 0.4330103099346161, 0.4517174959182739, 0.47042468190193176, 0.4891318678855896, 0.5078390836715698, 0.5265462398529053, 0.5452533960342407, 0.563960611820221, 0.5826678276062012, 0.6013749837875366]}, "parameters/value_func.nn.2.weight": {"_type": "histogram", "values": [3.0, 1.0, 2.0, 6.0, 1.0, 2.0, 4.0, 2.0, 2.0, 1.0, 2.0, 2.0, 3.0, 5.0, 2.0, 3.0, 2.0, 1.0, 2.0, 0.0, 0.0, 0.0, 2.0, 2.0, 0.0, 0.0, 3.0, 3.0, 0.0, 2.0, 2.0, 1.0, 0.0, 2.0, 2.0, 3.0, 1.0, 2.0, 2.0, 1.0, 4.0, 2.0, 5.0, 2.0, 2.0, 6.0, 5.0, 4.0, 4.0, 4.0, 0.0, 1.0, 0.0, 1.0, 3.0, 3.0, 2.0, 2.0, 1.0, 0.0, 0.0, 0.0, 1.0, 2.0], "bins": [-0.7789226174354553, -0.7530277371406555, -0.7271327972412109, -0.7012379169464111, -0.6753430366516113, -0.6494480967521667, -0.6235532164573669, -0.5976582765579224, -0.5717633962631226, -0.5458685159683228, -0.5199735760688782, -0.49407869577407837, -0.4681837856769562, -0.442288875579834, -0.4163939952850342, -0.390499085187912, -0.3646041750907898, -0.3387092649936676, -0.3128143548965454, -0.2869194746017456, -0.2610245645046234, -0.23512965440750122, -0.20923475921154022, -0.18333986401557922, -0.15744495391845703, -0.13155004382133484, -0.10565514862537384, -0.07976024597883224, -0.05386534333229065, -0.027970433235168457, -0.0020755380392074585, 0.02381935715675354, 0.04971432685852051, 0.0756092295050621, 0.1015041321516037, 0.1273990273475647, 0.1532939374446869, 0.17918884754180908, 0.20508374273777008, 0.23097863793373108, 0.25687354803085327, 0.28276845812797546, 0.30866336822509766, 0.33455824851989746, 0.36045315861701965, 0.38634806871414185, 0.41224294900894165, 0.43813785910606384, 0.46403276920318604, 0.4899276793003082, 0.5158225893974304, 0.5417174696922302, 0.5676124095916748, 0.5935072898864746, 0.6194021701812744, 0.6452970504760742, 0.6711919903755188, 0.6970868706703186, 0.7229818105697632, 0.748876690864563, 0.7747715711593628, 0.8006665110588074, 0.8265613913536072, 0.8524563312530518, 0.8783512115478516]}, "parameters/value_func.nn.2.bias": {"_type": "histogram", "values": [0.0, 0.0, 0.0, 0.0, 0.0, 0.0, 0.0, 0.0, 0.0, 0.0, 0.0, 0.0, 0.0, 0.0, 0.0, 0.0, 0.0, 0.0, 0.0, 0.0, 0.0, 0.0, 0.0, 0.0, 0.0, 0.0, 0.0, 0.0, 0.0, 0.0, 0.0, 0.0, 1.0, 0.0, 0.0, 0.0, 0.0, 0.0, 0.0, 0.0, 0.0, 0.0, 0.0, 0.0, 0.0, 0.0, 0.0, 0.0, 0.0, 0.0, 0.0, 0.0, 0.0, 0.0, 0.0, 0.0, 0.0, 0.0, 0.0, 0.0, 0.0, 0.0, 0.0, 0.0], "bins": [0.0, 0.0, 0.0, 0.0, 0.0, 0.0, 0.0, 0.0, 0.0, 0.0, 0.0, 0.0, 0.0, 0.0, 0.0, 0.0, 0.0, 0.0, 0.0, 0.0, 0.0, 0.0, 0.0, 0.0, 0.0, 0.0, 0.0, 0.0, 0.0, 0.0, 0.0, 0.0, 0.0, 0.0, 0.0, 0.0, 0.0, 0.0, 0.0, 0.0, 0.0, 0.0, 0.0, 0.0, 0.0, 0.0, 0.0, 0.0, 0.0, 0.0, 0.0, 0.0, 0.0, 0.0, 0.0, 0.0, 0.0, 0.0, 0.0, 0.0, 0.0, 0.0, 0.0, 0.0, 0.0]}, "_wandb": {"runtime": 864}}