{"epoch": 1, "loss": 1527347412992.0, "_timestamp": 1678305489.1202137, "_runtime": 77.21603965759277, "_step": 0}