{"epoch": 500, "loss": 160379584512.0, "_timestamp": 1678303073.0402367, "_runtime": 1513.3636927604675, "_step": 499, "parameters/value_func.nn.0.weight": {"_type": "histogram", "values": [1.0, 1.0, 1.0, 1.0, 2.0, 1.0, 0.0, 3.0, 5.0, 3.0, 1.0, 5.0, 2.0, 4.0, 4.0, 2.0, 8.0, 12.0, 9.0, 5.0, 11.0, 14.0, 16.0, 5.0, 15.0, 20.0, 22.0, 28.0, 18.0, 21.0, 32.0, 31.0, 25.0, 29.0, 31.0, 27.0, 25.0, 28.0, 23.0, 24.0, 16.0, 14.0, 9.0, 10.0, 6.0, 10.0, 14.0, 7.0, 8.0, 5.0, 7.0, 3.0, 4.0, 2.0, 1.0, 0.0, 2.0, 0.0, 1.0, 2.0, 1.0, 1.0, 0.0, 2.0], "bins": [-1.3934836387634277, -1.3507746458053589, -1.30806565284729, -1.2653566598892212, -1.2226476669311523, -1.179938554763794, -1.137229561805725, -1.0945205688476562, -1.0518115758895874, -1.0091025829315186, -0.9663935899734497, -0.9236845374107361, -0.8809755444526672, -0.8382665514945984, -0.7955574989318848, -0.7528485059738159, -0.7101395130157471, -0.6674305200576782, -0.6247215270996094, -0.5820124745368958, -0.5393034815788269, -0.49659448862075806, -0.4538854658603668, -0.4111764430999756, -0.36846745014190674, -0.3257584571838379, -0.28304943442344666, -0.2403404265642166, -0.19763141870498657, -0.15492241084575653, -0.11221340298652649, -0.06950438022613525, -0.026795268058776855, 0.015913739800453186, 0.05862274765968323, 0.10133175551891327, 0.1440407633781433, 0.18674977123737335, 0.2294587790966034, 0.27216780185699463, 0.3148767948150635, 0.3575857877731323, 0.40029481053352356, 0.4430038332939148, 0.48571282625198364, 0.5284218192100525, 0.5711308717727661, 0.613839864730835, 0.6565488576889038, 0.6992578506469727, 0.7419668436050415, 0.7846758961677551, 0.827384889125824, 0.8700938820838928, 0.9128029346466064, 0.9555119276046753, 0.9982209205627441, 1.040929913520813, 1.0836389064788818, 1.1263478994369507, 1.1690568923950195, 1.211766004562378, 1.2544749975204468, 1.2971839904785156, 1.3398929834365845]}, "parameters/value_func.nn.0.bias": {"_type": "histogram", "values": [1.0, 3.0, 2.0, 3.0, 2.0, 3.0, 1.0, 1.0, 3.0, 2.0, 1.0, 5.0, 0.0, 2.0, 1.0, 3.0, 0.0, 1.0, 1.0, 1.0, 4.0, 3.0, 1.0, 4.0, 6.0, 3.0, 2.0, 2.0, 2.0, 4.0, 8.0, 6.0, 1.0, 3.0, 2.0, 5.0, 4.0, 2.0, 0.0, 3.0, 1.0, 2.0, 1.0, 3.0, 3.0, 2.0, 4.0, 2.0, 2.0, 0.0, 1.0, 2.0, 1.0, 0.0, 1.0, 0.0, 0.0, 0.0, 0.0, 1.0, 0.0, 0.0, 0.0, 1.0], "bins": [-0.6486801505088806, -0.6249120831489563, -0.6011439561843872, -0.5773758888244629, -0.5536077618598938, -0.5298396944999695, -0.5060715675354004, -0.4823035001754761, -0.45853540301322937, -0.43476730585098267, -0.41099920868873596, -0.38723111152648926, -0.36346304416656494, -0.33969491720199585, -0.31592684984207153, -0.29215875267982483, -0.2683906555175781, -0.24462255835533142, -0.22085446119308472, -0.1970863789319992, -0.1733182817697525, -0.1495501846075058, -0.1257821023464203, -0.10201400518417358, -0.07824590802192688, -0.054477814584970474, -0.03070972114801407, -0.006941631436347961, 0.016826465725898743, 0.04059456288814545, 0.06436264514923096, 0.08813074231147766, 0.11189883947372437, 0.13566693663597107, 0.15943503379821777, 0.18320311605930328, 0.20697121322155, 0.2307393103837967, 0.2545073926448822, 0.2782754898071289, 0.3020435869693756, 0.3258116841316223, 0.349579781293869, 0.3733478784561157, 0.39711594581604004, 0.42088407278060913, 0.44465214014053345, 0.46842023730278015, 0.49218833446502686, 0.5159564018249512, 0.5397245287895203, 0.5634925961494446, 0.5872607231140137, 0.611028790473938, 0.6347968578338623, 0.6585649847984314, 0.6823331117630005, 0.7061011791229248, 0.7298693060874939, 0.7536373734474182, 0.7774055004119873, 0.8011735677719116, 0.8249416351318359, 0.848709762096405, 0.8724778294563293]}, "parameters/value_func.nn.2.weight": {"_type": "histogram", "values": [1.0, 0.0, 1.0, 0.0, 0.0, 0.0, 1.0, 0.0, 1.0, 1.0, 4.0, 0.0, 2.0, 0.0, 2.0, 1.0, 2.0, 1.0, 4.0, 0.0, 7.0, 9.0, 9.0, 14.0, 4.0, 5.0, 3.0, 0.0, 1.0, 4.0, 5.0, 1.0, 6.0, 2.0, 0.0, 2.0, 1.0, 0.0, 2.0, 0.0, 0.0, 0.0, 0.0, 0.0, 1.0, 0.0, 0.0, 0.0, 2.0, 0.0, 0.0, 3.0, 3.0, 2.0, 2.0, 0.0, 4.0, 4.0, 2.0, 1.0, 3.0, 2.0, 2.0, 1.0], "bins": [-1.1115280389785767, -1.0742943286895752, -1.0370606184005737, -0.9998268485069275, -0.9625930786132812, -0.9253593683242798, -0.8881256580352783, -0.8508919477462769, -0.8136581778526306, -0.7764244675636292, -0.7391906976699829, -0.7019569873809814, -0.66472327709198, -0.6274895071983337, -0.5902557969093323, -0.553022027015686, -0.5157883167266846, -0.4785545766353607, -0.44132083654403687, -0.4040871262550354, -0.36685338616371155, -0.3296196460723877, -0.29238593578338623, -0.2551521956920624, -0.21791845560073853, -0.18068471550941467, -0.14345099031925201, -0.10621725767850876, -0.0689835250377655, -0.03174978494644165, 0.005483940243721008, 0.04271766543388367, 0.07995128631591797, 0.11718501895666122, 0.15441875159740448, 0.19165247678756714, 0.228886216878891, 0.26611995697021484, 0.3033536672592163, 0.34058740735054016, 0.377821147441864, 0.41505488753318787, 0.4522886276245117, 0.4895223379135132, 0.5267560482025146, 0.5639898180961609, 0.6012235283851624, 0.6384572982788086, 0.6756910085678101, 0.7129247188568115, 0.7501584887504578, 0.7873921990394592, 0.8246259689331055, 0.8618596792221069, 0.8990933895111084, 0.9363270998001099, 0.9735608696937561, 1.0107946395874023, 1.0480283498764038, 1.0852620601654053, 1.1224957704544067, 1.1597294807434082, 1.1969633102416992, 1.2341970205307007, 1.2714307308197021]}, "parameters/value_func.nn.2.bias": {"_type": "histogram", "values": [0.0, 0.0, 0.0, 0.0, 0.0, 0.0, 0.0, 0.0, 0.0, 0.0, 0.0, 0.0, 0.0, 0.0, 0.0, 0.0, 0.0, 0.0, 0.0, 0.0, 0.0, 0.0, 0.0, 0.0, 0.0, 0.0, 0.0, 0.0, 0.0, 0.0, 0.0, 0.0, 1.0, 0.0, 0.0, 0.0, 0.0, 0.0, 0.0, 0.0, 0.0, 0.0, 0.0, 0.0, 0.0, 0.0, 0.0, 0.0, 0.0, 0.0, 0.0, 0.0, 0.0, 0.0, 0.0, 0.0, 0.0, 0.0, 0.0, 0.0, 0.0, 0.0, 0.0, 0.0], "bins": [0.0, 0.0, 0.0, 0.0, 0.0, 0.0, 0.0, 0.0, 0.0, 0.0, 0.0, 0.0, 0.0, 0.0, 0.0, 0.0, 0.0, 0.0, 0.0, 0.0, 0.0, 0.0, 0.0, 0.0, 0.0, 0.0, 0.0, 0.0, 0.0, 0.0, 0.0, 0.0, 0.0, 0.0, 0.0, 0.0, 0.0, 0.0, 0.0, 0.0, 0.0, 0.0, 0.0, 0.0, 0.0, 0.0, 0.0, 0.0, 0.0, 0.0, 0.0, 0.0, 0.0, 0.0, 0.0, 0.0, 0.0, 0.0, 0.0, 0.0, 0.0, 0.0, 0.0, 0.0, 0.0]}, "_wandb": {"runtime": 1512}}