{"epoch": 41, "loss": 473678675968.0, "_timestamp": 1678305759.9941678, "_runtime": 160.9181957244873, "_step": 41, "parameters/value_func.nn.0.weight": {"_type": "histogram", "values": [1.0, 0.0, 1.0, 4.0, 0.0, 0.0, 5.0, 7.0, 5.0, 9.0, 5.0, 6.0, 3.0, 6.0, 8.0, 11.0, 6.0, 5.0, 8.0, 4.0, 8.0, 5.0, 16.0, 12.0, 15.0, 20.0, 23.0, 17.0, 19.0, 23.0, 22.0, 20.0, 20.0, 14.0, 24.0, 13.0, 18.0, 20.0, 10.0, 19.0, 20.0, 17.0, 24.0, 10.0, 9.0, 13.0, 10.0, 12.0, 8.0, 12.0, 5.0, 7.0, 10.0, 6.0, 4.0, 5.0, 8.0, 5.0, 8.0, 2.0, 4.0, 5.0, 2.0, 2.0], "bins": [-0.37293604016304016, -0.3619847595691681, -0.3510335087776184, -0.34008222818374634, -0.32913094758987427, -0.3181796669960022, -0.3072284162044525, -0.29627713561058044, -0.2853258550167084, -0.2743745744228363, -0.2634233236312866, -0.25247204303741455, -0.24152076244354248, -0.2305694967508316, -0.21961823105812073, -0.20866695046424866, -0.19771568477153778, -0.1867644190788269, -0.17581313848495483, -0.16486187279224396, -0.1539105921983719, -0.142959326505661, -0.13200804591178894, -0.12105678021907806, -0.11010550707578659, -0.09915423393249512, -0.08820296078920364, -0.07725168764591217, -0.0663004219532013, -0.05534914508461952, -0.04439787566661835, -0.033446602523326874, -0.0224953293800354, -0.011544057168066502, -0.0005927849560976028, 0.010358486324548721, 0.021309759467840195, 0.03226103261113167, 0.04321230202913284, 0.054163575172424316, 0.06511484831571579, 0.07606612145900726, 0.08701739460229874, 0.09796866774559021, 0.10891993343830109, 0.11987121403217316, 0.13082247972488403, 0.1417737603187561, 0.15272502601146698, 0.16367629170417786, 0.17462757229804993, 0.1855788379907608, 0.19653011858463287, 0.20748138427734375, 0.21843266487121582, 0.2293839305639267, 0.24033519625663757, 0.25128647685050964, 0.2622377276420593, 0.2731890082359314, 0.28414028882980347, 0.29509156942367554, 0.3060428202152252, 0.3169941008090973, 0.32794538140296936]}, "parameters/value_func.nn.0.bias": {"_type": "histogram", "values": [1.0, 0.0, 0.0, 0.0, 1.0, 1.0, 0.0, 1.0, 2.0, 7.0, 1.0, 0.0, 6.0, 4.0, 4.0, 2.0, 1.0, 6.0, 7.0, 2.0, 1.0, 5.0, 3.0, 2.0, 3.0, 5.0, 0.0, 1.0, 1.0, 3.0, 2.0, 1.0, 1.0, 1.0, 1.0, 0.0, 2.0, 1.0, 1.0, 1.0, 3.0, 1.0, 1.0, 2.0, 1.0, 2.0, 4.0, 4.0, 5.0, 10.0, 3.0, 2.0, 2.0, 0.0, 0.0, 2.0, 2.0, 1.0, 1.0, 0.0, 0.0, 0.0, 0.0, 1.0], "bins": [-0.1375395655632019, -0.13310235738754272, -0.12866514921188354, -0.12422793358564377, -0.11979072540998459, -0.11535351723432541, -0.11091630160808563, -0.10647909343242645, -0.10204188525676727, -0.0976046770811081, -0.09316746890544891, -0.08873025327920914, -0.08429304510354996, -0.07985583692789078, -0.075418621301651, -0.07098141312599182, -0.06654420495033264, -0.06210699677467346, -0.057669784873723984, -0.053232572972774506, -0.048795364797115326, -0.044358156621456146, -0.03992094472050667, -0.03548373281955719, -0.03104652464389801, -0.02660931460559368, -0.022172104567289352, -0.017734894528985023, -0.013297684490680695, -0.008860474452376366, -0.004423264414072037, 1.3945624232292175e-05, 0.004451140761375427, 0.008888350799679756, 0.013325560837984085, 0.017762770876288414, 0.022199980914592743, 0.026637190952897072, 0.0310744009912014, 0.03551161289215088, 0.03994882106781006, 0.04438602924346924, 0.048823241144418716, 0.053260453045368195, 0.057697661221027374, 0.062134869396686554, 0.06657208502292633, 0.07100929319858551, 0.07544650137424469, 0.07988370954990387, 0.08432091772556305, 0.08875813335180283, 0.093195341527462, 0.09763254970312119, 0.10206976532936096, 0.10650697350502014, 0.11094418168067932, 0.1153813898563385, 0.11981859803199768, 0.12425581365823746, 0.12869301438331604, 0.1331302374601364, 0.1375674456357956, 0.14200465381145477, 0.14644186198711395]}, "parameters/value_func.nn.2.weight": {"_type": "histogram", "values": [2.0, 0.0, 1.0, 2.0, 0.0, 2.0, 1.0, 6.0, 3.0, 0.0, 6.0, 4.0, 3.0, 3.0, 3.0, 2.0, 2.0, 0.0, 2.0, 7.0, 0.0, 1.0, 3.0, 4.0, 3.0, 0.0, 2.0, 4.0, 2.0, 3.0, 2.0, 1.0, 1.0, 3.0, 4.0, 3.0, 2.0, 4.0, 0.0, 0.0, 2.0, 4.0, 2.0, 2.0, 4.0, 0.0, 1.0, 1.0, 1.0, 3.0, 1.0, 2.0, 2.0, 0.0, 0.0, 2.0, 1.0, 0.0, 0.0, 1.0, 3.0, 0.0, 1.0, 4.0], "bins": [-0.2891142666339874, -0.28036627173423767, -0.2716182470321655, -0.26287025213241577, -0.254122257232666, -0.24537423253059387, -0.23662623763084412, -0.22787822782993317, -0.21913021802902222, -0.21038220822811127, -0.20163419842720032, -0.19288620352745056, -0.1841381937265396, -0.17539018392562866, -0.1666421890258789, -0.15789417922496796, -0.149146169424057, -0.14039815962314606, -0.1316501498222351, -0.12290215492248535, -0.1141541451215744, -0.10540613532066345, -0.0966581329703331, -0.08791013062000275, -0.0791621208190918, -0.07041411101818085, -0.061666108667850494, -0.05291810259222984, -0.04417009651660919, -0.03542209044098854, -0.02667408436536789, -0.017926078289747238, -0.0091780424118042, -0.000430036336183548, 0.008317969739437103, 0.017065975815057755, 0.025813981890678406, 0.03456198796629906, 0.04330999404191971, 0.05205800011754036, 0.06080600619316101, 0.06955401599407196, 0.07830201834440231, 0.08705002069473267, 0.09579803049564362, 0.10454604029655457, 0.11329404264688492, 0.12204204499721527, 0.13079005479812622, 0.13953806459903717, 0.14828607439994812, 0.15703406929969788, 0.16578207910060883, 0.17453008890151978, 0.18327808380126953, 0.19202609360218048, 0.20077410340309143, 0.20952211320400238, 0.21827012300491333, 0.22701811790466309, 0.23576612770557404, 0.24451413750648499, 0.25326213240623474, 0.2620101571083069, 0.27075815200805664]}, "parameters/value_func.nn.2.bias": {"_type": "histogram", "values": [0.0, 0.0, 0.0, 0.0, 0.0, 0.0, 0.0, 0.0, 0.0, 0.0, 0.0, 0.0, 0.0, 0.0, 0.0, 0.0, 0.0, 0.0, 0.0, 0.0, 0.0, 0.0, 0.0, 0.0, 0.0, 0.0, 0.0, 0.0, 0.0, 0.0, 0.0, 0.0, 1.0, 0.0, 0.0, 0.0, 0.0, 0.0, 0.0, 0.0, 0.0, 0.0, 0.0, 0.0, 0.0, 0.0, 0.0, 0.0, 0.0, 0.0, 0.0, 0.0, 0.0, 0.0, 0.0, 0.0, 0.0, 0.0, 0.0, 0.0, 0.0, 0.0, 0.0, 0.0], "bins": [0.0, 0.0, 0.0, 0.0, 0.0, 0.0, 0.0, 0.0, 0.0, 0.0, 0.0, 0.0, 0.0, 0.0, 0.0, 0.0, 0.0, 0.0, 0.0, 0.0, 0.0, 0.0, 0.0, 0.0, 0.0, 0.0, 0.0, 0.0, 0.0, 0.0, 0.0, 0.0, 0.0, 0.0, 0.0, 0.0, 0.0, 0.0, 0.0, 0.0, 0.0, 0.0, 0.0, 0.0, 0.0, 0.0, 0.0, 0.0, 0.0, 0.0, 0.0, 0.0, 0.0, 0.0, 0.0, 0.0, 0.0, 0.0, 0.0, 0.0, 0.0, 0.0, 0.0, 0.0, 0.0]}, "_wandb": {"runtime": 160}}