{"epoch": 56, "loss": 6972955136.0, "_timestamp": 1678387535.1830428, "_runtime": 76.51264882087708, "_step": 54, "parameters/value_func.nn.0.weight": {"_type": "histogram", "values": [1.0, 1.0, 1.0, 6.0, 5.0, 1.0, 4.0, 9.0, 2.0, 10.0, 7.0, 8.0, 7.0, 8.0, 4.0, 4.0, 7.0, 12.0, 10.0, 10.0, 13.0, 17.0, 9.0, 11.0, 17.0, 21.0, 18.0, 23.0, 17.0, 17.0, 22.0, 19.0, 28.0, 30.0, 30.0, 18.0, 22.0, 17.0, 21.0, 16.0, 14.0, 14.0, 9.0, 4.0, 16.0, 10.0, 6.0, 4.0, 8.0, 5.0, 3.0, 8.0, 8.0, 3.0, 6.0, 3.0, 3.0, 2.0, 2.0, 2.0, 2.0, 2.0, 2.0, 1.0], "bins": [-0.5578480958938599, -0.5403984785079956, -0.5229488611221313, -0.5054993033409119, -0.4880496859550476, -0.47060006856918335, -0.4531504511833191, -0.43570083379745483, -0.41825124621391296, -0.4008016288280487, -0.38335204124450684, -0.3659024238586426, -0.3484528064727783, -0.33100321888923645, -0.3135536015033722, -0.2961040139198303, -0.27865439653396606, -0.2612047791481018, -0.24375519156455994, -0.22630557417869568, -0.20885597169399261, -0.19140636920928955, -0.1739567518234253, -0.15650714933872223, -0.13905754685401917, -0.1216079443693161, -0.10415833443403244, -0.08670872449874878, -0.06925912201404572, -0.05180951952934265, -0.03435990959405899, -0.01691029965877533, 0.0005393624305725098, 0.017988968640565872, 0.035438574850559235, 0.0528881810605526, 0.07033778727054596, 0.08778738975524902, 0.10523699969053268, 0.12268660962581635, 0.1401362121105194, 0.15758581459522247, 0.17503541707992554, 0.1924850344657898, 0.20993463695049286, 0.22738423943519592, 0.24483385682106018, 0.26228344440460205, 0.2797330617904663, 0.29718267917633057, 0.31463226675987244, 0.3320818841457367, 0.34953147172927856, 0.3669810891151428, 0.3844307065010071, 0.40188032388687134, 0.4193299114704132, 0.43677952885627747, 0.45422911643981934, 0.4716787338256836, 0.48912835121154785, 0.5065779685974121, 0.5240275263786316, 0.5414771437644958, 0.5589267611503601]}, "parameters/value_func.nn.0.bias": {"_type": "histogram", "values": [1.0, 0.0, 0.0, 0.0, 1.0, 0.0, 0.0, 2.0, 0.0, 1.0, 3.0, 1.0, 2.0, 3.0, 1.0, 8.0, 4.0, 2.0, 6.0, 2.0, 1.0, 3.0, 6.0, 4.0, 1.0, 2.0, 2.0, 5.0, 2.0, 5.0, 0.0, 4.0, 4.0, 2.0, 3.0, 5.0, 9.0, 4.0, 3.0, 2.0, 1.0, 2.0, 1.0, 2.0, 3.0, 3.0, 1.0, 1.0, 1.0, 0.0, 0.0, 1.0, 0.0, 1.0, 1.0, 0.0, 0.0, 2.0, 1.0, 0.0, 1.0, 0.0, 1.0, 1.0], "bins": [-0.359822154045105, -0.3484528958797455, -0.337083637714386, -0.3257143497467041, -0.3143450915813446, -0.3029758334159851, -0.2916065752506256, -0.2802373170852661, -0.26886802911758423, -0.25749877095222473, -0.24612949788570404, -0.23476023972034454, -0.22339096665382385, -0.21202170848846436, -0.20065245032310486, -0.18928317725658417, -0.17791391909122467, -0.16654466092586517, -0.15517538785934448, -0.14380612969398499, -0.1324368566274643, -0.1210675984621048, -0.1096983328461647, -0.09832906723022461, -0.08695980161428452, -0.07559053599834442, -0.06422127038240433, -0.05285200849175453, -0.04148274287581444, -0.030113477259874344, -0.01874421536922455, -0.007374949753284454, 0.00399431586265564, 0.015363580547273159, 0.02673284523189068, 0.03810210898518562, 0.04947137460112572, 0.06084064021706581, 0.0722099021077156, 0.0835791677236557, 0.0949484333395958, 0.10631769895553589, 0.11768696457147598, 0.12905623018741608, 0.14042548835277557, 0.15179476141929626, 0.16316401958465576, 0.17453327775001526, 0.18590255081653595, 0.19727180898189545, 0.20864108204841614, 0.22001034021377563, 0.23137961328029633, 0.24274887144565582, 0.2541181445121765, 0.265487402677536, 0.2768566608428955, 0.288225919008255, 0.2995951771736145, 0.3109644651412964, 0.3223337233066559, 0.3337029814720154, 0.3450722396373749, 0.3564414978027344, 0.36781078577041626]}, "parameters/value_func.nn.2.weight": {"_type": "histogram", "values": [1.0, 1.0, 0.0, 1.0, 0.0, 3.0, 1.0, 3.0, 2.0, 1.0, 3.0, 5.0, 11.0, 2.0, 2.0, 4.0, 6.0, 4.0, 5.0, 3.0, 3.0, 2.0, 4.0, 1.0, 1.0, 1.0, 1.0, 4.0, 1.0, 2.0, 1.0, 2.0, 0.0, 4.0, 0.0, 2.0, 2.0, 3.0, 2.0, 2.0, 2.0, 1.0, 2.0, 3.0, 2.0, 0.0, 1.0, 3.0, 1.0, 2.0, 0.0, 3.0, 3.0, 1.0, 2.0, 2.0, 0.0, 0.0, 0.0, 0.0, 1.0, 1.0, 0.0, 2.0], "bins": [-0.5537651777267456, -0.5396894812583923, -0.5256137847900391, -0.5115380883216858, -0.4974624216556549, -0.483386754989624, -0.46931105852127075, -0.4552353620529175, -0.4411596655845642, -0.42708396911621094, -0.41300830245018005, -0.3989326059818268, -0.3848569095134735, -0.3707812428474426, -0.35670554637908936, -0.3426298499107361, -0.3285541534423828, -0.31447845697402954, -0.30040279030799866, -0.2863270938396454, -0.2722513973712921, -0.25817573070526123, -0.24410003423690796, -0.2300243377685547, -0.2159486711025238, -0.20187298953533173, -0.18779729306697845, -0.17372161149978638, -0.1596459150314331, -0.14557023346424103, -0.13149455189704895, -0.11741885542869568, -0.10334315896034241, -0.08926746994256973, -0.07519178092479706, -0.06111609563231468, -0.04704040661454201, -0.03296472132205963, -0.018889032304286957, -0.004813343286514282, 0.009262345731258392, 0.023338034749031067, 0.03741372376680374, 0.05148940905928612, 0.0655650943517685, 0.07964078336954117, 0.09371647238731384, 0.10779216140508652, 0.12186785042285919, 0.13594353199005127, 0.15001922845840454, 0.16409491002559662, 0.1781706064939499, 0.19224628806114197, 0.20632198452949524, 0.22039766609668732, 0.2344733476638794, 0.24854902923107147, 0.26262471079826355, 0.2767004072666168, 0.2907761037349701, 0.304851770401001, 0.31892746686935425, 0.3330031633377075, 0.3470788598060608]}, "parameters/value_func.nn.2.bias": {"_type": "histogram", "values": [0.0, 0.0, 0.0, 0.0, 0.0, 0.0, 0.0, 0.0, 0.0, 0.0, 0.0, 0.0, 0.0, 0.0, 0.0, 0.0, 0.0, 0.0, 0.0, 0.0, 0.0, 0.0, 0.0, 0.0, 0.0, 0.0, 0.0, 0.0, 0.0, 0.0, 0.0, 0.0, 1.0, 0.0, 0.0, 0.0, 0.0, 0.0, 0.0, 0.0, 0.0, 0.0, 0.0, 0.0, 0.0, 0.0, 0.0, 0.0, 0.0, 0.0, 0.0, 0.0, 0.0, 0.0, 0.0, 0.0, 0.0, 0.0, 0.0, 0.0, 0.0, 0.0, 0.0, 0.0], "bins": [-0.15390633046627045, -0.15390633046627045, -0.15390633046627045, -0.15390633046627045, -0.15390633046627045, -0.15390633046627045, -0.15390633046627045, -0.15390633046627045, -0.15390633046627045, -0.15390633046627045, -0.15390633046627045, -0.15390633046627045, -0.15390633046627045, -0.15390633046627045, -0.15390633046627045, -0.15390633046627045, -0.15390633046627045, -0.15390633046627045, -0.15390633046627045, -0.15390633046627045, -0.15390633046627045, -0.15390633046627045, -0.15390633046627045, -0.15390633046627045, -0.15390633046627045, -0.15390633046627045, -0.15390633046627045, -0.15390633046627045, -0.15390633046627045, -0.15390633046627045, -0.15390633046627045, -0.15390633046627045, -0.15390633046627045, -0.15390633046627045, -0.15390633046627045, -0.15390633046627045, -0.15390633046627045, -0.15390633046627045, -0.15390633046627045, -0.15390633046627045, -0.15390633046627045, -0.15390633046627045, -0.15390633046627045, -0.15390633046627045, -0.15390633046627045, -0.15390633046627045, -0.15390633046627045, -0.15390633046627045, -0.15390633046627045, -0.15390633046627045, -0.15390633046627045, -0.15390633046627045, -0.15390633046627045, -0.15390633046627045, -0.15390633046627045, -0.15390633046627045, -0.15390633046627045, -0.15390633046627045, -0.15390633046627045, -0.15390633046627045, -0.15390633046627045, -0.15390633046627045, -0.15390633046627045, -0.15390633046627045, -0.15390633046627045]}, "_wandb": {"runtime": 73}}