{"epoch": 1, "loss": 3996171264.0, "_timestamp": 1678297453.1213067, "_runtime": 18.132229566574097, "_step": 1, "parameters/value_func.nn.0.weight": {"_type": "histogram", "values": [2.0, 0.0, 0.0, 2.0, 2.0, 6.0, 2.0, 4.0, 3.0, 6.0, 2.0, 6.0, 10.0, 8.0, 10.0, 9.0, 4.0, 12.0, 11.0, 9.0, 9.0, 25.0, 16.0, 18.0, 14.0, 14.0, 10.0, 23.0, 24.0, 22.0, 26.0, 28.0, 27.0, 24.0, 24.0, 28.0, 12.0, 23.0, 20.0, 18.0, 15.0, 16.0, 12.0, 12.0, 9.0, 10.0, 7.0, 6.0, 6.0, 5.0, 4.0, 6.0, 1.0, 7.0, 3.0, 2.0, 0.0, 2.0, 0.0, 1.0, 0.0, 1.0, 1.0, 1.0], "bins": [-0.33990731835365295, -0.3286771774291992, -0.31744706630706787, -0.30621692538261414, -0.2949867844581604, -0.28375664353370667, -0.27252650260925293, -0.2612963914871216, -0.25006625056266785, -0.2388361096382141, -0.22760598361492157, -0.21637585759162903, -0.2051457166671753, -0.19391557574272156, -0.18268544971942902, -0.17145532369613647, -0.16022518277168274, -0.148995041847229, -0.13776491582393646, -0.12653478980064392, -0.11530464887619019, -0.10407451540231705, -0.09284438192844391, -0.08161424845457077, -0.07038411498069763, -0.05915398150682449, -0.047923848032951355, -0.03669371455907822, -0.025463581085205078, -0.01423344761133194, -0.0030033141374588013, 0.008226819336414337, 0.019456982612609863, 0.030687116086483, 0.04191724956035614, 0.05314738303422928, 0.06437751650810242, 0.07560764998197556, 0.0868377834558487, 0.09806791692972183, 0.10929805040359497, 0.12052818387746811, 0.13175831735134125, 0.1429884433746338, 0.15421858429908752, 0.16544872522354126, 0.1766788512468338, 0.18790897727012634, 0.19913911819458008, 0.2103692591190338, 0.22159938514232635, 0.2328295111656189, 0.24405965209007263, 0.25528979301452637, 0.2665199041366577, 0.27775004506111145, 0.2889801859855652, 0.3002103269100189, 0.31144046783447266, 0.322670578956604, 0.33390071988105774, 0.3451308608055115, 0.3563609719276428, 0.36759111285209656, 0.3788212537765503]}, "parameters/value_func.nn.0.bias": {"_type": "histogram", "values": [69.0, 0.0, 0.0, 0.0, 0.0, 0.0, 0.0, 0.0, 0.0, 0.0, 0.0, 0.0, 0.0, 0.0, 0.0, 0.0, 0.0, 0.0, 0.0, 0.0, 0.0, 0.0, 0.0, 0.0, 0.0, 0.0, 0.0, 0.0, 0.0, 0.0, 0.0, 0.0, 0.0, 0.0, 0.0, 0.0, 0.0, 0.0, 0.0, 0.0, 0.0, 0.0, 0.0, 0.0, 0.0, 0.0, 0.0, 0.0, 0.0, 0.0, 0.0, 0.0, 0.0, 0.0, 0.0, 0.0, 0.0, 0.0, 0.0, 0.0, 0.0, 0.0, 0.0, 59.0], "bins": [-0.004000000189989805, -0.0038750001695007086, -0.003750000149011612, -0.0036250001285225153, -0.0035000001080334187, -0.003375000087544322, -0.0032500000670552254, -0.0031250002793967724, -0.003000000026077032, -0.0028750000055879354, -0.002749999985098839, -0.002624999964609742, -0.0024999999441206455, -0.002374999923631549, -0.0022499999031424522, -0.0021250001154839993, -0.0020000000949949026, -0.001875000074505806, -0.0017500000540167093, -0.0016250000335276127, -0.001500000013038516, -0.0013749999925494194, -0.0012500000884756446, -0.001125000067986548, -0.0010000000474974513, -0.0008750000270083547, -0.000750000006519258, -0.0006250000442378223, -0.0005000000237487257, -0.000375000003259629, -0.0002500000409781933, -0.00012500002048909664, 0.0, 0.0001250000059371814, 0.0002500000118743628, 0.000375000003259629, 0.0005000000237487257, 0.0006250000442378223, 0.000750000006519258, 0.0008750000270083547, 0.0010000000474974513, 0.001125000067986548, 0.0012500000884756446, 0.0013749999925494194, 0.001500000013038516, 0.0016250000335276127, 0.0017500000540167093, 0.001875000074505806, 0.0020000000949949026, 0.0021250001154839993, 0.002250000135973096, 0.0023750001564621925, 0.002500000176951289, 0.002625000197440386, 0.002749999985098839, 0.002875000238418579, 0.003000000026077032, 0.0031250000465661287, 0.0032500000670552254, 0.003375000087544322, 0.0035000001080334187, 0.0036250001285225153, 0.003750000149011612, 0.003874999936670065, 0.004000000189989805]}, "parameters/value_func.nn.2.weight": {"_type": "histogram", "values": [1.0, 1.0, 0.0, 0.0, 2.0, 1.0, 1.0, 0.0, 3.0, 4.0, 1.0, 0.0, 0.0, 1.0, 4.0, 4.0, 3.0, 3.0, 1.0, 5.0, 4.0, 5.0, 1.0, 2.0, 4.0, 4.0, 3.0, 4.0, 5.0, 5.0, 4.0, 3.0, 6.0, 4.0, 6.0, 3.0, 2.0, 2.0, 2.0, 2.0, 2.0, 0.0, 4.0, 4.0, 2.0, 2.0, 1.0, 4.0, 0.0, 0.0, 0.0, 0.0, 1.0, 0.0, 0.0, 0.0, 1.0, 0.0, 0.0, 0.0, 0.0, 0.0, 0.0, 1.0], "bins": [-0.28992152214050293, -0.28006497025489807, -0.2702084183692932, -0.26035186648368835, -0.2504953145980835, -0.24063874781131744, -0.2307821810245514, -0.22092562913894653, -0.21106907725334167, -0.20121252536773682, -0.19135597348213196, -0.1814994066953659, -0.17164285480976105, -0.1617863029241562, -0.15192973613739014, -0.14207318425178528, -0.13221663236618042, -0.12236008048057556, -0.1125035211443901, -0.10264696180820465, -0.09279040992259979, -0.08293385803699493, -0.07307729870080948, -0.06322073936462402, -0.053364187479019165, -0.04350763186812401, -0.03365107625722885, -0.023794520646333694, -0.013937965035438538, -0.004081409424543381, 0.005775146186351776, 0.01563170552253723, 0.025488287210464478, 0.035344842821359634, 0.04520139843225479, 0.05505795404314995, 0.0649145096540451, 0.07477106153964996, 0.08462762087583542, 0.09448418021202087, 0.10434073209762573, 0.11419728398323059, 0.12405384331941605, 0.1339104026556015, 0.14376695454120636, 0.15362350642681122, 0.16348007321357727, 0.17333662509918213, 0.183193176984787, 0.19304972887039185, 0.2029062807559967, 0.21276284754276276, 0.22261939942836761, 0.23247595131397247, 0.24233251810073853, 0.2521890699863434, 0.26204562187194824, 0.2719021737575531, 0.28175872564315796, 0.2916152775287628, 0.3014718294143677, 0.3113284111022949, 0.3211849629878998, 0.33104151487350464, 0.3408980667591095]}, "parameters/value_func.nn.2.bias": {"_type": "histogram", "values": [0.0, 0.0, 0.0, 0.0, 0.0, 0.0, 0.0, 0.0, 0.0, 0.0, 0.0, 0.0, 0.0, 0.0, 0.0, 0.0, 0.0, 0.0, 0.0, 0.0, 0.0, 0.0, 0.0, 0.0, 0.0, 0.0, 0.0, 0.0, 0.0, 0.0, 0.0, 0.0, 1.0, 0.0, 0.0, 0.0, 0.0, 0.0, 0.0, 0.0, 0.0, 0.0, 0.0, 0.0, 0.0, 0.0, 0.0, 0.0, 0.0, 0.0, 0.0, 0.0, 0.0, 0.0, 0.0, 0.0, 0.0, 0.0, 0.0, 0.0, 0.0, 0.0, 0.0, 0.0], "bins": [0.0, 0.0, 0.0, 0.0, 0.0, 0.0, 0.0, 0.0, 0.0, 0.0, 0.0, 0.0, 0.0, 0.0, 0.0, 0.0, 0.0, 0.0, 0.0, 0.0, 0.0, 0.0, 0.0, 0.0, 0.0, 0.0, 0.0, 0.0, 0.0, 0.0, 0.0, 0.0, 0.0, 0.0, 0.0, 0.0, 0.0, 0.0, 0.0, 0.0, 0.0, 0.0, 0.0, 0.0, 0.0, 0.0, 0.0, 0.0, 0.0, 0.0, 0.0, 0.0, 0.0, 0.0, 0.0, 0.0, 0.0, 0.0, 0.0, 0.0, 0.0, 0.0, 0.0, 0.0, 0.0]}, "_wandb": {"runtime": 17}}