{"epoch": 151, "loss": 17776326.0, "_timestamp": 1678374543.633566, "_runtime": 358.08161187171936, "_step": 150, "parameters/value_func.nn.0.weight": {"_type": "histogram", "values": [2.0, 1.0, 3.0, 3.0, 4.0, 8.0, 4.0, 5.0, 10.0, 10.0, 13.0, 11.0, 10.0, 13.0, 15.0, 13.0, 6.0, 13.0, 16.0, 9.0, 9.0, 11.0, 8.0, 15.0, 11.0, 8.0, 9.0, 9.0, 9.0, 19.0, 15.0, 30.0, 22.0, 21.0, 29.0, 23.0, 23.0, 24.0, 24.0, 17.0, 15.0, 11.0, 9.0, 9.0, 10.0, 6.0, 6.0, 14.0, 10.0, 9.0, 2.0, 3.0, 4.0, 6.0, 7.0, 1.0, 3.0, 3.0, 2.0, 1.0, 2.0, 0.0, 0.0, 2.0], "bins": [-0.7210956811904907, -0.6999398469924927, -0.6787839531898499, -0.6576281189918518, -0.636472225189209, -0.6153163909912109, -0.5941605567932129, -0.5730046629905701, -0.5518487691879272, -0.5306929349899292, -0.5095370411872864, -0.48838120698928833, -0.4672253131866455, -0.44606947898864746, -0.424913614988327, -0.4037577509880066, -0.38260191679000854, -0.3614460527896881, -0.3402901887893677, -0.31913435459136963, -0.2979784607887268, -0.27682262659072876, -0.2556667625904083, -0.2345108985900879, -0.21335503458976746, -0.19219917058944702, -0.1710433065891266, -0.14988745748996735, -0.1287315934896469, -0.10757572948932648, -0.08641988039016724, -0.0652640163898468, -0.04410815238952637, -0.02295229211449623, -0.001796431839466095, 0.019359424710273743, 0.04051528871059418, 0.06167115271091461, 0.08282700181007385, 0.10398286581039429, 0.12513872981071472, 0.14629459381103516, 0.1674504578113556, 0.18860630691051483, 0.20976217091083527, 0.2309180349111557, 0.25207388401031494, 0.2732297480106354, 0.2943856120109558, 0.31554147601127625, 0.3366973400115967, 0.3578531742095947, 0.37900906801223755, 0.4001649022102356, 0.42132076621055603, 0.44247663021087646, 0.4636324942111969, 0.48478835821151733, 0.5059441924095154, 0.5271000862121582, 0.5482559204101562, 0.5694118142127991, 0.5905676484107971, 0.6117235422134399, 0.632879376411438]}, "parameters/value_func.nn.0.bias": {"_type": "histogram", "values": [1.0, 0.0, 4.0, 1.0, 4.0, 7.0, 1.0, 5.0, 5.0, 1.0, 2.0, 1.0, 0.0, 0.0, 2.0, 0.0, 2.0, 0.0, 3.0, 1.0, 2.0, 0.0, 0.0, 1.0, 0.0, 0.0, 0.0, 0.0, 0.0, 1.0, 0.0, 0.0, 1.0, 2.0, 1.0, 0.0, 0.0, 1.0, 1.0, 1.0, 1.0, 0.0, 1.0, 1.0, 2.0, 3.0, 7.0, 5.0, 7.0, 8.0, 5.0, 8.0, 6.0, 11.0, 4.0, 2.0, 3.0, 0.0, 1.0, 0.0, 0.0, 0.0, 1.0, 1.0], "bins": [-0.19055795669555664, -0.17893217504024506, -0.16730639338493347, -0.15568062663078308, -0.1440548449754715, -0.1324290633201599, -0.12080328166484833, -0.10917750746011734, -0.09755172580480576, -0.08592594414949417, -0.07430016994476318, -0.0626743882894516, -0.05104861035943031, -0.03942283242940903, -0.027797050774097443, -0.016171276569366455, -0.004545494914054871, 0.00708028394728899, 0.01870606280863285, 0.030331842601299286, 0.04195762053132057, 0.05358339846134186, 0.06520918011665344, 0.07683495432138443, 0.08846073597669601, 0.1000865176320076, 0.11171229183673859, 0.12333807349205017, 0.13496385514736176, 0.14658963680267334, 0.15821540355682373, 0.16984118521213531, 0.1814669668674469, 0.19309274852275848, 0.20471853017807007, 0.21634429693222046, 0.22797007858753204, 0.23959586024284363, 0.2512216567993164, 0.2628474235534668, 0.2744731903076172, 0.2860989570617676, 0.29772475361824036, 0.30935052037239075, 0.3209763169288635, 0.3326020836830139, 0.3442278504371643, 0.3558536469936371, 0.36747944355010986, 0.37910521030426025, 0.39073100686073303, 0.4023567736148834, 0.4139825701713562, 0.4256083369255066, 0.437234103679657, 0.44885990023612976, 0.46048566699028015, 0.47211143374443054, 0.4837372303009033, 0.4953629970550537, 0.5069887638092041, 0.5186145305633545, 0.5302403569221497, 0.5418661236763, 0.5534918904304504]}, "parameters/value_func.nn.2.weight": {"_type": "histogram", "values": [1.0, 4.0, 3.0, 3.0, 6.0, 4.0, 3.0, 7.0, 6.0, 2.0, 5.0, 6.0, 3.0, 6.0, 7.0, 2.0, 5.0, 1.0, 3.0, 2.0, 3.0, 1.0, 1.0, 0.0, 0.0, 0.0, 2.0, 0.0, 0.0, 1.0, 1.0, 1.0, 2.0, 2.0, 0.0, 2.0, 1.0, 1.0, 3.0, 1.0, 2.0, 1.0, 2.0, 2.0, 2.0, 1.0, 1.0, 1.0, 2.0, 1.0, 0.0, 1.0, 3.0, 0.0, 0.0, 2.0, 0.0, 2.0, 0.0, 0.0, 0.0, 1.0, 2.0, 1.0], "bins": [-0.6122998595237732, -0.5955383777618408, -0.5787768959999084, -0.5620154142379761, -0.5452539324760437, -0.5284924507141113, -0.511730968952179, -0.4949694871902466, -0.4782080054283142, -0.46144652366638184, -0.44468504190444946, -0.4279235601425171, -0.4111620783805847, -0.39440059661865234, -0.37763911485671997, -0.3608776330947876, -0.3441161513328552, -0.32735466957092285, -0.3105931878089905, -0.2938317060470581, -0.27707022428512573, -0.26030874252319336, -0.243547260761261, -0.2267857789993286, -0.21002429723739624, -0.19326281547546387, -0.1765013337135315, -0.15973985195159912, -0.14297837018966675, -0.12621688842773438, -0.109455406665802, -0.09269392490386963, -0.07593244314193726, -0.05917096138000488, -0.04240947961807251, -0.025647997856140137, -0.008886516094207764, 0.00787496566772461, 0.024636447429656982, 0.041397929191589355, 0.05815941095352173, 0.0749208927154541, 0.09168237447738647, 0.10844385623931885, 0.12520533800125122, 0.1419668197631836, 0.15872830152511597, 0.17548978328704834, 0.1922512650489807, 0.20901274681091309, 0.22577422857284546, 0.24253571033477783, 0.2592971920967102, 0.2760586738586426, 0.29282015562057495, 0.3095816373825073, 0.3263431191444397, 0.34310460090637207, 0.35986608266830444, 0.3766275644302368, 0.3933890461921692, 0.41015052795410156, 0.42691200971603394, 0.4436734914779663, 0.4604349732398987]}, "parameters/value_func.nn.2.bias": {"_type": "histogram", "values": [0.0, 0.0, 0.0, 0.0, 0.0, 0.0, 0.0, 0.0, 0.0, 0.0, 0.0, 0.0, 0.0, 0.0, 0.0, 0.0, 0.0, 0.0, 0.0, 0.0, 0.0, 0.0, 0.0, 0.0, 0.0, 0.0, 0.0, 0.0, 0.0, 0.0, 0.0, 0.0, 1.0, 0.0, 0.0, 0.0, 0.0, 0.0, 0.0, 0.0, 0.0, 0.0, 0.0, 0.0, 0.0, 0.0, 0.0, 0.0, 0.0, 0.0, 0.0, 0.0, 0.0, 0.0, 0.0, 0.0, 0.0, 0.0, 0.0, 0.0, 0.0, 0.0, 0.0, 0.0], "bins": [-0.2843019962310791, -0.2843019962310791, -0.2843019962310791, -0.2843019962310791, -0.2843019962310791, -0.2843019962310791, -0.2843019962310791, -0.2843019962310791, -0.2843019962310791, -0.2843019962310791, -0.2843019962310791, -0.2843019962310791, -0.2843019962310791, -0.2843019962310791, -0.2843019962310791, -0.2843019962310791, -0.2843019962310791, -0.2843019962310791, -0.2843019962310791, -0.2843019962310791, -0.2843019962310791, -0.2843019962310791, -0.2843019962310791, -0.2843019962310791, -0.2843019962310791, -0.2843019962310791, -0.2843019962310791, -0.2843019962310791, -0.2843019962310791, -0.2843019962310791, -0.2843019962310791, -0.2843019962310791, -0.2843019962310791, -0.2843019962310791, -0.2843019962310791, -0.2843019962310791, -0.2843019962310791, -0.2843019962310791, -0.2843019962310791, -0.2843019962310791, -0.2843019962310791, -0.2843019962310791, -0.2843019962310791, -0.2843019962310791, -0.2843019962310791, -0.2843019962310791, -0.2843019962310791, -0.2843019962310791, -0.2843019962310791, -0.2843019962310791, -0.2843019962310791, -0.2843019962310791, -0.2843019962310791, -0.2843019962310791, -0.2843019962310791, -0.2843019962310791, -0.2843019962310791, -0.2843019962310791, -0.2843019962310791, -0.2843019962310791, -0.2843019962310791, -0.2843019962310791, -0.2843019962310791, -0.2843019962310791, -0.2843019962310791]}, "_wandb": {"runtime": 364}}