{"epoch": 165, "loss": 1630375808.0, "_timestamp": 1678298460.3228252, "_runtime": 525.7678692340851, "_step": 165, "parameters/value_func.nn.0.weight": {"_type": "histogram", "values": [2.0, 0.0, 2.0, 2.0, 4.0, 2.0, 3.0, 4.0, 3.0, 1.0, 6.0, 8.0, 9.0, 6.0, 4.0, 6.0, 8.0, 10.0, 8.0, 11.0, 18.0, 9.0, 9.0, 10.0, 23.0, 16.0, 17.0, 19.0, 33.0, 40.0, 45.0, 38.0, 30.0, 29.0, 7.0, 16.0, 22.0, 14.0, 16.0, 5.0, 15.0, 13.0, 9.0, 8.0, 17.0, 7.0, 5.0, 5.0, 8.0, 5.0, 6.0, 5.0, 3.0, 3.0, 2.0, 2.0, 1.0, 3.0, 2.0, 0.0, 1.0, 1.0, 2.0, 2.0], "bins": [-0.761256217956543, -0.7368412017822266, -0.7124262452125549, -0.6880112290382385, -0.6635962128639221, -0.6391812562942505, -0.6147662401199341, -0.5903512239456177, -0.5659362077713013, -0.5415211915969849, -0.5171062350273132, -0.4926912188529968, -0.4682762026786804, -0.4438612163066864, -0.4194462299346924, -0.395031213760376, -0.37061625719070435, -0.3462012708187103, -0.3217862546443939, -0.2973712682723999, -0.2729562520980835, -0.24854126572608948, -0.22412627935409546, -0.19971127808094025, -0.17529627680778503, -0.15088127553462982, -0.1264662742614746, -0.10205128788948059, -0.07763628661632538, -0.053221285343170166, -0.028806298971176147, -0.004391297698020935, 0.020023763179779053, 0.04443876072764397, 0.06885375827550888, 0.0932687520980835, 0.11768375337123871, 0.14209875464439392, 0.16651374101638794, 0.19092874228954315, 0.21534374356269836, 0.23975874483585358, 0.2641737461090088, 0.2885887324810028, 0.3130037188529968, 0.33741873502731323, 0.36183372139930725, 0.38624870777130127, 0.4106637239456177, 0.4350787103176117, 0.4594937264919281, 0.4839087128639221, 0.5083237290382385, 0.5327386856079102, 0.5571537017822266, 0.581568717956543, 0.6059837341308594, 0.6303987503051758, 0.6548137068748474, 0.6792287230491638, 0.7036437392234802, 0.7280586957931519, 0.7524737119674683, 0.7768887281417847, 0.8013036847114563]}, "parameters/value_func.nn.0.bias": {"_type": "histogram", "values": [1.0, 0.0, 1.0, 1.0, 0.0, 0.0, 0.0, 0.0, 0.0, 0.0, 0.0, 3.0, 2.0, 0.0, 3.0, 0.0, 0.0, 2.0, 3.0, 4.0, 3.0, 4.0, 4.0, 3.0, 7.0, 4.0, 2.0, 2.0, 7.0, 5.0, 9.0, 5.0, 6.0, 3.0, 5.0, 7.0, 4.0, 6.0, 5.0, 4.0, 3.0, 2.0, 2.0, 0.0, 1.0, 0.0, 0.0, 0.0, 0.0, 2.0, 0.0, 0.0, 0.0, 1.0, 0.0, 0.0, 1.0, 0.0, 0.0, 0.0, 0.0, 0.0, 0.0, 1.0], "bins": [-0.2760465741157532, -0.26659879088401794, -0.2571510076522827, -0.24770322442054749, -0.23825544118881226, -0.22880765795707703, -0.2193598598241806, -0.20991207659244537, -0.20046429336071014, -0.19101651012897491, -0.18156872689723969, -0.17212094366550446, -0.16267314553260803, -0.1532253623008728, -0.14377757906913757, -0.13432979583740234, -0.12488201260566711, -0.11543422937393188, -0.10598644614219666, -0.09653865545988083, -0.0870908722281456, -0.07764308899641037, -0.06819529831409454, -0.058747515082359314, -0.049299731850624084, -0.039851948618888855, -0.030404161661863327, -0.02095637656748295, -0.01150859147310257, -0.00206080824136734, 0.007386978715658188, 0.016834765672683716, 0.026282519102096558, 0.03573030233383179, 0.045178089290857315, 0.05462587624788284, 0.06407365947961807, 0.0735214427113533, 0.08296923339366913, 0.09241701662540436, 0.10186479985713959, 0.11131258308887482, 0.12076036632061005, 0.13020814955234528, 0.1396559476852417, 0.14910373091697693, 0.15855151414871216, 0.1679992973804474, 0.17744708061218262, 0.18689486384391785, 0.19634264707565308, 0.2057904303073883, 0.21523821353912354, 0.22468599677085876, 0.2341337949037552, 0.24358157813549042, 0.25302934646606445, 0.2624771296977997, 0.2719249129295349, 0.28137269616127014, 0.29082047939300537, 0.3002682626247406, 0.30971604585647583, 0.31916385889053345, 0.3286116421222687]}, "parameters/value_func.nn.2.weight": {"_type": "histogram", "values": [4.0, 3.0, 4.0, 2.0, 1.0, 2.0, 4.0, 3.0, 1.0, 1.0, 3.0, 3.0, 4.0, 1.0, 3.0, 2.0, 0.0, 5.0, 0.0, 0.0, 1.0, 1.0, 1.0, 0.0, 1.0, 4.0, 2.0, 2.0, 0.0, 0.0, 1.0, 1.0, 3.0, 4.0, 3.0, 1.0, 3.0, 4.0, 2.0, 1.0, 6.0, 2.0, 2.0, 4.0, 4.0, 0.0, 1.0, 2.0, 5.0, 4.0, 4.0, 1.0, 2.0, 1.0, 1.0, 2.0, 1.0, 1.0, 2.0, 0.0, 1.0, 0.0, 0.0, 1.0], "bins": [-0.6260735392570496, -0.6054006814956665, -0.5847278237342834, -0.5640549659729004, -0.5433820486068726, -0.5227091908454895, -0.5020363330841064, -0.4813634753227234, -0.46069061756134033, -0.4400177597999573, -0.4193449020385742, -0.3986720144748688, -0.3779991567134857, -0.35732629895210266, -0.3366534113883972, -0.31598055362701416, -0.2953076958656311, -0.27463483810424805, -0.253961980342865, -0.23328909277915955, -0.2126162350177765, -0.19194337725639343, -0.17127050459384918, -0.15059763193130493, -0.12992477416992188, -0.10925190895795822, -0.08857904374599457, -0.06790617853403091, -0.04723331332206726, -0.026560448110103607, -0.005887582898139954, 0.014785289764404297, 0.035458147525787354, 0.05613101273775101, 0.07680387794971466, 0.09747674316167831, 0.11814960837364197, 0.13882246613502502, 0.15949533879756927, 0.18016821146011353, 0.20084106922149658, 0.22151392698287964, 0.2421867996454239, 0.26285967230796814, 0.2835325300693512, 0.30420538783073425, 0.3248782753944397, 0.34555113315582275, 0.3662239909172058, 0.38689684867858887, 0.4075697064399719, 0.42824259400367737, 0.4489154517650604, 0.4695883095264435, 0.4902611970901489, 0.510934054851532, 0.531606912612915, 0.5522797703742981, 0.5729526281356812, 0.5936254858970642, 0.6142983436584473, 0.6349712610244751, 0.6556441187858582, 0.6763169765472412, 0.6969898343086243]}, "parameters/value_func.nn.2.bias": {"_type": "histogram", "values": [0.0, 0.0, 0.0, 0.0, 0.0, 0.0, 0.0, 0.0, 0.0, 0.0, 0.0, 0.0, 0.0, 0.0, 0.0, 0.0, 0.0, 0.0, 0.0, 0.0, 0.0, 0.0, 0.0, 0.0, 0.0, 0.0, 0.0, 0.0, 0.0, 0.0, 0.0, 0.0, 1.0, 0.0, 0.0, 0.0, 0.0, 0.0, 0.0, 0.0, 0.0, 0.0, 0.0, 0.0, 0.0, 0.0, 0.0, 0.0, 0.0, 0.0, 0.0, 0.0, 0.0, 0.0, 0.0, 0.0, 0.0, 0.0, 0.0, 0.0, 0.0, 0.0, 0.0, 0.0], "bins": [0.0, 0.0, 0.0, 0.0, 0.0, 0.0, 0.0, 0.0, 0.0, 0.0, 0.0, 0.0, 0.0, 0.0, 0.0, 0.0, 0.0, 0.0, 0.0, 0.0, 0.0, 0.0, 0.0, 0.0, 0.0, 0.0, 0.0, 0.0, 0.0, 0.0, 0.0, 0.0, 0.0, 0.0, 0.0, 0.0, 0.0, 0.0, 0.0, 0.0, 0.0, 0.0, 0.0, 0.0, 0.0, 0.0, 0.0, 0.0, 0.0, 0.0, 0.0, 0.0, 0.0, 0.0, 0.0, 0.0, 0.0, 0.0, 0.0, 0.0, 0.0, 0.0, 0.0, 0.0, 0.0]}, "_wandb": {"runtime": 522}}