{"epoch": 185, "loss": 77509392.0, "_timestamp": 1678803565.8123448, "_runtime": 626.5577988624573, "_step": 184, "parameters/value_func.nn.0.weight": {"_type": "histogram", "values": [1.0, 3.0, 2.0, 5.0, 0.0, 1.0, 4.0, 2.0, 3.0, 5.0, 3.0, 5.0, 11.0, 16.0, 13.0, 12.0, 15.0, 12.0, 11.0, 5.0, 15.0, 11.0, 8.0, 14.0, 13.0, 22.0, 19.0, 29.0, 21.0, 37.0, 23.0, 28.0, 34.0, 27.0, 16.0, 16.0, 15.0, 17.0, 16.0, 15.0, 16.0, 10.0, 9.0, 11.0, 12.0, 8.0, 4.0, 11.0, 6.0, 4.0, 7.0, 2.0, 0.0, 4.0, 4.0, 0.0, 1.0, 0.0, 1.0, 1.0, 2.0, 0.0, 1.0, 1.0], "bins": [-0.8315153121948242, -0.8043000102043152, -0.7770847082138062, -0.7498693466186523, -0.7226540446281433, -0.6954387426376343, -0.6682233810424805, -0.6410080790519714, -0.6137927770614624, -0.5865774750709534, -0.5593621730804443, -0.5321468114852905, -0.5049315094947815, -0.47771620750427246, -0.45050087571144104, -0.4232855439186096, -0.3960702419281006, -0.36885493993759155, -0.34163960814476013, -0.3144242763519287, -0.2872089743614197, -0.25999367237091064, -0.23277834057807922, -0.205563023686409, -0.17834770679473877, -0.15113238990306854, -0.12391707301139832, -0.09670175611972809, -0.06948643922805786, -0.042271122336387634, -0.015055805444717407, 0.01215951144695282, 0.03937482833862305, 0.06659014523029327, 0.0938054621219635, 0.12102077901363373, 0.14823609590530396, 0.17545141279697418, 0.2026667296886444, 0.22988204658031464, 0.25709736347198486, 0.2843126654624939, 0.3115279972553253, 0.33874332904815674, 0.36595863103866577, 0.3931739330291748, 0.4203892648220062, 0.44760459661483765, 0.4748198986053467, 0.5020352005958557, 0.5292505025863647, 0.5564658641815186, 0.5836811661720276, 0.6108964681625366, 0.6381118297576904, 0.6653271317481995, 0.6925424337387085, 0.7197577357292175, 0.7469730377197266, 0.7741883993148804, 0.8014037013053894, 0.8286190032958984, 0.8558343648910522, 0.8830496668815613, 0.9102649688720703]}, "parameters/value_func.nn.0.bias": {"_type": "histogram", "values": [2.0, 0.0, 0.0, 0.0, 2.0, 2.0, 0.0, 0.0, 0.0, 0.0, 2.0, 3.0, 5.0, 2.0, 2.0, 3.0, 2.0, 3.0, 2.0, 3.0, 6.0, 3.0, 3.0, 2.0, 6.0, 9.0, 2.0, 5.0, 4.0, 3.0, 4.0, 1.0, 0.0, 1.0, 2.0, 0.0, 1.0, 1.0, 2.0, 1.0, 2.0, 1.0, 1.0, 1.0, 2.0, 2.0, 2.0, 3.0, 6.0, 3.0, 5.0, 0.0, 0.0, 4.0, 1.0, 0.0, 0.0, 1.0, 0.0, 1.0, 0.0, 1.0, 1.0, 2.0], "bins": [-0.4539583623409271, -0.44229966402053833, -0.4306409955024719, -0.41898229718208313, -0.40732359886169434, -0.39566493034362793, -0.38400623202323914, -0.37234753370285034, -0.36068886518478394, -0.34903016686439514, -0.33737149834632874, -0.32571280002593994, -0.31405410170555115, -0.30239540338516235, -0.29073673486709595, -0.27907803654670715, -0.26741933822631836, -0.25576063990592957, -0.24410195648670197, -0.23244327306747437, -0.22078457474708557, -0.20912589132785797, -0.19746720790863037, -0.18580850958824158, -0.17414982616901398, -0.16249114274978638, -0.15083244442939758, -0.13917376101016998, -0.12751507759094238, -0.11585637927055359, -0.10419769585132599, -0.09253900498151779, -0.08088028430938721, -0.06922159343957901, -0.05756290629506111, -0.04590421915054321, -0.034245528280735016, -0.02258683741092682, -0.010928153991699219, 0.0007305368781089783, 0.012389227747917175, 0.024047916755080223, 0.03570660576224327, 0.04736529290676117, 0.059023983776569366, 0.07068267464637756, 0.08234135806560516, 0.09400004893541336, 0.10565873980522156, 0.11731743067502975, 0.12897612154483795, 0.14063480496406555, 0.15229350328445435, 0.16395218670368195, 0.17561087012290955, 0.18726956844329834, 0.19892825186252594, 0.21058693528175354, 0.22224563360214233, 0.23390431702136993, 0.24556300044059753, 0.25722169876098633, 0.26888036727905273, 0.28053906559944153, 0.2921977639198303]}, "parameters/value_func.nn.2.weight": {"_type": "histogram", "values": [1.0, 0.0, 0.0, 0.0, 0.0, 1.0, 1.0, 1.0, 2.0, 4.0, 3.0, 1.0, 6.0, 2.0, 6.0, 10.0, 7.0, 5.0, 7.0, 1.0, 5.0, 9.0, 2.0, 2.0, 1.0, 1.0, 0.0, 0.0, 0.0, 0.0, 0.0, 1.0, 0.0, 0.0, 1.0, 1.0, 0.0, 1.0, 1.0, 3.0, 2.0, 2.0, 1.0, 1.0, 1.0, 2.0, 2.0, 1.0, 2.0, 1.0, 6.0, 1.0, 9.0, 3.0, 4.0, 0.0, 2.0, 1.0, 0.0, 0.0, 0.0, 0.0, 0.0, 1.0], "bins": [-0.8260927200317383, -0.803280770778656, -0.7804688811302185, -0.7576569318771362, -0.734844982624054, -0.7120330333709717, -0.6892211437225342, -0.6664091944694519, -0.6435972452163696, -0.6207852959632874, -0.5979734063148499, -0.5751614570617676, -0.5523495078086853, -0.529537558555603, -0.5067256689071655, -0.48391371965408325, -0.46110183000564575, -0.43828991055488586, -0.4154779613018036, -0.3926660418510437, -0.3698540925979614, -0.34704217314720154, -0.32423025369644165, -0.3014183044433594, -0.2786063849925995, -0.2557944655418396, -0.23298251628875732, -0.21017059683799744, -0.18735866248607635, -0.16454672813415527, -0.14173480868339539, -0.1189228743314743, -0.096110999584198, -0.07329906523227692, -0.05048713833093643, -0.027675211429595947, -0.004863277077674866, 0.017948657274246216, 0.040760576725006104, 0.06357251107692719, 0.08638444542884827, 0.10919637978076935, 0.13200831413269043, 0.15482023358345032, 0.1776321679353714, 0.20044410228729248, 0.22325602173805237, 0.24606795608997345, 0.26887989044189453, 0.2916918098926544, 0.3145037591457367, 0.3373156785964966, 0.36012762784957886, 0.38293954730033875, 0.40575146675109863, 0.4285634160041809, 0.4513753354549408, 0.4741872549057007, 0.49699920415878296, 0.5198111534118652, 0.5426230430603027, 0.565434992313385, 0.5882469415664673, 0.6110588312149048, 0.6338707804679871]}, "parameters/value_func.nn.2.bias": {"_type": "histogram", "values": [0.0, 0.0, 0.0, 0.0, 0.0, 0.0, 0.0, 0.0, 0.0, 0.0, 0.0, 0.0, 0.0, 0.0, 0.0, 0.0, 0.0, 0.0, 0.0, 0.0, 0.0, 0.0, 0.0, 0.0, 0.0, 0.0, 0.0, 0.0, 0.0, 0.0, 0.0, 0.0, 1.0, 0.0, 0.0, 0.0, 0.0, 0.0, 0.0, 0.0, 0.0, 0.0, 0.0, 0.0, 0.0, 0.0, 0.0, 0.0, 0.0, 0.0, 0.0, 0.0, 0.0, 0.0, 0.0, 0.0, 0.0, 0.0, 0.0, 0.0, 0.0, 0.0, 0.0, 0.0], "bins": [0.0663633719086647, 0.0663633719086647, 0.0663633719086647, 0.0663633719086647, 0.0663633719086647, 0.0663633719086647, 0.0663633719086647, 0.0663633719086647, 0.0663633719086647, 0.0663633719086647, 0.0663633719086647, 0.0663633719086647, 0.0663633719086647, 0.0663633719086647, 0.0663633719086647, 0.0663633719086647, 0.0663633719086647, 0.0663633719086647, 0.0663633719086647, 0.0663633719086647, 0.0663633719086647, 0.0663633719086647, 0.0663633719086647, 0.0663633719086647, 0.0663633719086647, 0.0663633719086647, 0.0663633719086647, 0.0663633719086647, 0.0663633719086647, 0.0663633719086647, 0.0663633719086647, 0.0663633719086647, 0.0663633719086647, 0.0663633719086647, 0.0663633719086647, 0.0663633719086647, 0.0663633719086647, 0.0663633719086647, 0.0663633719086647, 0.0663633719086647, 0.0663633719086647, 0.0663633719086647, 0.0663633719086647, 0.0663633719086647, 0.0663633719086647, 0.0663633719086647, 0.0663633719086647, 0.0663633719086647, 0.0663633719086647, 0.0663633719086647, 0.0663633719086647, 0.0663633719086647, 0.0663633719086647, 0.0663633719086647, 0.0663633719086647, 0.0663633719086647, 0.0663633719086647, 0.0663633719086647, 0.0663633719086647, 0.0663633719086647, 0.0663633719086647, 0.0663633719086647, 0.0663633719086647, 0.0663633719086647, 0.0663633719086647]}, "_wandb": {"runtime": 626}}