{"epoch": 59, "loss": 2419610624.0, "_timestamp": 1678388043.051827, "_runtime": 65.26632905006409, "_step": 57, "parameters/value_func.nn.0.weight": {"_type": "histogram", "values": [3.0, 2.0, 1.0, 3.0, 9.0, 3.0, 5.0, 4.0, 4.0, 6.0, 4.0, 6.0, 6.0, 5.0, 4.0, 4.0, 8.0, 7.0, 8.0, 13.0, 10.0, 13.0, 12.0, 16.0, 16.0, 15.0, 22.0, 20.0, 25.0, 19.0, 21.0, 17.0, 14.0, 18.0, 25.0, 23.0, 25.0, 21.0, 12.0, 17.0, 12.0, 9.0, 14.0, 9.0, 7.0, 10.0, 11.0, 11.0, 16.0, 5.0, 13.0, 9.0, 11.0, 6.0, 6.0, 10.0, 7.0, 4.0, 1.0, 0.0, 0.0, 0.0, 1.0, 2.0], "bins": [-0.6044121980667114, -0.5847823023796082, -0.5651523470878601, -0.5455224514007568, -0.5258924961090088, -0.5062626004219055, -0.48663267493247986, -0.4670027494430542, -0.44737282395362854, -0.4277428984642029, -0.4081129729747772, -0.38848304748535156, -0.3688531517982483, -0.34922319650650024, -0.329593300819397, -0.3099633753299713, -0.29033344984054565, -0.27070352435112, -0.25107359886169434, -0.23144368827342987, -0.2118137627840042, -0.19218383729457855, -0.1725539267063141, -0.15292400121688843, -0.13329407572746277, -0.11366415023803711, -0.09403423219919205, -0.07440431416034698, -0.054774388670921326, -0.035144463181495667, -0.015514545142650604, 0.004115372896194458, 0.023745298385620117, 0.04337522014975548, 0.06300514191389084, 0.0826350599527359, 0.10226498544216156, 0.12189491093158722, 0.14152482151985168, 0.16115474700927734, 0.180784672498703, 0.20041459798812866, 0.22004452347755432, 0.2396744340658188, 0.25930434465408325, 0.2789342999458313, 0.29856419563293457, 0.31819412112236023, 0.3378240466117859, 0.35745397210121155, 0.3770838975906372, 0.39671382308006287, 0.4163437485694885, 0.4359736442565918, 0.45560356974601746, 0.4752334952354431, 0.4948634207248688, 0.5144933462142944, 0.5341232419013977, 0.5537531971931458, 0.573383092880249, 0.5930130481719971, 0.6126429438591003, 0.6322728395462036, 0.6519027948379517]}, "parameters/value_func.nn.0.bias": {"_type": "histogram", "values": [1.0, 0.0, 0.0, 0.0, 1.0, 0.0, 0.0, 0.0, 0.0, 0.0, 0.0, 1.0, 1.0, 0.0, 0.0, 0.0, 1.0, 4.0, 3.0, 7.0, 2.0, 2.0, 0.0, 1.0, 5.0, 6.0, 7.0, 4.0, 1.0, 3.0, 3.0, 2.0, 3.0, 3.0, 3.0, 3.0, 2.0, 1.0, 3.0, 3.0, 6.0, 3.0, 1.0, 0.0, 2.0, 3.0, 3.0, 2.0, 0.0, 6.0, 0.0, 3.0, 5.0, 1.0, 0.0, 2.0, 3.0, 2.0, 3.0, 1.0, 0.0, 3.0, 0.0, 3.0], "bins": [-0.38943296670913696, -0.37970614433288574, -0.36997929215431213, -0.3602524697780609, -0.3505256474018097, -0.3407987952232361, -0.33107197284698486, -0.32134515047073364, -0.3116183280944824, -0.3018915057182312, -0.2921646535396576, -0.28243783116340637, -0.27271100878715515, -0.26298415660858154, -0.2532573342323303, -0.2435305118560791, -0.2338036596775055, -0.22407682240009308, -0.21435000002384186, -0.20462316274642944, -0.19489634037017822, -0.1851695030927658, -0.1754426658153534, -0.16571584343910217, -0.15598900616168976, -0.14626216888427734, -0.13653534650802612, -0.1268085092306137, -0.11708167940378189, -0.10735484957695007, -0.09762801229953766, -0.08790118247270584, -0.07817433774471283, -0.06844750791788101, -0.058720674365758896, -0.04899384081363678, -0.03926701098680496, -0.029540181159973145, -0.01981334760785103, -0.010086514055728912, -0.0003596842288970947, 0.009367147460579872, 0.01909397915005684, 0.028820810839533806, 0.03854764252901077, 0.04827447235584259, 0.058001305907964706, 0.06772813946008682, 0.07745496928691864, 0.08718179911375046, 0.09690862894058228, 0.10663546621799469, 0.11636229604482651, 0.12608912587165833, 0.13581596314907074, 0.14554280042648315, 0.15526962280273438, 0.1649964600801468, 0.174723282456398, 0.18445011973381042, 0.19417694211006165, 0.20390377938747406, 0.21363061666488647, 0.2233574390411377, 0.2330842763185501]}, "parameters/value_func.nn.2.weight": {"_type": "histogram", "values": [2.0, 3.0, 0.0, 1.0, 5.0, 3.0, 4.0, 9.0, 8.0, 3.0, 0.0, 1.0, 5.0, 4.0, 3.0, 3.0, 1.0, 1.0, 3.0, 0.0, 3.0, 2.0, 0.0, 0.0, 1.0, 0.0, 0.0, 0.0, 3.0, 2.0, 3.0, 3.0, 4.0, 2.0, 1.0, 2.0, 1.0, 1.0, 0.0, 1.0, 0.0, 2.0, 1.0, 2.0, 1.0, 0.0, 2.0, 3.0, 2.0, 2.0, 4.0, 0.0, 4.0, 1.0, 0.0, 2.0, 2.0, 1.0, 4.0, 3.0, 1.0, 1.0, 1.0, 1.0], "bins": [-0.604826807975769, -0.586287796497345, -0.5677487850189209, -0.5492097735404968, -0.5306707620620728, -0.5121317505836487, -0.4935927391052246, -0.47505372762680054, -0.45651471614837646, -0.4379757046699524, -0.4194366931915283, -0.40089768171310425, -0.3823586702346802, -0.3638196587562561, -0.34528064727783203, -0.32674163579940796, -0.3082025945186615, -0.2896635830402374, -0.27112457156181335, -0.2525855600833893, -0.2340465486049652, -0.21550753712654114, -0.19696851074695587, -0.1784294992685318, -0.15989048779010773, -0.14135147631168365, -0.12281246483325958, -0.10427344590425491, -0.08573443442583084, -0.06719542294740677, -0.0486564040184021, -0.030117392539978027, -0.011578381061553955, 0.006960632279515266, 0.025499645620584488, 0.04403866082429886, 0.06257767230272293, 0.081116683781147, 0.09965570271015167, 0.11819471418857574, 0.13673372566699982, 0.1552727371454239, 0.17381174862384796, 0.19235077500343323, 0.2108897864818573, 0.22942879796028137, 0.24796780943870544, 0.2665068209171295, 0.2850458323955536, 0.30358484387397766, 0.32212385535240173, 0.3406628668308258, 0.3592018783092499, 0.37774088978767395, 0.3962799310684204, 0.4148189425468445, 0.43335795402526855, 0.4518969655036926, 0.4704359769821167, 0.48897498846054077, 0.5075139999389648, 0.5260530114173889, 0.544592022895813, 0.5631310343742371, 0.5816700458526611]}, "parameters/value_func.nn.2.bias": {"_type": "histogram", "values": [0.0, 0.0, 0.0, 0.0, 0.0, 0.0, 0.0, 0.0, 0.0, 0.0, 0.0, 0.0, 0.0, 0.0, 0.0, 0.0, 0.0, 0.0, 0.0, 0.0, 0.0, 0.0, 0.0, 0.0, 0.0, 0.0, 0.0, 0.0, 0.0, 0.0, 0.0, 0.0, 1.0, 0.0, 0.0, 0.0, 0.0, 0.0, 0.0, 0.0, 0.0, 0.0, 0.0, 0.0, 0.0, 0.0, 0.0, 0.0, 0.0, 0.0, 0.0, 0.0, 0.0, 0.0, 0.0, 0.0, 0.0, 0.0, 0.0, 0.0, 0.0, 0.0, 0.0, 0.0], "bins": [-0.17349036037921906, -0.17349036037921906, -0.17349036037921906, -0.17349036037921906, -0.17349036037921906, -0.17349036037921906, -0.17349036037921906, -0.17349036037921906, -0.17349036037921906, -0.17349036037921906, -0.17349036037921906, -0.17349036037921906, -0.17349036037921906, -0.17349036037921906, -0.17349036037921906, -0.17349036037921906, -0.17349036037921906, -0.17349036037921906, -0.17349036037921906, -0.17349036037921906, -0.17349036037921906, -0.17349036037921906, -0.17349036037921906, -0.17349036037921906, -0.17349036037921906, -0.17349036037921906, -0.17349036037921906, -0.17349036037921906, -0.17349036037921906, -0.17349036037921906, -0.17349036037921906, -0.17349036037921906, -0.17349036037921906, -0.17349036037921906, -0.17349036037921906, -0.17349036037921906, -0.17349036037921906, -0.17349036037921906, -0.17349036037921906, -0.17349036037921906, -0.17349036037921906, -0.17349036037921906, -0.17349036037921906, -0.17349036037921906, -0.17349036037921906, -0.17349036037921906, -0.17349036037921906, -0.17349036037921906, -0.17349036037921906, -0.17349036037921906, -0.17349036037921906, -0.17349036037921906, -0.17349036037921906, -0.17349036037921906, -0.17349036037921906, -0.17349036037921906, -0.17349036037921906, -0.17349036037921906, -0.17349036037921906, -0.17349036037921906, -0.17349036037921906, -0.17349036037921906, -0.17349036037921906, -0.17349036037921906, -0.17349036037921906]}, "_wandb": {"runtime": 64}}