{"epoch": 201, "loss": 1557106944.0, "_timestamp": 1678372416.6450772, "_runtime": 743.9295451641083, "_step": 200, "parameters/value_func.nn.0.weight": {"_type": "histogram", "values": [3.0, 0.0, 2.0, 5.0, 1.0, 3.0, 3.0, 3.0, 2.0, 9.0, 3.0, 16.0, 6.0, 5.0, 7.0, 4.0, 6.0, 17.0, 10.0, 11.0, 15.0, 9.0, 12.0, 17.0, 18.0, 17.0, 18.0, 20.0, 23.0, 19.0, 27.0, 22.0, 32.0, 26.0, 19.0, 15.0, 14.0, 18.0, 12.0, 15.0, 12.0, 14.0, 10.0, 14.0, 10.0, 10.0, 15.0, 8.0, 8.0, 8.0, 5.0, 9.0, 2.0, 4.0, 4.0, 8.0, 3.0, 2.0, 3.0, 1.0, 2.0, 1.0, 0.0, 3.0], "bins": [-0.7702359557151794, -0.7459799647331238, -0.7217240333557129, -0.6974680423736572, -0.6732120513916016, -0.6489561200141907, -0.624700129032135, -0.6004441976547241, -0.5761882066726685, -0.5519322156906128, -0.5276762843132019, -0.5034202933311462, -0.47916433215141296, -0.4549083709716797, -0.430652379989624, -0.40639641880989075, -0.3821404278278351, -0.3578844666481018, -0.33362847566604614, -0.30937251448631287, -0.2851165533065796, -0.2608605623245239, -0.23660460114479065, -0.21234863996505737, -0.1880926638841629, -0.16383668780326843, -0.13958072662353516, -0.11532475054264069, -0.09106878191232681, -0.06681281328201294, -0.04255683720111847, -0.018300876021385193, 0.005955100059509277, 0.0302110705524683, 0.05446704104542732, 0.0787230134010315, 0.10297898203134537, 0.12723495066165924, 0.1514909267425537, 0.175746887922287, 0.20000286400318146, 0.22425884008407593, 0.2485148012638092, 0.2727707624435425, 0.29702675342559814, 0.3212827146053314, 0.3455386757850647, 0.36979466676712036, 0.39405062794685364, 0.4183065891265869, 0.4425625801086426, 0.46681854128837585, 0.49107450246810913, 0.5153304934501648, 0.5395864248275757, 0.5638424158096313, 0.588098406791687, 0.6123543977737427, 0.6366103291511536, 0.6608663201332092, 0.6851223111152649, 0.7093782424926758, 0.7336342334747314, 0.7578902244567871, 0.782146155834198]}, "parameters/value_func.nn.0.bias": {"_type": "histogram", "values": [1.0, 0.0, 0.0, 0.0, 0.0, 0.0, 0.0, 0.0, 1.0, 0.0, 0.0, 0.0, 0.0, 0.0, 2.0, 1.0, 4.0, 1.0, 1.0, 2.0, 1.0, 1.0, 3.0, 5.0, 8.0, 4.0, 4.0, 2.0, 4.0, 7.0, 5.0, 8.0, 2.0, 3.0, 5.0, 8.0, 5.0, 7.0, 11.0, 3.0, 5.0, 3.0, 0.0, 1.0, 4.0, 1.0, 1.0, 1.0, 0.0, 0.0, 0.0, 0.0, 0.0, 0.0, 0.0, 0.0, 0.0, 1.0, 1.0, 0.0, 0.0, 0.0, 0.0, 1.0], "bins": [-0.4450259208679199, -0.43110939860343933, -0.41719287633895874, -0.40327635407447815, -0.38935983180999756, -0.37544330954551697, -0.3615267872810364, -0.3476102650165558, -0.3336937427520752, -0.3197772204875946, -0.305860698223114, -0.2919441759586334, -0.27802765369415283, -0.26411113142967224, -0.25019460916519165, -0.23627808690071106, -0.22236157953739166, -0.20844505727291107, -0.19452853500843048, -0.1806120127439499, -0.1666954904794693, -0.1527789831161499, -0.1388624608516693, -0.12494593113660812, -0.11102940887212753, -0.09711288660764694, -0.08319636434316635, -0.06927984952926636, -0.05536332353949547, -0.041446805000305176, -0.027530282735824585, -0.013613760471343994, 0.0003027617931365967, 0.014219283126294613, 0.02813580445945263, 0.04205232486128807, 0.05596884712576866, 0.06988536566495895, 0.08380188792943954, 0.09771841019392014, 0.11163493245840073, 0.12555144727230072, 0.1394679695367813, 0.1533844918012619, 0.1673010140657425, 0.18121753633022308, 0.19513405859470367, 0.20905058085918427, 0.22296710312366486, 0.23688362538814545, 0.25080013275146484, 0.26471665501594543, 0.278633177280426, 0.2925496995449066, 0.3064662218093872, 0.3203827440738678, 0.3342992663383484, 0.348215788602829, 0.36213231086730957, 0.37604883313179016, 0.38996535539627075, 0.40388187766075134, 0.41779839992523193, 0.4317149221897125, 0.4456314444541931]}, "parameters/value_func.nn.2.weight": {"_type": "histogram", "values": [3.0, 2.0, 2.0, 5.0, 2.0, 3.0, 1.0, 3.0, 2.0, 2.0, 1.0, 0.0, 5.0, 5.0, 1.0, 5.0, 2.0, 2.0, 0.0, 1.0, 0.0, 2.0, 1.0, 0.0, 0.0, 2.0, 0.0, 4.0, 1.0, 1.0, 1.0, 1.0, 0.0, 0.0, 2.0, 2.0, 2.0, 2.0, 4.0, 1.0, 2.0, 6.0, 1.0, 5.0, 3.0, 3.0, 1.0, 2.0, 3.0, 4.0, 3.0, 3.0, 1.0, 3.0, 3.0, 1.0, 0.0, 3.0, 1.0, 1.0, 2.0, 0.0, 2.0, 2.0], "bins": [-0.6760863661766052, -0.654788076877594, -0.6334897875785828, -0.6121914982795715, -0.5908932089805603, -0.5695949196815491, -0.5482966899871826, -0.5269984006881714, -0.5057001113891602, -0.4844018220901489, -0.4631035327911377, -0.44180524349212646, -0.42050695419311523, -0.399208664894104, -0.37791040539741516, -0.35661211609840393, -0.3353137969970703, -0.3140155076980591, -0.29271721839904785, -0.2714189291000366, -0.2501206398010254, -0.22882236540317535, -0.20752409100532532, -0.1862258017063141, -0.16492751240730286, -0.14362922310829163, -0.12233094125986099, -0.10103265941143036, -0.07973437011241913, -0.0584360808134079, -0.03713780641555786, -0.01583951711654663, 0.005458831787109375, 0.026757117360830307, 0.04805540293455124, 0.06935368478298187, 0.0906519740819931, 0.11195026338100433, 0.13324853777885437, 0.1545468270778656, 0.17584511637687683, 0.19714340567588806, 0.2184416949748993, 0.23973996937274933, 0.26103824377059937, 0.2823365330696106, 0.3036348223686218, 0.32493311166763306, 0.3462314009666443, 0.3675296902656555, 0.38882797956466675, 0.410126268863678, 0.4314245581626892, 0.45272284746170044, 0.4740211069583893, 0.4953193962574005, 0.5166176557540894, 0.5379159450531006, 0.5592142343521118, 0.580512523651123, 0.6018108129501343, 0.6231091022491455, 0.6444073915481567, 0.665705680847168, 0.6870039701461792]}, "parameters/value_func.nn.2.bias": {"_type": "histogram", "values": [0.0, 0.0, 0.0, 0.0, 0.0, 0.0, 0.0, 0.0, 0.0, 0.0, 0.0, 0.0, 0.0, 0.0, 0.0, 0.0, 0.0, 0.0, 0.0, 0.0, 0.0, 0.0, 0.0, 0.0, 0.0, 0.0, 0.0, 0.0, 0.0, 0.0, 0.0, 0.0, 1.0, 0.0, 0.0, 0.0, 0.0, 0.0, 0.0, 0.0, 0.0, 0.0, 0.0, 0.0, 0.0, 0.0, 0.0, 0.0, 0.0, 0.0, 0.0, 0.0, 0.0, 0.0, 0.0, 0.0, 0.0, 0.0, 0.0, 0.0, 0.0, 0.0, 0.0, 0.0], "bins": [-0.6996252536773682, -0.6996252536773682, -0.6996252536773682, -0.6996252536773682, -0.6996252536773682, -0.6996252536773682, -0.6996252536773682, -0.6996252536773682, -0.6996252536773682, -0.6996252536773682, -0.6996252536773682, -0.6996252536773682, -0.6996252536773682, -0.6996252536773682, -0.6996252536773682, -0.6996252536773682, -0.6996252536773682, -0.6996252536773682, -0.6996252536773682, -0.6996252536773682, -0.6996252536773682, -0.6996252536773682, -0.6996252536773682, -0.6996252536773682, -0.6996252536773682, -0.6996252536773682, -0.6996252536773682, -0.6996252536773682, -0.6996252536773682, -0.6996252536773682, -0.6996252536773682, -0.6996252536773682, -0.6996252536773682, -0.6996252536773682, -0.6996252536773682, -0.6996252536773682, -0.6996252536773682, -0.6996252536773682, -0.6996252536773682, -0.6996252536773682, -0.6996252536773682, -0.6996252536773682, -0.6996252536773682, -0.6996252536773682, -0.6996252536773682, -0.6996252536773682, -0.6996252536773682, -0.6996252536773682, -0.6996252536773682, -0.6996252536773682, -0.6996252536773682, -0.6996252536773682, -0.6996252536773682, -0.6996252536773682, -0.6996252536773682, -0.6996252536773682, -0.6996252536773682, -0.6996252536773682, -0.6996252536773682, -0.6996252536773682, -0.6996252536773682, -0.6996252536773682, -0.6996252536773682, -0.6996252536773682, -0.6996252536773682]}, "_wandb": {"runtime": 751}}