{"epoch": 21, "loss": 9588301824.0, "_timestamp": 1678389785.2357962, "_runtime": 17.258560180664062, "_step": 19, "parameters/value_func.nn.0.weight": {"_type": "histogram", "values": [3.0, 4.0, 4.0, 5.0, 8.0, 4.0, 5.0, 7.0, 7.0, 8.0, 13.0, 11.0, 14.0, 9.0, 15.0, 15.0, 13.0, 13.0, 12.0, 9.0, 12.0, 14.0, 17.0, 8.0, 10.0, 13.0, 8.0, 15.0, 11.0, 13.0, 8.0, 8.0, 7.0, 21.0, 17.0, 11.0, 19.0, 10.0, 9.0, 17.0, 10.0, 14.0, 13.0, 8.0, 9.0, 17.0, 10.0, 15.0, 4.0, 9.0, 9.0, 12.0, 14.0, 3.0, 5.0, 9.0, 8.0, 6.0, 6.0, 10.0, 8.0, 5.0, 3.0, 6.0], "bins": [-0.284660667181015, -0.27575671672821045, -0.2668527364730835, -0.25794878602027893, -0.24904480576515198, -0.2401408553123474, -0.23123688995838165, -0.2223329246044159, -0.21342895925045013, -0.20452499389648438, -0.19562102854251862, -0.18671706318855286, -0.1778131127357483, -0.16890913248062134, -0.16000518202781677, -0.151101216673851, -0.14219725131988525, -0.1332932859659195, -0.12438932061195374, -0.11548536270856857, -0.10658139735460281, -0.09767743200063705, -0.08877347409725189, -0.07986950874328613, -0.07096554338932037, -0.062061578035354614, -0.05315761640667915, -0.04425365477800369, -0.03534968942403793, -0.026445724070072174, -0.017541762441396713, -0.008637800812721252, 0.00026613473892211914, 0.00917009823024273, 0.01807406172156334, 0.02697802521288395, 0.03588198870420456, 0.04478595405817032, 0.05368991568684578, 0.06259387731552124, 0.071497842669487, 0.08040180802345276, 0.08930577337741852, 0.09820973128080368, 0.10711369663476944, 0.1160176619887352, 0.12492161989212036, 0.13382558524608612, 0.14272955060005188, 0.15163351595401764, 0.1605374813079834, 0.16944144666194916, 0.17834541201591492, 0.18724936246871948, 0.19615332782268524, 0.205057293176651, 0.21396125853061676, 0.22286522388458252, 0.23176918923854828, 0.24067315459251404, 0.2495771050453186, 0.25848108530044556, 0.2673850357532501, 0.2762889862060547, 0.28519296646118164]}, "parameters/value_func.nn.0.bias": {"_type": "histogram", "values": [8.0, 8.0, 7.0, 5.0, 4.0, 3.0, 2.0, 0.0, 3.0, 3.0, 1.0, 0.0, 1.0, 1.0, 0.0, 0.0, 1.0, 1.0, 0.0, 0.0, 3.0, 0.0, 0.0, 0.0, 1.0, 0.0, 1.0, 1.0, 1.0, 0.0, 0.0, 0.0, 2.0, 3.0, 3.0, 1.0, 0.0, 1.0, 2.0, 0.0, 2.0, 2.0, 0.0, 0.0, 1.0, 1.0, 0.0, 0.0, 2.0, 2.0, 0.0, 0.0, 0.0, 0.0, 1.0, 0.0, 2.0, 1.0, 3.0, 5.0, 6.0, 7.0, 14.0, 12.0], "bins": [-0.0719907358288765, -0.0696885734796524, -0.06738641113042831, -0.06508424878120422, -0.06278208643198013, -0.06047992408275604, -0.05817776173353195, -0.05587559938430786, -0.05357343703508377, -0.05127127468585968, -0.04896911233663559, -0.0466669499874115, -0.04436478763818741, -0.04206262528896332, -0.03976046293973923, -0.03745830059051514, -0.035156138241291046, -0.032853975892066956, -0.030551813542842865, -0.028249651193618774, -0.025947488844394684, -0.023645326495170593, -0.021343164145946503, -0.019041001796722412, -0.01673883944749832, -0.014436677098274231, -0.01213451474905014, -0.00983235239982605, -0.007530190050601959, -0.005228027701377869, -0.002925865352153778, -0.0006237030029296875, 0.0016784518957138062, 0.003980614244937897, 0.006282776594161987, 0.008584938943386078, 0.010887101292610168, 0.013189263641834259, 0.01549142599105835, 0.01779358834028244, 0.02009575068950653, 0.02239791303873062, 0.024700075387954712, 0.027002237737178802, 0.029304400086402893, 0.031606562435626984, 0.033908724784851074, 0.036210887134075165, 0.038513049483299255, 0.040815211832523346, 0.043117374181747437, 0.04541953653097153, 0.04772169888019562, 0.05002386122941971, 0.0523260235786438, 0.05462818592786789, 0.05693034827709198, 0.05923251062631607, 0.06153467297554016, 0.06383683532476425, 0.06613899767398834, 0.06844116002321243, 0.07074332237243652, 0.07304548472166061, 0.0753476470708847]}, "parameters/value_func.nn.2.weight": {"_type": "histogram", "values": [2.0, 2.0, 0.0, 0.0, 3.0, 4.0, 0.0, 2.0, 5.0, 5.0, 2.0, 0.0, 0.0, 3.0, 4.0, 4.0, 3.0, 3.0, 1.0, 4.0, 2.0, 2.0, 4.0, 4.0, 3.0, 2.0, 3.0, 2.0, 2.0, 3.0, 0.0, 0.0, 1.0, 3.0, 1.0, 0.0, 3.0, 0.0, 1.0, 2.0, 2.0, 1.0, 1.0, 2.0, 2.0, 5.0, 1.0, 2.0, 4.0, 4.0, 1.0, 1.0, 1.0, 2.0, 0.0, 3.0, 3.0, 1.0, 2.0, 1.0, 2.0, 0.0, 0.0, 2.0], "bins": [-0.2887799143791199, -0.28027859330177307, -0.2717772424221039, -0.2632759213447571, -0.2547746002674103, -0.24627326428890228, -0.2377719283103943, -0.22927060723304749, -0.2207692712545395, -0.2122679352760315, -0.2037666141986847, -0.1952652782201767, -0.1867639422416687, -0.1782626211643219, -0.1697612851858139, -0.1612599492073059, -0.1527586281299591, -0.1442572921514511, -0.1357559710741043, -0.1272546350955963, -0.11875330656766891, -0.11025197803974152, -0.10175064206123352, -0.09324931353330612, -0.08474798500537872, -0.07624665647745132, -0.06774532794952393, -0.05924399197101593, -0.05074266344308853, -0.04224133491516113, -0.033740002661943436, -0.02523867040872574, -0.016737312078475952, -0.008235981687903404, 0.0002653487026691437, 0.008766679093241692, 0.01726800948381424, 0.025769338011741638, 0.034270670264959335, 0.04277200251817703, 0.05127333104610443, 0.05977465957403183, 0.06827598810195923, 0.07677732408046722, 0.08527865260839462, 0.09377998113632202, 0.10228131711483002, 0.11078264564275742, 0.11928397417068481, 0.1277853101491928, 0.1362866312265396, 0.1447879672050476, 0.1532892882823944, 0.1617906242609024, 0.1702919602394104, 0.1787932813167572, 0.1872946172952652, 0.1957959532737732, 0.20429727435112, 0.212798610329628, 0.221299946308136, 0.2298012673854828, 0.23830260336399078, 0.24680393934249878, 0.2553052604198456]}, "parameters/value_func.nn.2.bias": {"_type": "histogram", "values": [0.0, 0.0, 0.0, 0.0, 0.0, 0.0, 0.0, 0.0, 0.0, 0.0, 0.0, 0.0, 0.0, 0.0, 0.0, 0.0, 0.0, 0.0, 0.0, 0.0, 0.0, 0.0, 0.0, 0.0, 0.0, 0.0, 0.0, 0.0, 0.0, 0.0, 0.0, 0.0, 1.0, 0.0, 0.0, 0.0, 0.0, 0.0, 0.0, 0.0, 0.0, 0.0, 0.0, 0.0, 0.0, 0.0, 0.0, 0.0, 0.0, 0.0, 0.0, 0.0, 0.0, 0.0, 0.0, 0.0, 0.0, 0.0, 0.0, 0.0, 0.0, 0.0, 0.0, 0.0], "bins": [-0.07145632803440094, -0.07145632803440094, -0.07145632803440094, -0.07145632803440094, -0.07145632803440094, -0.07145632803440094, -0.07145632803440094, -0.07145632803440094, -0.07145632803440094, -0.07145632803440094, -0.07145632803440094, -0.07145632803440094, -0.07145632803440094, -0.07145632803440094, -0.07145632803440094, -0.07145632803440094, -0.07145632803440094, -0.07145632803440094, -0.07145632803440094, -0.07145632803440094, -0.07145632803440094, -0.07145632803440094, -0.07145632803440094, -0.07145632803440094, -0.07145632803440094, -0.07145632803440094, -0.07145632803440094, -0.07145632803440094, -0.07145632803440094, -0.07145632803440094, -0.07145632803440094, -0.07145632803440094, -0.07145632803440094, -0.07145632803440094, -0.07145632803440094, -0.07145632803440094, -0.07145632803440094, -0.07145632803440094, -0.07145632803440094, -0.07145632803440094, -0.07145632803440094, -0.07145632803440094, -0.07145632803440094, -0.07145632803440094, -0.07145632803440094, -0.07145632803440094, -0.07145632803440094, -0.07145632803440094, -0.07145632803440094, -0.07145632803440094, -0.07145632803440094, -0.07145632803440094, -0.07145632803440094, -0.07145632803440094, -0.07145632803440094, -0.07145632803440094, -0.07145632803440094, -0.07145632803440094, -0.07145632803440094, -0.07145632803440094, -0.07145632803440094, -0.07145632803440094, -0.07145632803440094, -0.07145632803440094, -0.07145632803440094]}, "_wandb": {"runtime": 16}}