{"epoch": 1, "loss": 1527347281920.0, "_timestamp": 1678369471.9067738, "_runtime": 5.813490867614746, "_step": 0, "_wandb": {"runtime": 6}}