{"epoch": 18, "loss": 2009673600.0, "_timestamp": 1678805318.9880598, "_runtime": 64.9041817188263, "_step": 17, "parameters/value_func.nn.0.weight": {"_type": "histogram", "values": [2.0, 1.0, 3.0, 2.0, 1.0, 6.0, 4.0, 3.0, 4.0, 2.0, 1.0, 1.0, 3.0, 3.0, 5.0, 1.0, 4.0, 2.0, 2.0, 3.0, 7.0, 4.0, 13.0, 4.0, 6.0, 5.0, 8.0, 7.0, 6.0, 6.0, 9.0, 7.0, 12.0, 3.0, 10.0, 14.0, 9.0, 8.0, 8.0, 9.0, 8.0, 11.0, 2.0, 7.0, 6.0, 6.0, 5.0, 2.0, 6.0, 7.0, 5.0, 4.0, 6.0, 5.0, 5.0, 2.0, 6.0, 2.0, 4.0, 3.0, 2.0, 5.0, 2.0, 1.0], "bins": [-0.45219290256500244, -0.438372403383255, -0.42455193400382996, -0.4107314348220825, -0.3969109356403351, -0.38309043645858765, -0.3692699670791626, -0.35544946789741516, -0.3416289687156677, -0.3278084695339203, -0.31398800015449524, -0.3001675009727478, -0.28634700179100037, -0.27252650260925293, -0.2587060332298279, -0.24488553404808044, -0.2310650646686554, -0.21724458038806915, -0.20342408120632172, -0.18960359692573547, -0.17578309774398804, -0.1619626134634018, -0.14814212918281555, -0.13432163000106812, -0.12050114572048187, -0.10668065398931503, -0.0928601622581482, -0.07903967797756195, -0.06521918624639511, -0.05139869451522827, -0.03757821023464203, -0.02375771850347519, -0.009937256574630737, 0.003883233293890953, 0.017703723162412643, 0.031524211168289185, 0.045344702899456024, 0.059165194630622864, 0.0729856789112091, 0.08680617064237595, 0.10062666237354279, 0.11444715410470963, 0.12826764583587646, 0.1420881301164627, 0.15590861439704895, 0.1697291135787964, 0.18354959785938263, 0.19737008213996887, 0.2111905813217163, 0.22501106560230255, 0.23883156478405, 0.25265204906463623, 0.26647254824638367, 0.2802930474281311, 0.29411351680755615, 0.3079340159893036, 0.321754515171051, 0.33557501435279846, 0.3493954837322235, 0.36321598291397095, 0.3770364820957184, 0.3908569812774658, 0.40467745065689087, 0.4184979498386383, 0.43231841921806335]}, "parameters/value_func.nn.0.bias": {"_type": "histogram", "values": [4.0, 5.0, 3.0, 2.0, 1.0, 1.0, 0.0, 1.0, 0.0, 2.0, 1.0, 2.0, 1.0, 0.0, 0.0, 1.0, 1.0, 1.0, 0.0, 1.0, 0.0, 0.0, 0.0, 0.0, 1.0, 1.0, 0.0, 1.0, 0.0, 0.0, 0.0, 0.0, 1.0, 1.0, 0.0, 1.0, 0.0, 0.0, 0.0, 0.0, 1.0, 1.0, 0.0, 0.0, 2.0, 1.0, 0.0, 0.0, 0.0, 0.0, 1.0, 0.0, 2.0, 0.0, 1.0, 0.0, 3.0, 1.0, 2.0, 0.0, 4.0, 3.0, 5.0, 4.0], "bins": [-0.1753772348165512, -0.16989538073539734, -0.16441354155540466, -0.1589316874742508, -0.15344983339309692, -0.14796799421310425, -0.14248614013195038, -0.1370042860507965, -0.13152244687080383, -0.12604059278964996, -0.12055874615907669, -0.11507689952850342, -0.10959505289793015, -0.10411320626735687, -0.098631352186203, -0.09314950555562973, -0.08766765147447586, -0.08218580484390259, -0.07670395076274872, -0.07122210413217545, -0.06574025750160217, -0.0602584071457386, -0.05477655678987503, -0.04929471015930176, -0.04381285980343819, -0.038331009447574615, -0.03284916281700134, -0.02736731246113777, -0.02188546396791935, -0.016403615474700928, -0.010921765118837357, -0.005439918488264084, 4.1931867599487305e-05, 0.0055237808264791965, 0.011005629785358906, 0.016487479209899902, 0.021969327703118324, 0.027451176196336746, 0.03293302655220032, 0.03841487318277359, 0.04389672353863716, 0.04937857389450073, 0.054860420525074005, 0.060342270880937576, 0.06582412123680115, 0.07130596786737442, 0.07678781449794769, 0.08226966857910156, 0.08775151520967484, 0.09323336184024811, 0.09871521592140198, 0.10419706255197525, 0.10967890918254852, 0.11516076326370239, 0.12064260989427567, 0.12612445652484894, 0.1316063106060028, 0.13708816468715668, 0.14257000386714935, 0.14805185794830322, 0.1535337120294571, 0.15901555120944977, 0.16449740529060364, 0.1699792444705963, 0.17546109855175018]}, "parameters/value_func.nn.2.weight": {"_type": "histogram", "values": [2.0, 1.0, 1.0, 2.0, 0.0, 2.0, 3.0, 2.0, 1.0, 0.0, 0.0, 1.0, 0.0, 0.0, 2.0, 1.0, 1.0, 1.0, 2.0, 3.0, 0.0, 0.0, 0.0, 1.0, 0.0, 2.0, 4.0, 0.0, 0.0, 1.0, 1.0, 0.0, 0.0, 2.0, 0.0, 1.0, 0.0, 0.0, 1.0, 1.0, 3.0, 0.0, 1.0, 1.0, 0.0, 3.0, 1.0, 1.0, 2.0, 2.0, 1.0, 0.0, 1.0, 0.0, 0.0, 1.0, 1.0, 1.0, 1.0, 0.0, 0.0, 0.0, 2.0, 3.0], "bins": [-0.4152143597602844, -0.40253159403800964, -0.38984885811805725, -0.37716609239578247, -0.3644833266735077, -0.3518005609512329, -0.3391178250312805, -0.32643505930900574, -0.31375229358673096, -0.3010695278644562, -0.2883867919445038, -0.275704026222229, -0.2630212604999542, -0.25033849477767944, -0.23765575885772705, -0.22497299313545227, -0.21229025721549988, -0.1996075063943863, -0.1869247406721115, -0.17424198985099792, -0.16155922412872314, -0.14887647330760956, -0.13619372248649597, -0.12351096421480179, -0.1108282059431076, -0.09814544767141342, -0.08546268939971924, -0.07277993857860565, -0.06009718030691147, -0.047414422035217285, -0.0347316712141037, -0.022048912942409515, -0.009366154670715332, 0.003316601738333702, 0.015999358147382736, 0.02868211269378662, 0.041364870965480804, 0.05404762923717499, 0.06673038005828857, 0.07941313832998276, 0.09209589660167694, 0.10477865487337112, 0.11746141314506531, 0.1301441639661789, 0.14282691478729248, 0.15550968050956726, 0.16819243133068085, 0.18087518215179443, 0.1935579478740692, 0.2062406986951828, 0.21892346441745758, 0.23160621523857117, 0.24428898096084595, 0.25697171688079834, 0.2696544826030731, 0.2823372483253479, 0.2950199842453003, 0.3077027499675751, 0.32038548588752747, 0.33306825160980225, 0.345751017332077, 0.3584337830543518, 0.3711165189743042, 0.383799284696579, 0.39648205041885376]}, "parameters/value_func.nn.2.bias": {"_type": "histogram", "values": [0.0, 0.0, 0.0, 0.0, 0.0, 0.0, 0.0, 0.0, 0.0, 0.0, 0.0, 0.0, 0.0, 0.0, 0.0, 0.0, 0.0, 0.0, 0.0, 0.0, 0.0, 0.0, 0.0, 0.0, 0.0, 0.0, 0.0, 0.0, 0.0, 0.0, 0.0, 0.0, 1.0, 0.0, 0.0, 0.0, 0.0, 0.0, 0.0, 0.0, 0.0, 0.0, 0.0, 0.0, 0.0, 0.0, 0.0, 0.0, 0.0, 0.0, 0.0, 0.0, 0.0, 0.0, 0.0, 0.0, 0.0, 0.0, 0.0, 0.0, 0.0, 0.0, 0.0, 0.0], "bins": [-0.16635127365589142, -0.16635127365589142, -0.16635127365589142, -0.16635127365589142, -0.16635127365589142, -0.16635127365589142, -0.16635127365589142, -0.16635127365589142, -0.16635127365589142, -0.16635127365589142, -0.16635127365589142, -0.16635127365589142, -0.16635127365589142, -0.16635127365589142, -0.16635127365589142, -0.16635127365589142, -0.16635127365589142, -0.16635127365589142, -0.16635127365589142, -0.16635127365589142, -0.16635127365589142, -0.16635127365589142, -0.16635127365589142, -0.16635127365589142, -0.16635127365589142, -0.16635127365589142, -0.16635127365589142, -0.16635127365589142, -0.16635127365589142, -0.16635127365589142, -0.16635127365589142, -0.16635127365589142, -0.16635127365589142, -0.16635127365589142, -0.16635127365589142, -0.16635127365589142, -0.16635127365589142, -0.16635127365589142, -0.16635127365589142, -0.16635127365589142, -0.16635127365589142, -0.16635127365589142, -0.16635127365589142, -0.16635127365589142, -0.16635127365589142, -0.16635127365589142, -0.16635127365589142, -0.16635127365589142, -0.16635127365589142, -0.16635127365589142, -0.16635127365589142, -0.16635127365589142, -0.16635127365589142, -0.16635127365589142, -0.16635127365589142, -0.16635127365589142, -0.16635127365589142, -0.16635127365589142, -0.16635127365589142, -0.16635127365589142, -0.16635127365589142, -0.16635127365589142, -0.16635127365589142, -0.16635127365589142, -0.16635127365589142]}, "_wandb": {"runtime": 64}}