{"epoch": 108, "loss": 40162184.0, "_timestamp": 1678381012.826041, "_runtime": 423.034441947937, "_step": 108, "parameters/value_func.nn.0.weight": {"_type": "histogram", "values": [3.0, 1.0, 3.0, 4.0, 3.0, 5.0, 6.0, 5.0, 3.0, 10.0, 3.0, 6.0, 5.0, 8.0, 11.0, 12.0, 7.0, 7.0, 12.0, 8.0, 9.0, 14.0, 18.0, 20.0, 21.0, 24.0, 22.0, 22.0, 29.0, 18.0, 32.0, 22.0, 26.0, 27.0, 26.0, 19.0, 15.0, 10.0, 16.0, 21.0, 14.0, 6.0, 9.0, 3.0, 10.0, 10.0, 6.0, 4.0, 4.0, 5.0, 4.0, 6.0, 6.0, 6.0, 1.0, 2.0, 6.0, 2.0, 1.0, 0.0, 0.0, 1.0, 0.0, 1.0], "bins": [-0.659374475479126, -0.6377723813056946, -0.6161702871322632, -0.5945681929588318, -0.5729660987854004, -0.551364004611969, -0.5297619104385376, -0.5081598162651062, -0.4865577220916748, -0.4649556279182434, -0.443353533744812, -0.4217514395713806, -0.4001493453979492, -0.3785472512245178, -0.3569451570510864, -0.33534306287765503, -0.31374093890190125, -0.29213884472846985, -0.27053675055503845, -0.24893465638160706, -0.22733256220817566, -0.20573046803474426, -0.18412835896015167, -0.16252626478672028, -0.14092417061328888, -0.11932207643985748, -0.09771998226642609, -0.07611788064241409, -0.0545157864689827, -0.0329136922955513, -0.011311590671539307, 0.01029050350189209, 0.031892597675323486, 0.05349469184875488, 0.07509678602218628, 0.09669888764619827, 0.11830098181962967, 0.13990306854248047, 0.16150517761707306, 0.18310727179050446, 0.20470936596393585, 0.22631146013736725, 0.24791355431079865, 0.26951566338539124, 0.29111775755882263, 0.31271985173225403, 0.3343219459056854, 0.3559240400791168, 0.3775261342525482, 0.3991282284259796, 0.420730322599411, 0.4423324167728424, 0.4639345109462738, 0.4855366051197052, 0.507138729095459, 0.5287408232688904, 0.5503429174423218, 0.5719450116157532, 0.5935471057891846, 0.615149199962616, 0.6367512941360474, 0.6583533883094788, 0.6799554824829102, 0.7015575766563416, 0.723159670829773]}, "parameters/value_func.nn.0.bias": {"_type": "histogram", "values": [1.0, 0.0, 0.0, 1.0, 1.0, 0.0, 0.0, 2.0, 2.0, 0.0, 3.0, 0.0, 2.0, 0.0, 1.0, 1.0, 2.0, 1.0, 4.0, 3.0, 3.0, 0.0, 2.0, 3.0, 4.0, 7.0, 4.0, 1.0, 2.0, 3.0, 4.0, 4.0, 2.0, 5.0, 6.0, 5.0, 5.0, 3.0, 2.0, 5.0, 4.0, 2.0, 1.0, 7.0, 1.0, 2.0, 0.0, 4.0, 0.0, 1.0, 5.0, 1.0, 1.0, 1.0, 0.0, 1.0, 0.0, 0.0, 0.0, 0.0, 0.0, 0.0, 2.0, 1.0], "bins": [-0.3968895375728607, -0.38348981738090515, -0.3700900673866272, -0.35669034719467163, -0.34329062700271606, -0.3298908770084381, -0.31649115681648254, -0.3030914068222046, -0.289691686630249, -0.27629196643829346, -0.2628922164440155, -0.24949249625205994, -0.23609276115894318, -0.22269302606582642, -0.20929330587387085, -0.1958935707807541, -0.18249383568763733, -0.16909410059452057, -0.1556943655014038, -0.14229464530944824, -0.12889491021633148, -0.11549517512321472, -0.10209544748067856, -0.0886957198381424, -0.07529598474502563, -0.06189625337719917, -0.04849652200937271, -0.03509679064154625, -0.021697059273719788, -0.008297324180603027, 0.005102403461933136, 0.0185021311044693, 0.03190186619758606, 0.04530159756541252, 0.05870132893323898, 0.07210105657577515, 0.0855007916688919, 0.09890052676200867, 0.11230025440454483, 0.125699982047081, 0.13909971714019775, 0.15249945223331451, 0.16589918732643127, 0.17929890751838684, 0.1926986426115036, 0.20609837770462036, 0.21949809789657593, 0.2328978329896927, 0.24629756808280945, 0.259697288274765, 0.27309703826904297, 0.28649675846099854, 0.2998964786529541, 0.31329622864723206, 0.3266959488391876, 0.3400956988334656, 0.35349541902542114, 0.3668951392173767, 0.38029488921165466, 0.39369460940361023, 0.4070943593978882, 0.42049407958984375, 0.4338937997817993, 0.4472935199737549, 0.46069326996803284]}, "parameters/value_func.nn.2.weight": {"_type": "histogram", "values": [1.0, 0.0, 0.0, 1.0, 0.0, 1.0, 0.0, 0.0, 2.0, 1.0, 1.0, 4.0, 1.0, 0.0, 5.0, 1.0, 4.0, 3.0, 4.0, 1.0, 6.0, 3.0, 4.0, 4.0, 3.0, 4.0, 6.0, 1.0, 0.0, 4.0, 1.0, 4.0, 3.0, 3.0, 1.0, 3.0, 1.0, 4.0, 0.0, 1.0, 1.0, 6.0, 2.0, 4.0, 3.0, 1.0, 2.0, 1.0, 2.0, 1.0, 0.0, 4.0, 1.0, 2.0, 0.0, 1.0, 1.0, 1.0, 1.0, 2.0, 2.0, 1.0, 1.0, 2.0], "bins": [-0.5884925127029419, -0.5709236860275269, -0.553354799747467, -0.5357859134674072, -0.5182170867919922, -0.5006482601165771, -0.48307937383651733, -0.4655105173587799, -0.4479416608810425, -0.43037280440330505, -0.4128039479255676, -0.3952350914478302, -0.3776662349700928, -0.36009737849235535, -0.3425285220146179, -0.3249596655368805, -0.30739080905914307, -0.28982195258140564, -0.2722530961036682, -0.2546842396259308, -0.23711538314819336, -0.21954652667045593, -0.2019776701927185, -0.18440881371498108, -0.16683995723724365, -0.14927110075950623, -0.1317022442817688, -0.11413338780403137, -0.09656453132629395, -0.07899567484855652, -0.06142681837081909, -0.043857961893081665, -0.026289165019989014, -0.008720308542251587, 0.00884854793548584, 0.026417404413223267, 0.04398626089096069, 0.06155511736869812, 0.07912397384643555, 0.09669283032417297, 0.1142616868019104, 0.13183054327964783, 0.14939939975738525, 0.16696825623512268, 0.1845371127128601, 0.20210596919059753, 0.21967482566833496, 0.2372436821460724, 0.2548125386238098, 0.27238139510154724, 0.28995025157928467, 0.3075191080570221, 0.3250879645347595, 0.34265682101249695, 0.3602256774902344, 0.3777945339679718, 0.39536339044570923, 0.41293224692344666, 0.4305011034011841, 0.4480699598789215, 0.46563881635665894, 0.48320767283439636, 0.5007765293121338, 0.5183453559875488, 0.5359142422676086]}, "parameters/value_func.nn.2.bias": {"_type": "histogram", "values": [0.0, 0.0, 0.0, 0.0, 0.0, 0.0, 0.0, 0.0, 0.0, 0.0, 0.0, 0.0, 0.0, 0.0, 0.0, 0.0, 0.0, 0.0, 0.0, 0.0, 0.0, 0.0, 0.0, 0.0, 0.0, 0.0, 0.0, 0.0, 0.0, 0.0, 0.0, 0.0, 1.0, 0.0, 0.0, 0.0, 0.0, 0.0, 0.0, 0.0, 0.0, 0.0, 0.0, 0.0, 0.0, 0.0, 0.0, 0.0, 0.0, 0.0, 0.0, 0.0, 0.0, 0.0, 0.0, 0.0, 0.0, 0.0, 0.0, 0.0, 0.0, 0.0, 0.0, 0.0], "bins": [-0.2193453162908554, -0.2193453162908554, -0.2193453162908554, -0.2193453162908554, -0.2193453162908554, -0.2193453162908554, -0.2193453162908554, -0.2193453162908554, -0.2193453162908554, -0.2193453162908554, -0.2193453162908554, -0.2193453162908554, -0.2193453162908554, -0.2193453162908554, -0.2193453162908554, -0.2193453162908554, -0.2193453162908554, -0.2193453162908554, -0.2193453162908554, -0.2193453162908554, -0.2193453162908554, -0.2193453162908554, -0.2193453162908554, -0.2193453162908554, -0.2193453162908554, -0.2193453162908554, -0.2193453162908554, -0.2193453162908554, -0.2193453162908554, -0.2193453162908554, -0.2193453162908554, -0.2193453162908554, -0.2193453162908554, -0.2193453162908554, -0.2193453162908554, -0.2193453162908554, -0.2193453162908554, -0.2193453162908554, -0.2193453162908554, -0.2193453162908554, -0.2193453162908554, -0.2193453162908554, -0.2193453162908554, -0.2193453162908554, -0.2193453162908554, -0.2193453162908554, -0.2193453162908554, -0.2193453162908554, -0.2193453162908554, -0.2193453162908554, -0.2193453162908554, -0.2193453162908554, -0.2193453162908554, -0.2193453162908554, -0.2193453162908554, -0.2193453162908554, -0.2193453162908554, -0.2193453162908554, -0.2193453162908554, -0.2193453162908554, -0.2193453162908554, -0.2193453162908554, -0.2193453162908554, -0.2193453162908554, -0.2193453162908554]}, "_wandb": {"runtime": 426}}