{"epoch": 56, "loss": 2527721728.0, "_timestamp": 1678387956.8371294, "_runtime": 62.273683309555054, "_step": 54, "parameters/value_func.nn.0.weight": {"_type": "histogram", "values": [1.0, 0.0, 0.0, 1.0, 5.0, 3.0, 4.0, 8.0, 5.0, 9.0, 9.0, 6.0, 7.0, 8.0, 8.0, 8.0, 14.0, 11.0, 15.0, 13.0, 9.0, 21.0, 19.0, 18.0, 17.0, 27.0, 18.0, 16.0, 19.0, 19.0, 21.0, 13.0, 12.0, 19.0, 12.0, 23.0, 23.0, 25.0, 16.0, 15.0, 14.0, 3.0, 13.0, 8.0, 9.0, 10.0, 12.0, 9.0, 6.0, 4.0, 14.0, 8.0, 6.0, 4.0, 6.0, 6.0, 2.0, 2.0, 2.0, 1.0, 0.0, 0.0, 2.0, 2.0], "bins": [-0.5936583876609802, -0.5744532942771912, -0.5552481412887573, -0.5360430479049683, -0.5168379545211792, -0.49763280153274536, -0.4784277081489563, -0.45922258496284485, -0.4400174617767334, -0.42081233859062195, -0.4016072154045105, -0.38240212202072144, -0.36319699883461, -0.34399187564849854, -0.3247867822647095, -0.305581659078598, -0.2863765358924866, -0.2671714127063751, -0.24796630442142487, -0.2287611961364746, -0.20955607295036316, -0.1903509497642517, -0.17114584147930145, -0.1519407331943512, -0.13273561000823975, -0.11353049427270889, -0.09432537853717804, -0.07512026280164719, -0.05591514706611633, -0.03671003133058548, -0.017504915595054626, 0.0017001926898956299, 0.02090531587600708, 0.04011043161153793, 0.05931554734706879, 0.07852066308259964, 0.0977257788181305, 0.11693089455366135, 0.1361360102891922, 0.15534111857414246, 0.1745462417602539, 0.19375136494636536, 0.2129564732313156, 0.23216158151626587, 0.2513667047023773, 0.27057182788848877, 0.28977692127227783, 0.3089820444583893, 0.32818716764450073, 0.3473922908306122, 0.36659741401672363, 0.3858025074005127, 0.40500763058662415, 0.4242127537727356, 0.44341784715652466, 0.4626229703426361, 0.48182809352874756, 0.5010331869125366, 0.5202383399009705, 0.5394434332847595, 0.5586485862731934, 0.5778536796569824, 0.5970587730407715, 0.6162638664245605, 0.6354690194129944]}, "parameters/value_func.nn.0.bias": {"_type": "histogram", "values": [1.0, 0.0, 0.0, 0.0, 1.0, 0.0, 1.0, 1.0, 0.0, 3.0, 3.0, 7.0, 5.0, 2.0, 5.0, 7.0, 5.0, 5.0, 3.0, 2.0, 1.0, 5.0, 0.0, 4.0, 4.0, 2.0, 5.0, 5.0, 3.0, 6.0, 6.0, 5.0, 3.0, 3.0, 3.0, 1.0, 1.0, 1.0, 2.0, 0.0, 1.0, 0.0, 1.0, 0.0, 0.0, 0.0, 0.0, 0.0, 1.0, 2.0, 1.0, 2.0, 0.0, 2.0, 1.0, 1.0, 2.0, 0.0, 1.0, 0.0, 0.0, 0.0, 1.0, 1.0], "bins": [-0.3083198666572571, -0.2991674840450287, -0.2900151014328003, -0.2808627188205719, -0.2717103362083435, -0.2625579833984375, -0.2534056007862091, -0.2442532181739807, -0.23510083556175232, -0.22594845294952393, -0.21679607033729553, -0.20764370262622833, -0.19849132001399994, -0.18933893740177155, -0.18018656969070435, -0.17103418707847595, -0.16188180446624756, -0.15272942185401917, -0.14357703924179077, -0.13442467153072357, -0.12527228891849518, -0.11611990630626678, -0.10696753114461899, -0.09781515598297119, -0.0886627733707428, -0.0795103907585144, -0.07035801559686661, -0.06120563670992851, -0.05205325782299042, -0.04290087893605232, -0.03374850004911423, -0.02459612488746643, -0.015443772077560425, -0.00629139319062233, 0.0028609856963157654, 0.01201336458325386, 0.021165743470191956, 0.03031812235713005, 0.039470501244068146, 0.04862287640571594, 0.057775259017944336, 0.06692764163017273, 0.07608001679182053, 0.08523239195346832, 0.09438477456569672, 0.10353715717792511, 0.1126895323395729, 0.1218419075012207, 0.1309942901134491, 0.1401466727256775, 0.14929905533790588, 0.15845142304897308, 0.16760380566120148, 0.17675618827342987, 0.18590855598449707, 0.19506093859672546, 0.20421332120895386, 0.21336570382118225, 0.22251808643341064, 0.23167045414447784, 0.24082283675670624, 0.24997521936893463, 0.25912758708000183, 0.2682799696922302, 0.2774323523044586]}, "parameters/value_func.nn.2.weight": {"_type": "histogram", "values": [4.0, 2.0, 4.0, 4.0, 5.0, 5.0, 8.0, 5.0, 3.0, 9.0, 2.0, 7.0, 5.0, 1.0, 3.0, 0.0, 3.0, 4.0, 1.0, 2.0, 1.0, 0.0, 1.0, 1.0, 2.0, 0.0, 1.0, 1.0, 2.0, 2.0, 2.0, 1.0, 3.0, 2.0, 1.0, 0.0, 1.0, 1.0, 1.0, 0.0, 1.0, 1.0, 1.0, 0.0, 1.0, 1.0, 0.0, 2.0, 0.0, 4.0, 3.0, 0.0, 0.0, 0.0, 3.0, 5.0, 2.0, 0.0, 2.0, 0.0, 0.0, 1.0, 0.0, 1.0], "bins": [-0.5038570165634155, -0.4877850115299225, -0.47171300649642944, -0.4556410014629364, -0.43956899642944336, -0.4234969913959503, -0.4074249863624573, -0.3913530111312866, -0.3752809762954712, -0.35920897126197815, -0.3431369662284851, -0.32706496119499207, -0.310992956161499, -0.294920951128006, -0.27884894609451294, -0.2627769708633423, -0.24670496582984924, -0.2306329607963562, -0.21456095576286316, -0.19848895072937012, -0.18241694569587708, -0.16634494066238403, -0.15027295053005219, -0.13420094549655914, -0.1181289404630661, -0.10205693542957306, -0.08598493039608002, -0.06991293281316757, -0.05384092777967453, -0.03776892274618149, -0.021696925163269043, -0.005624920129776001, 0.010447084903717041, 0.026519088074564934, 0.04259109124541283, 0.05866309255361557, 0.07473509758710861, 0.09080710262060165, 0.1068791002035141, 0.12295110523700714, 0.13902311027050018, 0.15509511530399323, 0.17116712033748627, 0.18723911046981812, 0.20331111550331116, 0.2193831205368042, 0.23545512557029724, 0.2515271306037903, 0.2675991356372833, 0.28367114067077637, 0.2997431457042694, 0.31581515073776245, 0.3318871557712555, 0.34795916080474854, 0.3640311360359192, 0.3801031708717346, 0.3961751461029053, 0.4122471511363983, 0.42831915616989136, 0.4443911612033844, 0.46046316623687744, 0.4765351712703705, 0.4926071763038635, 0.5086791515350342, 0.5247511863708496]}, "parameters/value_func.nn.2.bias": {"_type": "histogram", "values": [0.0, 0.0, 0.0, 0.0, 0.0, 0.0, 0.0, 0.0, 0.0, 0.0, 0.0, 0.0, 0.0, 0.0, 0.0, 0.0, 0.0, 0.0, 0.0, 0.0, 0.0, 0.0, 0.0, 0.0, 0.0, 0.0, 0.0, 0.0, 0.0, 0.0, 0.0, 0.0, 1.0, 0.0, 0.0, 0.0, 0.0, 0.0, 0.0, 0.0, 0.0, 0.0, 0.0, 0.0, 0.0, 0.0, 0.0, 0.0, 0.0, 0.0, 0.0, 0.0, 0.0, 0.0, 0.0, 0.0, 0.0, 0.0, 0.0, 0.0, 0.0, 0.0, 0.0, 0.0], "bins": [-0.09261633455753326, -0.09261633455753326, -0.09261633455753326, -0.09261633455753326, -0.09261633455753326, -0.09261633455753326, -0.09261633455753326, -0.09261633455753326, -0.09261633455753326, -0.09261633455753326, -0.09261633455753326, -0.09261633455753326, -0.09261633455753326, -0.09261633455753326, -0.09261633455753326, -0.09261633455753326, -0.09261633455753326, -0.09261633455753326, -0.09261633455753326, -0.09261633455753326, -0.09261633455753326, -0.09261633455753326, -0.09261633455753326, -0.09261633455753326, -0.09261633455753326, -0.09261633455753326, -0.09261633455753326, -0.09261633455753326, -0.09261633455753326, -0.09261633455753326, -0.09261633455753326, -0.09261633455753326, -0.09261633455753326, -0.09261633455753326, -0.09261633455753326, -0.09261633455753326, -0.09261633455753326, -0.09261633455753326, -0.09261633455753326, -0.09261633455753326, -0.09261633455753326, -0.09261633455753326, -0.09261633455753326, -0.09261633455753326, -0.09261633455753326, -0.09261633455753326, -0.09261633455753326, -0.09261633455753326, -0.09261633455753326, -0.09261633455753326, -0.09261633455753326, -0.09261633455753326, -0.09261633455753326, -0.09261633455753326, -0.09261633455753326, -0.09261633455753326, -0.09261633455753326, -0.09261633455753326, -0.09261633455753326, -0.09261633455753326, -0.09261633455753326, -0.09261633455753326, -0.09261633455753326, -0.09261633455753326, -0.09261633455753326]}, "_wandb": {"runtime": 62}}