{"epoch": 139, "loss": 8918.0380859375, "_timestamp": 1678446360.5652962, "_runtime": 180.25831723213196, "_step": 137, "parameters/value_func.nn.0.weight": {"_type": "histogram", "values": [3.0, 1.0, 4.0, 0.0, 4.0, 7.0, 6.0, 10.0, 8.0, 8.0, 8.0, 6.0, 16.0, 10.0, 14.0, 6.0, 8.0, 7.0, 14.0, 12.0, 9.0, 18.0, 19.0, 12.0, 14.0, 17.0, 10.0, 10.0, 13.0, 6.0, 14.0, 15.0, 17.0, 14.0, 11.0, 10.0, 8.0, 8.0, 11.0, 11.0, 8.0, 13.0, 8.0, 13.0, 19.0, 8.0, 12.0, 13.0, 14.0, 15.0, 12.0, 8.0, 15.0, 13.0, 12.0, 12.0, 13.0, 8.0, 7.0, 5.0, 2.0, 5.0, 4.0, 2.0], "bins": [-0.256106972694397, -0.24848468601703644, -0.2408624142408371, -0.23324012756347656, -0.22561784088611603, -0.2179955691099167, -0.21037328243255615, -0.2027510106563568, -0.19512872397899628, -0.18750643730163574, -0.1798841655254364, -0.17226187884807587, -0.16463959217071533, -0.157017320394516, -0.14939503371715546, -0.14177274703979492, -0.13415047526359558, -0.12652818858623505, -0.11890590935945511, -0.11128363013267517, -0.10366135090589523, -0.0960390716791153, -0.08841678500175476, -0.08079450577497482, -0.07317221164703369, -0.06554993242025375, -0.05792764946818352, -0.05030536651611328, -0.042683087289333344, -0.03506080433726311, -0.02743852138519287, -0.019816242158412933, -0.012193962931632996, -0.004571681376546621, 0.003050600178539753, 0.010672882199287415, 0.0182951632887125, 0.02591744437813759, 0.033539727330207825, 0.04116200655698776, 0.048784289509058, 0.056406572461128235, 0.06402885168790817, 0.07165113091468811, 0.07927341759204865, 0.08689569681882858, 0.09451797604560852, 0.10214026272296906, 0.10976254194974899, 0.11738482117652893, 0.12500710785388947, 0.13262939453125, 0.14025166630744934, 0.14787395298480988, 0.1554962396621704, 0.16311851143836975, 0.17074079811573029, 0.17836308479309082, 0.18598535656929016, 0.1936076432466507, 0.20122992992401123, 0.20885220170021057, 0.2164744883775711, 0.22409677505493164, 0.23171904683113098]}, "parameters/value_func.nn.0.bias": {"_type": "histogram", "values": [1.0, 0.0, 0.0, 0.0, 0.0, 1.0, 0.0, 3.0, 0.0, 1.0, 0.0, 0.0, 0.0, 0.0, 1.0, 0.0, 0.0, 1.0, 2.0, 2.0, 4.0, 4.0, 3.0, 5.0, 5.0, 5.0, 1.0, 4.0, 1.0, 2.0, 2.0, 4.0, 0.0, 1.0, 4.0, 2.0, 3.0, 2.0, 0.0, 1.0, 1.0, 0.0, 0.0, 3.0, 1.0, 1.0, 3.0, 0.0, 3.0, 6.0, 2.0, 1.0, 4.0, 3.0, 5.0, 5.0, 7.0, 5.0, 5.0, 2.0, 3.0, 1.0, 1.0, 1.0], "bins": [-0.06400400400161743, -0.06263599544763565, -0.06126797944307327, -0.05989996716380119, -0.058531954884529114, -0.05716394633054733, -0.055795930325984955, -0.054427921772003174, -0.053059909492731094, -0.051691897213459015, -0.050323884934186935, -0.048955872654914856, -0.047587860375642776, -0.0462198480963707, -0.044851839542388916, -0.04348382726311684, -0.04211581498384476, -0.04074780270457268, -0.0393797904253006, -0.03801177814602852, -0.03664376586675644, -0.03527575731277466, -0.03390774130821228, -0.0325397327542305, -0.03117171674966812, -0.029803704470396042, -0.028435692191123962, -0.027067679911851883, -0.025699669495224953, -0.024331657215952873, -0.022963644936680794, -0.021595634520053864, -0.020227620378136635, -0.018859608098864555, -0.017491595819592476, -0.016123585402965546, -0.014755573123693466, -0.013387560844421387, -0.012019548565149307, -0.010651537217199802, -0.009283524937927723, -0.007915512658655643, -0.006547501310706139, -0.005179489031434059, -0.003811477217823267, -0.002443465404212475, -0.0010754531249403954, 0.0002925582230091095, 0.001660570502281189, 0.003028582315891981, 0.004396594129502773, 0.005764606408774853, 0.007132618222385645, 0.008500630035996437, 0.009868642315268517, 0.011236653663218021, 0.0126046659424901, 0.01397267822176218, 0.015340689569711685, 0.016708701848983765, 0.018076714128255844, 0.019444726407527924, 0.020812738686800003, 0.022180749103426933, 0.023548761382699013]}, "parameters/value_func.nn.2.weight": {"_type": "histogram", "values": [5.0, 1.0, 1.0, 1.0, 1.0, 3.0, 2.0, 0.0, 2.0, 2.0, 3.0, 0.0, 5.0, 2.0, 0.0, 4.0, 0.0, 0.0, 3.0, 2.0, 6.0, 2.0, 2.0, 2.0, 2.0, 1.0, 0.0, 1.0, 3.0, 6.0, 2.0, 3.0, 4.0, 0.0, 0.0, 1.0, 2.0, 3.0, 2.0, 4.0, 1.0, 1.0, 1.0, 3.0, 3.0, 4.0, 2.0, 1.0, 1.0, 4.0, 1.0, 0.0, 1.0, 3.0, 1.0, 4.0, 2.0, 2.0, 2.0, 2.0, 2.0, 1.0, 2.0, 1.0], "bins": [-0.22546084225177765, -0.21885284781455994, -0.21224486827850342, -0.2056368738412857, -0.1990288943052292, -0.19242089986801147, -0.18581292033195496, -0.17920492589473724, -0.17259693145751953, -0.16598893702030182, -0.1593809574842453, -0.1527729630470276, -0.14616498351097107, -0.13955698907375336, -0.13294899463653564, -0.12634101510047913, -0.11973303556442261, -0.11312504857778549, -0.10651706159114838, -0.09990906715393066, -0.09330108761787415, -0.08669309318065643, -0.08008510619401932, -0.0734771192073822, -0.06686913222074509, -0.06026114523410797, -0.053653158247470856, -0.04704516753554344, -0.040437180548906326, -0.03382919356226921, -0.027221202850341797, -0.02061321586370468, -0.01400524377822876, -0.00739725586026907, -0.0007892679423093796, 0.005818720906972885, 0.01242670789361, 0.019034694880247116, 0.02564268559217453, 0.032250672578811646, 0.03885865956544876, 0.045466646552085876, 0.05207463353872299, 0.058682624250650406, 0.06529061496257782, 0.07189859449863434, 0.07850658893585205, 0.08511457592248917, 0.09172256290912628, 0.0983305498957634, 0.10493853688240051, 0.11154653131961823, 0.11815451085567474, 0.12476250529289246, 0.13137048482894897, 0.1379784792661667, 0.1445864737033844, 0.1511944681406021, 0.15780244767665863, 0.16441044211387634, 0.17101842164993286, 0.17762641608715057, 0.1842344105243683, 0.1908423900604248, 0.19745036959648132]}, "parameters/value_func.nn.2.bias": {"_type": "histogram", "values": [0.0, 0.0, 0.0, 0.0, 0.0, 0.0, 0.0, 0.0, 0.0, 0.0, 0.0, 0.0, 0.0, 0.0, 0.0, 0.0, 0.0, 0.0, 0.0, 0.0, 0.0, 0.0, 0.0, 0.0, 0.0, 0.0, 0.0, 0.0, 0.0, 0.0, 0.0, 0.0, 1.0, 0.0, 0.0, 0.0, 0.0, 0.0, 0.0, 0.0, 0.0, 0.0, 0.0, 0.0, 0.0, 0.0, 0.0, 0.0, 0.0, 0.0, 0.0, 0.0, 0.0, 0.0, 0.0, 0.0, 0.0, 0.0, 0.0, 0.0, 0.0, 0.0, 0.0, 0.0], "bins": [-0.02030705101788044, -0.02030705101788044, -0.02030705101788044, -0.02030705101788044, -0.02030705101788044, -0.02030705101788044, -0.02030705101788044, -0.02030705101788044, -0.02030705101788044, -0.02030705101788044, -0.02030705101788044, -0.02030705101788044, -0.02030705101788044, -0.02030705101788044, -0.02030705101788044, -0.02030705101788044, -0.02030705101788044, -0.02030705101788044, -0.02030705101788044, -0.02030705101788044, -0.02030705101788044, -0.02030705101788044, -0.02030705101788044, -0.02030705101788044, -0.02030705101788044, -0.02030705101788044, -0.02030705101788044, -0.02030705101788044, -0.02030705101788044, -0.02030705101788044, -0.02030705101788044, -0.02030705101788044, -0.02030705101788044, -0.02030705101788044, -0.02030705101788044, -0.02030705101788044, -0.02030705101788044, -0.02030705101788044, -0.02030705101788044, -0.02030705101788044, -0.02030705101788044, -0.02030705101788044, -0.02030705101788044, -0.02030705101788044, -0.02030705101788044, -0.02030705101788044, -0.02030705101788044, -0.02030705101788044, -0.02030705101788044, -0.02030705101788044, -0.02030705101788044, -0.02030705101788044, -0.02030705101788044, -0.02030705101788044, -0.02030705101788044, -0.02030705101788044, -0.02030705101788044, -0.02030705101788044, -0.02030705101788044, -0.02030705101788044, -0.02030705101788044, -0.02030705101788044, -0.02030705101788044, -0.02030705101788044, -0.02030705101788044]}, "_wandb": {"runtime": 180}}