{"epoch": 28, "loss": 664810432.0, "_timestamp": 1678713338.7433503, "_runtime": 35.08836126327515, "_step": 26, "parameters/value_func.nn.0.weight": {"_type": "histogram", "values": [2.0, 4.0, 4.0, 0.0, 7.0, 5.0, 2.0, 7.0, 7.0, 3.0, 4.0, 6.0, 10.0, 8.0, 8.0, 9.0, 9.0, 10.0, 12.0, 8.0, 18.0, 16.0, 15.0, 8.0, 13.0, 10.0, 15.0, 18.0, 23.0, 17.0, 13.0, 18.0, 11.0, 17.0, 16.0, 22.0, 14.0, 13.0, 17.0, 8.0, 10.0, 13.0, 7.0, 15.0, 15.0, 15.0, 12.0, 8.0, 6.0, 11.0, 10.0, 11.0, 6.0, 11.0, 9.0, 7.0, 12.0, 6.0, 4.0, 5.0, 6.0, 3.0, 4.0, 7.0], "bins": [-0.30781060457229614, -0.2981639504432678, -0.2885172665119171, -0.2788706123828888, -0.2692239284515381, -0.25957727432250977, -0.24993062019348145, -0.24028395116329193, -0.23063728213310242, -0.2209906131029129, -0.2113439440727234, -0.20169728994369507, -0.19205062091350555, -0.18240395188331604, -0.17275729775428772, -0.1631106287240982, -0.1534639596939087, -0.14381729066371918, -0.13417062163352966, -0.12452396750450134, -0.11487729847431183, -0.10523062944412231, -0.0955839678645134, -0.08593730628490448, -0.07629063725471497, -0.06664396822452545, -0.056997306644916534, -0.04735064134001732, -0.0377039760351181, -0.028057310730218887, -0.01841064542531967, -0.008763983845710754, 0.0008826851844787598, 0.010529350489377975, 0.02017601579427719, 0.029822681099176407, 0.03946934640407562, 0.04911601170897484, 0.058762677013874054, 0.06840933859348297, 0.07805600762367249, 0.087702676653862, 0.09734933823347092, 0.10699599981307983, 0.11664266884326935, 0.12628933787345886, 0.13593599200248718, 0.1455826610326767, 0.1552293300628662, 0.16487599909305573, 0.17452266812324524, 0.18416932225227356, 0.19381599128246307, 0.2034626603126526, 0.2131093144416809, 0.22275598347187042, 0.23240265250205994, 0.24204932153224945, 0.25169599056243896, 0.2613426446914673, 0.2709892988204956, 0.2806359827518463, 0.29028263688087463, 0.29992932081222534, 0.30957597494125366]}, "parameters/value_func.nn.0.bias": {"_type": "histogram", "values": [1.0, 2.0, 3.0, 4.0, 7.0, 8.0, 4.0, 3.0, 5.0, 3.0, 3.0, 1.0, 0.0, 0.0, 2.0, 0.0, 0.0, 1.0, 0.0, 2.0, 1.0, 2.0, 0.0, 1.0, 0.0, 0.0, 2.0, 1.0, 1.0, 1.0, 0.0, 2.0, 2.0, 0.0, 3.0, 1.0, 1.0, 3.0, 0.0, 1.0, 1.0, 0.0, 3.0, 1.0, 2.0, 1.0, 4.0, 0.0, 0.0, 1.0, 0.0, 0.0, 0.0, 1.0, 3.0, 5.0, 3.0, 2.0, 4.0, 2.0, 3.0, 6.0, 6.0, 9.0], "bins": [-0.09446925669908524, -0.09138356894254684, -0.08829788118600845, -0.08521218597888947, -0.08212649822235107, -0.07904081046581268, -0.07595512270927429, -0.0728694349527359, -0.06978374719619751, -0.06669805943965912, -0.06361237168312073, -0.06052668020129204, -0.05744098871946335, -0.05435530096292496, -0.051269613206386566, -0.048183925449848175, -0.04509823024272919, -0.042012542486190796, -0.038926851004362106, -0.035841163247823715, -0.032755471765995026, -0.029669784009456635, -0.026584096252918243, -0.023498406633734703, -0.020412717014551163, -0.017327027395367622, -0.014241338707506657, -0.011155650019645691, -0.00806996040046215, -0.00498427078127861, -0.0018985830247402191, 0.0011871065944433212, 0.004272796213626862, 0.007358485367149115, 0.010444174520671368, 0.013529863208532333, 0.016615552827715874, 0.019701242446899414, 0.022786930203437805, 0.025872619822621346, 0.028958309441804886, 0.03204399719834328, 0.03512968868017197, 0.03821537643671036, 0.04130106419324875, 0.04438675567507744, 0.04747244343161583, 0.05055813491344452, 0.05364382266998291, 0.0567295104265213, 0.05981520190834999, 0.06290088593959808, 0.06598658114671707, 0.06907226890325546, 0.07215795665979385, 0.07524364441633224, 0.07832933962345123, 0.08141502737998962, 0.08450071513652802, 0.0875864028930664, 0.0906720981001854, 0.09375778585672379, 0.09684347361326218, 0.09992916136980057, 0.10301484912633896]}, "parameters/value_func.nn.2.weight": {"_type": "histogram", "values": [2.0, 1.0, 3.0, 1.0, 3.0, 1.0, 1.0, 2.0, 3.0, 0.0, 4.0, 4.0, 6.0, 4.0, 4.0, 2.0, 2.0, 2.0, 1.0, 3.0, 2.0, 2.0, 3.0, 3.0, 2.0, 3.0, 2.0, 4.0, 3.0, 2.0, 4.0, 2.0, 2.0, 3.0, 1.0, 1.0, 3.0, 3.0, 2.0, 0.0, 2.0, 2.0, 1.0, 1.0, 3.0, 1.0, 2.0, 2.0, 4.0, 4.0, 1.0, 3.0, 3.0, 1.0, 0.0, 0.0, 0.0, 0.0, 1.0, 0.0, 0.0, 0.0, 0.0, 1.0], "bins": [-0.3143724799156189, -0.3058082163333893, -0.29724395275115967, -0.28867971897125244, -0.2801154553890228, -0.2715511918067932, -0.2629869282245636, -0.254422664642334, -0.24585840106010437, -0.23729413747787476, -0.22872988879680634, -0.22016562521457672, -0.2116013616323471, -0.2030371129512787, -0.19447284936904907, -0.18590858578681946, -0.17734433710575104, -0.16878007352352142, -0.160215824842453, -0.1516515612602234, -0.14308729767799377, -0.13452303409576416, -0.12595878541469574, -0.11739452183246613, -0.10883026570081711, -0.10026600956916809, -0.09170174598693848, -0.08313748985528946, -0.07457323372364044, -0.06600897014141083, -0.05744471400976181, -0.048880454152822495, -0.04031620919704437, -0.03175194934010506, -0.02318769134581089, -0.014623433351516724, -0.006059173494577408, 0.002505086362361908, 0.011069342494010925, 0.01963360235095024, 0.028197862207889557, 0.03676212206482887, 0.04532638192176819, 0.053890638053417206, 0.06245489791035652, 0.07101915776729584, 0.07958341389894485, 0.08814767003059387, 0.09671193361282349, 0.1052761897444725, 0.11384045332670212, 0.12240470945835114, 0.13096897304058075, 0.13953322172164917, 0.14809748530387878, 0.1566617488861084, 0.165226012468338, 0.17379027605056763, 0.18235452473163605, 0.19091878831386566, 0.19948305189609528, 0.2080473005771637, 0.2166115641593933, 0.22517582774162292, 0.23374007642269135]}, "parameters/value_func.nn.2.bias": {"_type": "histogram", "values": [0.0, 0.0, 0.0, 0.0, 0.0, 0.0, 0.0, 0.0, 0.0, 0.0, 0.0, 0.0, 0.0, 0.0, 0.0, 0.0, 0.0, 0.0, 0.0, 0.0, 0.0, 0.0, 0.0, 0.0, 0.0, 0.0, 0.0, 0.0, 0.0, 0.0, 0.0, 0.0, 1.0, 0.0, 0.0, 0.0, 0.0, 0.0, 0.0, 0.0, 0.0, 0.0, 0.0, 0.0, 0.0, 0.0, 0.0, 0.0, 0.0, 0.0, 0.0, 0.0, 0.0, 0.0, 0.0, 0.0, 0.0, 0.0, 0.0, 0.0, 0.0, 0.0, 0.0, 0.0], "bins": [-0.08987576514482498, -0.08987576514482498, -0.08987576514482498, -0.08987576514482498, -0.08987576514482498, -0.08987576514482498, -0.08987576514482498, -0.08987576514482498, -0.08987576514482498, -0.08987576514482498, -0.08987576514482498, -0.08987576514482498, -0.08987576514482498, -0.08987576514482498, -0.08987576514482498, -0.08987576514482498, -0.08987576514482498, -0.08987576514482498, -0.08987576514482498, -0.08987576514482498, -0.08987576514482498, -0.08987576514482498, -0.08987576514482498, -0.08987576514482498, -0.08987576514482498, -0.08987576514482498, -0.08987576514482498, -0.08987576514482498, -0.08987576514482498, -0.08987576514482498, -0.08987576514482498, -0.08987576514482498, -0.08987576514482498, -0.08987576514482498, -0.08987576514482498, -0.08987576514482498, -0.08987576514482498, -0.08987576514482498, -0.08987576514482498, -0.08987576514482498, -0.08987576514482498, -0.08987576514482498, -0.08987576514482498, -0.08987576514482498, -0.08987576514482498, -0.08987576514482498, -0.08987576514482498, -0.08987576514482498, -0.08987576514482498, -0.08987576514482498, -0.08987576514482498, -0.08987576514482498, -0.08987576514482498, -0.08987576514482498, -0.08987576514482498, -0.08987576514482498, -0.08987576514482498, -0.08987576514482498, -0.08987576514482498, -0.08987576514482498, -0.08987576514482498, -0.08987576514482498, -0.08987576514482498, -0.08987576514482498, -0.08987576514482498]}, "_wandb": {"runtime": 34}}