{"epoch": 177, "loss": 2969530368.0, "_timestamp": 1678386657.7964709, "_runtime": 218.85366797447205, "_step": 175, "parameters/value_func.nn.0.weight": {"_type": "histogram", "values": [2.0, 0.0, 0.0, 1.0, 3.0, 3.0, 1.0, 6.0, 4.0, 5.0, 5.0, 9.0, 4.0, 2.0, 7.0, 7.0, 13.0, 10.0, 12.0, 11.0, 5.0, 10.0, 18.0, 10.0, 18.0, 22.0, 15.0, 17.0, 33.0, 27.0, 31.0, 20.0, 38.0, 22.0, 23.0, 14.0, 12.0, 20.0, 15.0, 16.0, 14.0, 15.0, 13.0, 16.0, 15.0, 18.0, 14.0, 9.0, 4.0, 3.0, 3.0, 5.0, 3.0, 1.0, 2.0, 2.0, 2.0, 3.0, 2.0, 2.0, 1.0, 0.0, 1.0, 1.0], "bins": [-0.7772893905639648, -0.7507294416427612, -0.7241694927215576, -0.697609543800354, -0.6710496544837952, -0.6444897055625916, -0.6179297566413879, -0.5913698077201843, -0.5648099184036255, -0.5382499694824219, -0.5116900205612183, -0.48513010144233704, -0.4585701823234558, -0.4320102334022522, -0.4054502844810486, -0.37889033555984497, -0.35233038663864136, -0.32577043771743774, -0.2992105185985565, -0.2726505696773529, -0.24609063565731049, -0.21953070163726807, -0.19297075271606445, -0.16641081869602203, -0.13985088467597961, -0.1132909506559372, -0.08673100918531418, -0.06017106771469116, -0.03361113369464874, -0.007051199674606323, 0.01950874924659729, 0.04606868326663971, 0.07262855768203735, 0.09918849170207977, 0.1257484257221222, 0.1523083746433258, 0.17886830866336823, 0.20542824268341064, 0.23198819160461426, 0.25854814052581787, 0.2851080596446991, 0.3116680085659027, 0.33822792768478394, 0.36478787660598755, 0.39134782552719116, 0.4179077446460724, 0.444467693567276, 0.4710276126861572, 0.49758756160736084, 0.5241475105285645, 0.5507074594497681, 0.5772674083709717, 0.6038272976875305, 0.6303872466087341, 0.6569471955299377, 0.6835071444511414, 0.7100670337677002, 0.7366269826889038, 0.7631869316101074, 0.789746880531311, 0.8163067698478699, 0.8428667187690735, 0.8694266676902771, 0.8959866166114807, 0.9225465655326843]}, "parameters/value_func.nn.0.bias": {"_type": "histogram", "values": [1.0, 0.0, 1.0, 0.0, 1.0, 1.0, 0.0, 1.0, 0.0, 1.0, 0.0, 1.0, 1.0, 2.0, 4.0, 2.0, 2.0, 2.0, 1.0, 2.0, 2.0, 4.0, 3.0, 8.0, 2.0, 4.0, 4.0, 7.0, 4.0, 2.0, 7.0, 2.0, 3.0, 5.0, 4.0, 5.0, 3.0, 4.0, 5.0, 4.0, 1.0, 2.0, 5.0, 3.0, 0.0, 1.0, 1.0, 0.0, 3.0, 2.0, 1.0, 0.0, 0.0, 0.0, 0.0, 0.0, 1.0, 1.0, 0.0, 0.0, 0.0, 0.0, 0.0, 2.0], "bins": [-0.45970621705055237, -0.44734296202659607, -0.43497970700263977, -0.42261645197868347, -0.4102531969547272, -0.3978899419307709, -0.38552671670913696, -0.37316346168518066, -0.36080020666122437, -0.34843695163726807, -0.33607369661331177, -0.32371044158935547, -0.31134718656539917, -0.29898393154144287, -0.2866206765174866, -0.2742574214935303, -0.261894166469574, -0.24953091144561768, -0.23716765642166138, -0.22480440139770508, -0.21244114637374878, -0.20007789134979248, -0.18771465122699738, -0.17535139620304108, -0.16298814117908478, -0.15062488615512848, -0.13826163113117218, -0.12589839100837708, -0.11353512853384018, -0.10117187350988388, -0.08880862593650818, -0.07644537091255188, -0.06408211588859558, -0.05171886086463928, -0.03935560956597328, -0.02699235826730728, -0.014629103243350983, -0.002265848219394684, 0.010097399353981018, 0.022460654377937317, 0.034823909401893616, 0.047187164425849915, 0.059550415724515915, 0.07191366702318192, 0.08427692204713821, 0.09664017707109451, 0.10900342464447021, 0.12136667966842651, 0.1337299346923828, 0.1460931897163391, 0.1584564447402954, 0.1708196997642517, 0.183182954788208, 0.1955462098121643, 0.2079094499349594, 0.2202727049589157, 0.232635959982872, 0.2449992150068283, 0.2573624551296234, 0.2697257101535797, 0.282088965177536, 0.2944522202014923, 0.3068154752254486, 0.3191787302494049, 0.3315419852733612]}, "parameters/value_func.nn.2.weight": {"_type": "histogram", "values": [1.0, 0.0, 0.0, 0.0, 1.0, 0.0, 0.0, 1.0, 0.0, 0.0, 1.0, 1.0, 6.0, 3.0, 2.0, 5.0, 5.0, 10.0, 8.0, 6.0, 13.0, 6.0, 4.0, 0.0, 1.0, 3.0, 1.0, 2.0, 1.0, 1.0, 1.0, 2.0, 1.0, 2.0, 0.0, 1.0, 4.0, 0.0, 0.0, 1.0, 0.0, 0.0, 1.0, 3.0, 2.0, 1.0, 4.0, 1.0, 3.0, 5.0, 1.0, 0.0, 1.0, 0.0, 0.0, 1.0, 0.0, 3.0, 1.0, 2.0, 1.0, 0.0, 2.0, 2.0], "bins": [-0.8924895524978638, -0.8643160462379456, -0.8361424803733826, -0.8079689741134644, -0.7797954082489014, -0.7516219019889832, -0.7234483957290649, -0.695274829864502, -0.6671013236045837, -0.6389278173446655, -0.6107542514801025, -0.5825807452201843, -0.5544072389602661, -0.5262336730957031, -0.4980601668357849, -0.4698866307735443, -0.4417130947113037, -0.4135395586490631, -0.3853660225868225, -0.3571925163269043, -0.3290189802646637, -0.3008454442024231, -0.2726719379425049, -0.24449840188026428, -0.21632486581802368, -0.18815132975578308, -0.15997780859470367, -0.13180428743362427, -0.10363075137138367, -0.07545721530914307, -0.04728369414806366, -0.019110172986984253, 0.009063303470611572, 0.037236832082271576, 0.06541036069393158, 0.09358388930559158, 0.12175741791725159, 0.1499309539794922, 0.1781044751405716, 0.206277996301651, 0.2344515323638916, 0.2626250684261322, 0.2907986044883728, 0.318972110748291, 0.3471456468105316, 0.3753191828727722, 0.40349268913269043, 0.43166622519493103, 0.45983976125717163, 0.48801329731941223, 0.5161868333816528, 0.544360339641571, 0.5725338459014893, 0.6007074117660522, 0.6288809180259705, 0.6570544242858887, 0.6852279901504517, 0.7134014964103699, 0.7415750622749329, 0.7697485685348511, 0.7979221343994141, 0.8260956406593323, 0.8542691469192505, 0.8824427127838135, 0.9106162190437317]}, "parameters/value_func.nn.2.bias": {"_type": "histogram", "values": [0.0, 0.0, 0.0, 0.0, 0.0, 0.0, 0.0, 0.0, 0.0, 0.0, 0.0, 0.0, 0.0, 0.0, 0.0, 0.0, 0.0, 0.0, 0.0, 0.0, 0.0, 0.0, 0.0, 0.0, 0.0, 0.0, 0.0, 0.0, 0.0, 0.0, 0.0, 0.0, 1.0, 0.0, 0.0, 0.0, 0.0, 0.0, 0.0, 0.0, 0.0, 0.0, 0.0, 0.0, 0.0, 0.0, 0.0, 0.0, 0.0, 0.0, 0.0, 0.0, 0.0, 0.0, 0.0, 0.0, 0.0, 0.0, 0.0, 0.0, 0.0, 0.0, 0.0, 0.0], "bins": [0.034755416214466095, 0.034755416214466095, 0.034755416214466095, 0.034755416214466095, 0.034755416214466095, 0.034755416214466095, 0.034755416214466095, 0.034755416214466095, 0.034755416214466095, 0.034755416214466095, 0.034755416214466095, 0.034755416214466095, 0.034755416214466095, 0.034755416214466095, 0.034755416214466095, 0.034755416214466095, 0.034755416214466095, 0.034755416214466095, 0.034755416214466095, 0.034755416214466095, 0.034755416214466095, 0.034755416214466095, 0.034755416214466095, 0.034755416214466095, 0.034755416214466095, 0.034755416214466095, 0.034755416214466095, 0.034755416214466095, 0.034755416214466095, 0.034755416214466095, 0.034755416214466095, 0.034755416214466095, 0.034755416214466095, 0.034755416214466095, 0.034755416214466095, 0.034755416214466095, 0.034755416214466095, 0.034755416214466095, 0.034755416214466095, 0.034755416214466095, 0.034755416214466095, 0.034755416214466095, 0.034755416214466095, 0.034755416214466095, 0.034755416214466095, 0.034755416214466095, 0.034755416214466095, 0.034755416214466095, 0.034755416214466095, 0.034755416214466095, 0.034755416214466095, 0.034755416214466095, 0.034755416214466095, 0.034755416214466095, 0.034755416214466095, 0.034755416214466095, 0.034755416214466095, 0.034755416214466095, 0.034755416214466095, 0.034755416214466095, 0.034755416214466095, 0.034755416214466095, 0.034755416214466095, 0.034755416214466095, 0.034755416214466095]}, "_wandb": {"runtime": 217}}