{"epoch": 8, "loss": 1810244864.0, "_timestamp": 1678805839.690576, "_runtime": 28.277939081192017, "_step": 7, "parameters/value_func.nn.0.weight": {"_type": "histogram", "values": [1.0, 0.0, 0.0, 0.0, 1.0, 0.0, 0.0, 0.0, 1.0, 5.0, 2.0, 2.0, 2.0, 3.0, 4.0, 6.0, 5.0, 7.0, 9.0, 3.0, 10.0, 9.0, 10.0, 15.0, 15.0, 16.0, 14.0, 12.0, 16.0, 18.0, 16.0, 21.0, 25.0, 20.0, 25.0, 17.0, 22.0, 13.0, 19.0, 33.0, 23.0, 20.0, 36.0, 24.0, 14.0, 17.0, 14.0, 12.0, 15.0, 19.0, 10.0, 9.0, 2.0, 7.0, 4.0, 4.0, 4.0, 2.0, 1.0, 2.0, 1.0, 0.0, 2.0, 1.0], "bins": [-0.4442349076271057, -0.43177759647369385, -0.419320285320282, -0.4068629741668701, -0.39440566301345825, -0.381948322057724, -0.36949101090431213, -0.35703369975090027, -0.3445763885974884, -0.33211907744407654, -0.3196617662906647, -0.3072044551372528, -0.29474711418151855, -0.2822898030281067, -0.2698324918746948, -0.25737518072128296, -0.2449178695678711, -0.23246055841445923, -0.22000324726104736, -0.2075459212064743, -0.19508861005306244, -0.18263129889965057, -0.17017397284507751, -0.15771666169166565, -0.14525935053825378, -0.13280203938484192, -0.12034472078084946, -0.107887402176857, -0.09543009102344513, -0.08297277987003326, -0.0705154612660408, -0.05805814266204834, -0.04560080170631409, -0.03314348682761192, -0.02068617194890976, -0.008228857070207596, 0.004228457808494568, 0.01668577268719673, 0.029143087565898895, 0.04160040616989136, 0.05405771732330322, 0.06651502847671509, 0.07897234708070755, 0.09142966568470001, 0.10388697683811188, 0.11634428799152374, 0.1288016140460968, 0.14125892519950867, 0.15371623635292053, 0.1661735475063324, 0.17863085865974426, 0.19108818471431732, 0.2035454958677292, 0.21600280702114105, 0.2284601330757141, 0.24091744422912598, 0.25337475538253784, 0.2658320665359497, 0.2782893776893616, 0.29074668884277344, 0.3032039999961853, 0.31566134095191956, 0.3281186521053314, 0.3405759632587433, 0.35303327441215515]}, "parameters/value_func.nn.0.bias": {"_type": "histogram", "values": [9.0, 7.0, 9.0, 4.0, 1.0, 0.0, 0.0, 2.0, 3.0, 2.0, 2.0, 2.0, 0.0, 1.0, 0.0, 1.0, 2.0, 0.0, 0.0, 0.0, 1.0, 1.0, 3.0, 4.0, 0.0, 1.0, 3.0, 0.0, 1.0, 1.0, 1.0, 3.0, 2.0, 1.0, 2.0, 0.0, 2.0, 2.0, 3.0, 1.0, 1.0, 0.0, 2.0, 1.0, 3.0, 0.0, 0.0, 1.0, 1.0, 1.0, 1.0, 1.0, 5.0, 1.0, 0.0, 0.0, 1.0, 2.0, 3.0, 2.0, 3.0, 4.0, 4.0, 14.0], "bins": [-0.06948362290859222, -0.0672992393374443, -0.06511485576629639, -0.06293047964572906, -0.060746096074581146, -0.05856171250343323, -0.05637732893228531, -0.05419294536113739, -0.05200856551527977, -0.04982418194413185, -0.04763980209827423, -0.04545541852712631, -0.043271034955978394, -0.04108665511012077, -0.038902271538972855, -0.036717891693115234, -0.034533508121967316, -0.0323491245508194, -0.030164744704961777, -0.027980361133813858, -0.02579597942531109, -0.02361159771680832, -0.0214272141456604, -0.01924283243715763, -0.01705845072865486, -0.014874069020152092, -0.012689686380326748, -0.010505303740501404, -0.008320922031998634, -0.006136540323495865, -0.003952157683670521, -0.0017677750438451767, 0.00041659921407699585, 0.0026009813882410526, 0.004785363562405109, 0.006969745736569166, 0.009154127910733223, 0.011338509619235992, 0.013522892259061337, 0.01570727489888668, 0.01789165660738945, 0.02007603831589222, 0.02226042002439499, 0.024444803595542908, 0.026629185304045677, 0.028813567012548447, 0.030997950583696365, 0.033182330429553986, 0.035366714000701904, 0.03755109757184982, 0.03973547741770744, 0.04191986098885536, 0.04410424083471298, 0.0462886244058609, 0.04847300797700882, 0.05065739154815674, 0.05284177139401436, 0.05502615496516228, 0.0572105348110199, 0.059394918382167816, 0.061579301953315735, 0.06376367807388306, 0.06594806164503098, 0.0681324452161789, 0.07031682878732681]}, "parameters/value_func.nn.2.weight": {"_type": "histogram", "values": [1.0, 0.0, 0.0, 0.0, 3.0, 0.0, 0.0, 3.0, 5.0, 1.0, 6.0, 4.0, 4.0, 3.0, 3.0, 2.0, 3.0, 4.0, 8.0, 3.0, 2.0, 5.0, 3.0, 5.0, 3.0, 3.0, 4.0, 2.0, 3.0, 3.0, 5.0, 0.0, 2.0, 6.0, 5.0, 2.0, 2.0, 4.0, 1.0, 3.0, 0.0, 1.0, 1.0, 2.0, 0.0, 2.0, 2.0, 0.0, 1.0, 1.0, 0.0, 0.0, 0.0, 0.0, 0.0, 0.0, 0.0, 1.0, 0.0, 0.0, 0.0, 0.0, 0.0, 1.0], "bins": [-0.3176255524158478, -0.3063136041164398, -0.2950016260147095, -0.2836896777153015, -0.27237772941589355, -0.2610657513141632, -0.24975380301475525, -0.2384418398141861, -0.22712987661361694, -0.2158179134130478, -0.20450595021247864, -0.19319400191307068, -0.18188203871250153, -0.17057007551193237, -0.15925812721252441, -0.14794616401195526, -0.1366342008113861, -0.12532223761081696, -0.1140102818608284, -0.10269832611083984, -0.09138636291027069, -0.08007439970970154, -0.06876244395971298, -0.057450488209724426, -0.04613852500915527, -0.03482656553387642, -0.023514606058597565, -0.01220264658331871, -0.000890687108039856, 0.010421272367238998, 0.021733231842517853, 0.03304518759250641, 0.044357120990753174, 0.05566908046603203, 0.06698103994131088, 0.07829299569129944, 0.08960495889186859, 0.10091692209243774, 0.1122288778424263, 0.12354083359241486, 0.134852796792984, 0.14616475999355316, 0.15747672319412231, 0.16878867149353027, 0.18010063469409943, 0.19141259789466858, 0.20272454619407654, 0.2140365093946457, 0.22534847259521484, 0.236660435795784, 0.24797239899635315, 0.2592843472957611, 0.27059632539749146, 0.2819082736968994, 0.2932202219963074, 0.30453217029571533, 0.3158441483974457, 0.32715609669685364, 0.338468074798584, 0.34978002309799194, 0.3610919713973999, 0.37240394949913025, 0.3837158977985382, 0.39502787590026855, 0.4063398241996765]}, "parameters/value_func.nn.2.bias": {"_type": "histogram", "values": [0.0, 0.0, 0.0, 0.0, 0.0, 0.0, 0.0, 0.0, 0.0, 0.0, 0.0, 0.0, 0.0, 0.0, 0.0, 0.0, 0.0, 0.0, 0.0, 0.0, 0.0, 0.0, 0.0, 0.0, 0.0, 0.0, 0.0, 0.0, 0.0, 0.0, 0.0, 0.0, 1.0, 0.0, 0.0, 0.0, 0.0, 0.0, 0.0, 0.0, 0.0, 0.0, 0.0, 0.0, 0.0, 0.0, 0.0, 0.0, 0.0, 0.0, 0.0, 0.0, 0.0, 0.0, 0.0, 0.0, 0.0, 0.0, 0.0, 0.0, 0.0, 0.0, 0.0, 0.0], "bins": [-0.06940316408872604, -0.06940316408872604, -0.06940316408872604, -0.06940316408872604, -0.06940316408872604, -0.06940316408872604, -0.06940316408872604, -0.06940316408872604, -0.06940316408872604, -0.06940316408872604, -0.06940316408872604, -0.06940316408872604, -0.06940316408872604, -0.06940316408872604, -0.06940316408872604, -0.06940316408872604, -0.06940316408872604, -0.06940316408872604, -0.06940316408872604, -0.06940316408872604, -0.06940316408872604, -0.06940316408872604, -0.06940316408872604, -0.06940316408872604, -0.06940316408872604, -0.06940316408872604, -0.06940316408872604, -0.06940316408872604, -0.06940316408872604, -0.06940316408872604, -0.06940316408872604, -0.06940316408872604, -0.06940316408872604, -0.06940316408872604, -0.06940316408872604, -0.06940316408872604, -0.06940316408872604, -0.06940316408872604, -0.06940316408872604, -0.06940316408872604, -0.06940316408872604, -0.06940316408872604, -0.06940316408872604, -0.06940316408872604, -0.06940316408872604, -0.06940316408872604, -0.06940316408872604, -0.06940316408872604, -0.06940316408872604, -0.06940316408872604, -0.06940316408872604, -0.06940316408872604, -0.06940316408872604, -0.06940316408872604, -0.06940316408872604, -0.06940316408872604, -0.06940316408872604, -0.06940316408872604, -0.06940316408872604, -0.06940316408872604, -0.06940316408872604, -0.06940316408872604, -0.06940316408872604, -0.06940316408872604, -0.06940316408872604]}, "_wandb": {"runtime": 28}}