{"epoch": 36, "loss": 9273231360.0, "_timestamp": 1678390316.317796, "_runtime": 47.09089493751526, "_step": 35, "parameters/value_func.nn.0.weight": {"_type": "histogram", "values": [2.0, 4.0, 3.0, 2.0, 8.0, 3.0, 6.0, 6.0, 5.0, 5.0, 7.0, 5.0, 7.0, 8.0, 10.0, 9.0, 10.0, 14.0, 8.0, 14.0, 13.0, 12.0, 14.0, 14.0, 16.0, 11.0, 19.0, 11.0, 19.0, 13.0, 18.0, 25.0, 17.0, 19.0, 16.0, 17.0, 28.0, 15.0, 24.0, 15.0, 15.0, 13.0, 10.0, 12.0, 9.0, 9.0, 9.0, 5.0, 2.0, 6.0, 5.0, 6.0, 10.0, 6.0, 8.0, 5.0, 3.0, 9.0, 5.0, 5.0, 5.0, 5.0, 4.0, 2.0], "bins": [-0.36697497963905334, -0.35554438829421997, -0.3441137969493866, -0.3326832056045532, -0.32125261425971985, -0.3098220229148865, -0.2983914315700531, -0.2869608402252197, -0.27553024888038635, -0.264099657535553, -0.2526690661907196, -0.24123847484588623, -0.22980788350105286, -0.21837729215621948, -0.2069467008113861, -0.19551610946655273, -0.18408553302288055, -0.17265494167804718, -0.1612243503332138, -0.14979375898838043, -0.13836316764354706, -0.12693257629871368, -0.11550199240446091, -0.10407140105962753, -0.09264080971479416, -0.08121021836996078, -0.06977962702512741, -0.058349039405584335, -0.04691844806075096, -0.03548785671591759, -0.02405726909637451, -0.012626677751541138, -0.0011960864067077637, 0.010234504006803036, 0.021665094420313835, 0.03309568390250206, 0.044526275247335434, 0.05595686659216881, 0.06738745421171188, 0.07881804555654526, 0.09024863690137863, 0.101679228246212, 0.11310981959104538, 0.12454040348529816, 0.13597099483013153, 0.1474015861749649, 0.15883217751979828, 0.17026276886463165, 0.18169336020946503, 0.1931239515542984, 0.20455454289913177, 0.21598513424396515, 0.22741572558879852, 0.2388463169336319, 0.2502768933773041, 0.26170748472213745, 0.2731380760669708, 0.2845686674118042, 0.2959992587566376, 0.30742985010147095, 0.3188604414463043, 0.3302910327911377, 0.34172162413597107, 0.35315221548080444, 0.3645828068256378]}, "parameters/value_func.nn.0.bias": {"_type": "histogram", "values": [3.0, 2.0, 2.0, 5.0, 1.0, 4.0, 4.0, 5.0, 2.0, 2.0, 3.0, 2.0, 2.0, 3.0, 1.0, 3.0, 0.0, 1.0, 2.0, 2.0, 3.0, 1.0, 3.0, 1.0, 1.0, 1.0, 4.0, 0.0, 1.0, 3.0, 5.0, 1.0, 2.0, 3.0, 2.0, 0.0, 0.0, 1.0, 1.0, 2.0, 2.0, 2.0, 2.0, 1.0, 3.0, 2.0, 1.0, 0.0, 2.0, 1.0, 5.0, 4.0, 3.0, 2.0, 2.0, 2.0, 2.0, 4.0, 1.0, 0.0, 0.0, 1.0, 0.0, 2.0], "bins": [-0.14032992720603943, -0.13568344712257385, -0.13103695213794708, -0.1263904720544815, -0.12174398452043533, -0.11709749698638916, -0.11245100945234299, -0.10780452191829681, -0.10315804183483124, -0.09851155430078506, -0.09386506676673889, -0.08921858668327332, -0.08457209914922714, -0.07992561161518097, -0.0752791240811348, -0.07063263654708862, -0.06598614901304245, -0.06133966147899628, -0.0566931776702404, -0.05204669013619423, -0.047400206327438354, -0.04275371879339218, -0.03810723125934601, -0.033460747450590134, -0.02881425991654396, -0.024167774245142937, -0.019521288573741913, -0.01487480103969574, -0.010228315368294716, -0.005581829696893692, -0.0009353421628475189, 0.0037111416459083557, 0.008357629179954529, 0.013004114851355553, 0.017650600522756577, 0.02229708805680275, 0.026943573728203773, 0.0315900593996048, 0.03623654693365097, 0.040883030742406845, 0.04552951827645302, 0.05017600581049919, 0.054822489619255066, 0.05946897715330124, 0.06411546468734741, 0.06876194477081299, 0.07340843975543976, 0.07805491983890533, 0.08270140737295151, 0.08734789490699768, 0.09199438244104385, 0.09664086997509003, 0.1012873500585556, 0.10593383759260178, 0.11058032512664795, 0.11522680521011353, 0.1198733001947403, 0.12451978772878647, 0.12916627526283264, 0.13381275534629822, 0.138459250330925, 0.14310573041439056, 0.14775222539901733, 0.1523987054824829, 0.1570451855659485]}, "parameters/value_func.nn.2.weight": {"_type": "histogram", "values": [3.0, 0.0, 2.0, 2.0, 0.0, 3.0, 3.0, 1.0, 3.0, 0.0, 0.0, 2.0, 4.0, 2.0, 3.0, 1.0, 2.0, 4.0, 5.0, 1.0, 0.0, 1.0, 4.0, 2.0, 4.0, 2.0, 4.0, 3.0, 0.0, 3.0, 2.0, 1.0, 1.0, 1.0, 1.0, 2.0, 2.0, 2.0, 0.0, 2.0, 1.0, 3.0, 4.0, 2.0, 3.0, 5.0, 1.0, 2.0, 4.0, 1.0, 5.0, 3.0, 3.0, 2.0, 4.0, 1.0, 1.0, 0.0, 1.0, 1.0, 0.0, 1.0, 1.0, 1.0], "bins": [-0.3686267137527466, -0.35951316356658936, -0.35039961338043213, -0.3412860333919525, -0.3321724832057953, -0.32305893301963806, -0.31394538283348083, -0.3048318326473236, -0.295718252658844, -0.28660470247268677, -0.27749115228652954, -0.2683775722980499, -0.2592640221118927, -0.2501504719257355, -0.24103692173957825, -0.23192337155342102, -0.2228098213672638, -0.21369627118110657, -0.20458270609378815, -0.19546915590763092, -0.1863555908203125, -0.17724204063415527, -0.16812849044799805, -0.15901494026184082, -0.1499013751745224, -0.14078782498836517, -0.13167425990104675, -0.12256070971488953, -0.1134471520781517, -0.10433359444141388, -0.09522004425525665, -0.08610648661851883, -0.07699291408061981, -0.06787935644388199, -0.058765802532434464, -0.04965224862098694, -0.040538690984249115, -0.03142513334751129, -0.022311579436063766, -0.013198025524616241, -0.004084467887878418, 0.005029087886214256, 0.01414264366030693, 0.023256199434399605, 0.03236975520849228, 0.0414833128452301, 0.05059686675667763, 0.05971042066812515, 0.06882397830486298, 0.0779375359416008, 0.08705109357833862, 0.09616464376449585, 0.10527820140123367, 0.1143917590379715, 0.12350530922412872, 0.13261887431144714, 0.14173242449760437, 0.1508459746837616, 0.15995953977108002, 0.16907308995723724, 0.17818665504455566, 0.1873002052307129, 0.19641375541687012, 0.20552730560302734, 0.21464087069034576]}, "parameters/value_func.nn.2.bias": {"_type": "histogram", "values": [0.0, 0.0, 0.0, 0.0, 0.0, 0.0, 0.0, 0.0, 0.0, 0.0, 0.0, 0.0, 0.0, 0.0, 0.0, 0.0, 0.0, 0.0, 0.0, 0.0, 0.0, 0.0, 0.0, 0.0, 0.0, 0.0, 0.0, 0.0, 0.0, 0.0, 0.0, 1.0, 0.0, 0.0, 0.0, 0.0, 0.0, 0.0, 0.0, 0.0, 0.0, 0.0, 0.0, 0.0, 0.0, 0.0, 0.0, 0.0, 0.0, 0.0, 0.0, 0.0, 0.0, 0.0, 0.0, 0.0, 0.0, 0.0, 0.0, 0.0, 0.0, 0.0, 0.0, 0.0], "bins": [-0.1305420994758606, -0.1305420994758606, -0.1305420994758606, -0.1305420994758606, -0.1305420994758606, -0.1305420994758606, -0.1305420994758606, -0.1305420994758606, -0.1305420994758606, -0.1305420994758606, -0.1305420994758606, -0.1305420994758606, -0.1305420994758606, -0.1305420994758606, -0.1305420994758606, -0.1305420994758606, -0.1305420994758606, -0.1305420994758606, -0.1305420994758606, -0.1305420994758606, -0.1305420994758606, -0.1305420994758606, -0.1305420994758606, -0.1305420994758606, -0.1305420994758606, -0.1305420994758606, -0.1305420994758606, -0.1305420994758606, -0.1305420994758606, -0.1305420994758606, -0.1305420994758606, -0.1305420994758606, -0.1305420994758606, -0.1305420994758606, -0.1305420994758606, -0.1305420994758606, -0.1305420994758606, -0.1305420994758606, -0.1305420994758606, -0.1305420994758606, -0.1305420994758606, -0.1305420994758606, -0.1305420994758606, -0.1305420994758606, -0.1305420994758606, -0.1305420994758606, -0.1305420994758606, -0.1305420994758606, -0.1305420994758606, -0.1305420994758606, -0.1305420994758606, -0.1305420994758606, -0.1305420994758606, -0.1305420994758606, -0.1305420994758606, -0.1305420994758606, -0.1305420994758606, -0.1305420994758606, -0.1305420994758606, -0.1305420994758606, -0.1305420994758606, -0.1305420994758606, -0.1305420994758606, -0.1305420994758606, -0.1305420994758606]}, "_wandb": {"runtime": 46}}