{"epoch": 28, "loss": 9133950976.0, "_timestamp": 1678390171.4980686, "_runtime": 24.80601453781128, "_step": 26, "parameters/value_func.nn.0.weight": {"_type": "histogram", "values": [4.0, 6.0, 11.0, 6.0, 10.0, 8.0, 5.0, 5.0, 5.0, 10.0, 6.0, 5.0, 7.0, 13.0, 13.0, 10.0, 11.0, 5.0, 13.0, 6.0, 16.0, 8.0, 11.0, 16.0, 12.0, 21.0, 11.0, 10.0, 12.0, 15.0, 17.0, 13.0, 10.0, 14.0, 9.0, 16.0, 20.0, 11.0, 13.0, 12.0, 15.0, 13.0, 16.0, 16.0, 7.0, 14.0, 11.0, 9.0, 4.0, 7.0, 10.0, 10.0, 12.0, 4.0, 10.0, 6.0, 5.0, 9.0, 5.0, 7.0, 7.0, 3.0, 6.0, 8.0], "bins": [-0.3153892755508423, -0.30564793944358826, -0.29590657353401184, -0.2861652374267578, -0.2764238715171814, -0.26668253540992737, -0.25694119930267334, -0.24719983339309692, -0.2374584972858429, -0.22771714627742767, -0.21797579526901245, -0.20823445916175842, -0.1984931081533432, -0.18875175714492798, -0.17901040613651276, -0.16926905512809753, -0.1595277041196823, -0.1497863531112671, -0.14004500210285187, -0.13030365109443665, -0.12056231498718262, -0.1108209639787674, -0.10107961297035217, -0.09133826941251755, -0.08159691840410233, -0.0718555673956871, -0.06211422383785248, -0.052372872829437256, -0.04263152554631233, -0.03289017826318741, -0.023148827254772186, -0.013407483696937561, -0.003666132688522339, 0.0060752155259251595, 0.015816563740372658, 0.02555791288614273, 0.035299260169267654, 0.04504060745239258, 0.0547819584608078, 0.06452330201864243, 0.07426465302705765, 0.08400600403547287, 0.0937473475933075, 0.10348869860172272, 0.11323004961013794, 0.12297139316797256, 0.13271275162696838, 0.1424540877342224, 0.15219543874263763, 0.16193678975105286, 0.17167814075946808, 0.1814194917678833, 0.19116082787513733, 0.20090217888355255, 0.21064352989196777, 0.2203848659992218, 0.23012623190879822, 0.23986758291721344, 0.24960893392562866, 0.2593502700328827, 0.2690916359424591, 0.27883297204971313, 0.28857433795928955, 0.2983156740665436, 0.3080570101737976]}, "parameters/value_func.nn.0.bias": {"_type": "histogram", "values": [1.0, 4.0, 6.0, 5.0, 3.0, 5.0, 3.0, 2.0, 3.0, 2.0, 0.0, 3.0, 3.0, 2.0, 5.0, 0.0, 0.0, 0.0, 1.0, 3.0, 3.0, 0.0, 1.0, 3.0, 0.0, 0.0, 2.0, 1.0, 0.0, 1.0, 1.0, 1.0, 1.0, 0.0, 0.0, 1.0, 4.0, 1.0, 0.0, 1.0, 1.0, 1.0, 2.0, 0.0, 2.0, 0.0, 0.0, 0.0, 0.0, 2.0, 1.0, 2.0, 1.0, 1.0, 0.0, 2.0, 2.0, 3.0, 7.0, 4.0, 6.0, 6.0, 8.0, 5.0], "bins": [-0.09721354395151138, -0.09408999979496002, -0.09096646308898926, -0.0878429189324379, -0.08471937477588654, -0.08159583806991577, -0.07847229391336441, -0.07534874975681305, -0.07222521305084229, -0.06910166889429092, -0.06597813218832016, -0.0628545880317688, -0.05973104387521744, -0.056607503443956375, -0.05348396301269531, -0.05036041885614395, -0.04723687469959259, -0.04411333426833153, -0.04098979011178017, -0.037866249680519104, -0.03474270552396774, -0.03161916509270668, -0.028495624661445618, -0.025372082367539406, -0.022248540073633194, -0.019124997779726982, -0.01600145548582077, -0.012877915054559708, -0.009754372760653496, -0.006630830466747284, -0.0035072900354862213, -0.00038374774158000946, 0.0027398020029067993, 0.005863343831151724, 0.008986885659396648, 0.012110427021980286, 0.015233969315886497, 0.01835751160979271, 0.021481052041053772, 0.024604594334959984, 0.027728136628866196, 0.030851678922772408, 0.03397522121667862, 0.03709876164793968, 0.040222302079200745, 0.043345846235752106, 0.04646938666701317, 0.04959292709827423, 0.05271647125482559, 0.055840011686086655, 0.058963555842638016, 0.06208709627389908, 0.06521064043045044, 0.0683341771364212, 0.07145772129297256, 0.07458126544952393, 0.07770480215549469, 0.08082834631204605, 0.08395188301801682, 0.08707542717456818, 0.09019897133111954, 0.0933225154876709, 0.09644605219364166, 0.09956959635019302, 0.10269314050674438]}, "parameters/value_func.nn.2.weight": {"_type": "histogram", "values": [2.0, 2.0, 2.0, 3.0, 0.0, 3.0, 0.0, 3.0, 0.0, 1.0, 2.0, 2.0, 3.0, 2.0, 3.0, 5.0, 3.0, 3.0, 3.0, 4.0, 6.0, 3.0, 2.0, 1.0, 1.0, 0.0, 1.0, 0.0, 2.0, 2.0, 1.0, 1.0, 4.0, 3.0, 0.0, 3.0, 1.0, 3.0, 0.0, 2.0, 0.0, 4.0, 3.0, 2.0, 5.0, 2.0, 0.0, 6.0, 4.0, 1.0, 1.0, 2.0, 2.0, 1.0, 0.0, 2.0, 1.0, 0.0, 2.0, 3.0, 0.0, 2.0, 1.0, 2.0], "bins": [-0.3088834583759308, -0.2992699444293976, -0.289656400680542, -0.2800428867340088, -0.2704293429851532, -0.26081582903862, -0.2512022852897644, -0.2415887713432312, -0.2319752424955368, -0.2223617136478424, -0.212748184800148, -0.2031346559524536, -0.1935211420059204, -0.18390759825706482, -0.17429408431053162, -0.16468055546283722, -0.15506702661514282, -0.14545349776744843, -0.13583996891975403, -0.12622644007205963, -0.11661291867494583, -0.10699938982725143, -0.09738586843013763, -0.08777233958244324, -0.07815881073474884, -0.06854528188705444, -0.058931756764650345, -0.049318231642246246, -0.03970470279455185, -0.030091173946857452, -0.020477648824453354, -0.010864123702049255, -0.0012505948543548584, 0.00836293213069439, 0.017976459115743637, 0.027589986100792885, 0.03720351308584213, 0.04681704193353653, 0.05643056705594063, 0.06604409217834473, 0.07565762102603912, 0.08527114987373352, 0.09488467872142792, 0.10449820011854172, 0.11411172896623611, 0.12372525781393051, 0.1333387792110443, 0.1429523080587387, 0.1525658369064331, 0.1621793657541275, 0.1717928946018219, 0.1814064234495163, 0.1910199522972107, 0.2006334662437439, 0.2102469950914383, 0.2198605239391327, 0.2294740527868271, 0.23908758163452148, 0.24870111048221588, 0.2583146393299103, 0.2679281532764435, 0.2775416970252991, 0.2871552109718323, 0.2967687249183655, 0.30638226866722107]}, "parameters/value_func.nn.2.bias": {"_type": "histogram", "values": [0.0, 0.0, 0.0, 0.0, 0.0, 0.0, 0.0, 0.0, 0.0, 0.0, 0.0, 0.0, 0.0, 0.0, 0.0, 0.0, 0.0, 0.0, 0.0, 0.0, 0.0, 0.0, 0.0, 0.0, 0.0, 0.0, 0.0, 0.0, 0.0, 0.0, 0.0, 1.0, 0.0, 0.0, 0.0, 0.0, 0.0, 0.0, 0.0, 0.0, 0.0, 0.0, 0.0, 0.0, 0.0, 0.0, 0.0, 0.0, 0.0, 0.0, 0.0, 0.0, 0.0, 0.0, 0.0, 0.0, 0.0, 0.0, 0.0, 0.0, 0.0, 0.0, 0.0, 0.0], "bins": [-0.09495799243450165, -0.09495799243450165, -0.09495799243450165, -0.09495799243450165, -0.09495799243450165, -0.09495799243450165, -0.09495799243450165, -0.09495799243450165, -0.09495799243450165, -0.09495799243450165, -0.09495799243450165, -0.09495799243450165, -0.09495799243450165, -0.09495799243450165, -0.09495799243450165, -0.09495799243450165, -0.09495799243450165, -0.09495799243450165, -0.09495799243450165, -0.09495799243450165, -0.09495799243450165, -0.09495799243450165, -0.09495799243450165, -0.09495799243450165, -0.09495799243450165, -0.09495799243450165, -0.09495799243450165, -0.09495799243450165, -0.09495799243450165, -0.09495799243450165, -0.09495799243450165, -0.09495799243450165, -0.09495799243450165, -0.09495799243450165, -0.09495799243450165, -0.09495799243450165, -0.09495799243450165, -0.09495799243450165, -0.09495799243450165, -0.09495799243450165, -0.09495799243450165, -0.09495799243450165, -0.09495799243450165, -0.09495799243450165, -0.09495799243450165, -0.09495799243450165, -0.09495799243450165, -0.09495799243450165, -0.09495799243450165, -0.09495799243450165, -0.09495799243450165, -0.09495799243450165, -0.09495799243450165, -0.09495799243450165, -0.09495799243450165, -0.09495799243450165, -0.09495799243450165, -0.09495799243450165, -0.09495799243450165, -0.09495799243450165, -0.09495799243450165, -0.09495799243450165, -0.09495799243450165, -0.09495799243450165, -0.09495799243450165]}, "_wandb": {"runtime": 24}}