{"epoch": 202, "loss": 68666392.0, "_timestamp": 1678446990.8063781, "_runtime": 252.41777300834656, "_step": 201, "parameters/value_func.nn.0.weight": {"_type": "histogram", "values": [1.0, 1.0, 0.0, 1.0, 0.0, 2.0, 0.0, 1.0, 0.0, 3.0, 4.0, 3.0, 3.0, 1.0, 4.0, 9.0, 7.0, 12.0, 9.0, 13.0, 13.0, 16.0, 17.0, 12.0, 17.0, 24.0, 17.0, 19.0, 12.0, 16.0, 17.0, 21.0, 24.0, 25.0, 30.0, 17.0, 20.0, 21.0, 19.0, 15.0, 28.0, 22.0, 19.0, 20.0, 13.0, 15.0, 13.0, 16.0, 5.0, 8.0, 9.0, 3.0, 2.0, 3.0, 3.0, 3.0, 1.0, 6.0, 2.0, 0.0, 2.0, 0.0, 0.0, 1.0], "bins": [-1.0482263565063477, -1.0171947479248047, -0.9861630797386169, -0.955131471157074, -0.924099862575531, -0.8930681943893433, -0.8620365858078003, -0.8310049772262573, -0.7999733686447144, -0.7689417600631714, -0.7379100918769836, -0.7068784832954407, -0.6758468747138977, -0.64481520652771, -0.613783597946167, -0.582751989364624, -0.5517203211784363, -0.5206887125968933, -0.48965707421302795, -0.4586254358291626, -0.42759382724761963, -0.3965621888637543, -0.3655305504798889, -0.33449894189834595, -0.3034673035144806, -0.27243566513061523, -0.24140405654907227, -0.2103724181652069, -0.17934079468250275, -0.14830917119979858, -0.11727753281593323, -0.08624590933322906, -0.05521422624588013, -0.024182599037885666, 0.006849028170108795, 0.037880659103393555, 0.06891228258609772, 0.09994390606880188, 0.13097554445266724, 0.1620071679353714, 0.19303879141807556, 0.22407041490077972, 0.2551020383834839, 0.28613367676734924, 0.3171653151512146, 0.34819692373275757, 0.3792285621166229, 0.4102602005004883, 0.44129180908203125, 0.4723234474658966, 0.503355085849762, 0.5343866944313049, 0.5654183030128479, 0.5964499711990356, 0.6274815797805786, 0.6585131883621216, 0.6895447969436646, 0.7205764055252075, 0.7516080737113953, 0.7826396822929382, 0.8136712908744812, 0.844702959060669, 0.8757345676422119, 0.9067661762237549, 0.9377978444099426]}, "parameters/value_func.nn.0.bias": {"_type": "histogram", "values": [1.0, 1.0, 0.0, 0.0, 0.0, 0.0, 0.0, 0.0, 1.0, 1.0, 1.0, 3.0, 1.0, 0.0, 0.0, 3.0, 4.0, 3.0, 2.0, 3.0, 2.0, 1.0, 0.0, 2.0, 0.0, 7.0, 4.0, 7.0, 1.0, 9.0, 6.0, 5.0, 2.0, 5.0, 3.0, 1.0, 3.0, 3.0, 1.0, 3.0, 1.0, 0.0, 0.0, 0.0, 3.0, 1.0, 6.0, 3.0, 3.0, 6.0, 8.0, 1.0, 1.0, 1.0, 2.0, 0.0, 0.0, 0.0, 1.0, 0.0, 1.0, 0.0, 0.0, 1.0], "bins": [-0.5425206422805786, -0.5293484330177307, -0.516176164150238, -0.5030039548873901, -0.48983168601989746, -0.47665947675704956, -0.4634872078895569, -0.450314998626709, -0.4371427595615387, -0.4239705204963684, -0.4107982814311981, -0.39762604236602783, -0.38445380330085754, -0.37128156423568726, -0.35810935497283936, -0.34493711590766907, -0.3317648768424988, -0.3185926377773285, -0.3054203987121582, -0.2922481596469879, -0.2790759205818176, -0.2659037113189697, -0.25273144245147705, -0.23955923318862915, -0.22638696432113647, -0.2132147252559662, -0.2000424861907959, -0.1868702471256256, -0.17369802296161652, -0.16052578389644623, -0.14735354483127594, -0.13418132066726685, -0.12100908160209656, -0.10783684253692627, -0.09466461092233658, -0.08149237185716629, -0.0683201402425766, -0.05514790117740631, -0.04197566211223602, -0.028803430497646332, -0.015631191432476044, -0.0024589551612734795, 0.010713281109929085, 0.023885518312454224, 0.03705775365233421, 0.0502299889922142, 0.06340222805738449, 0.07657445967197418, 0.08974669873714447, 0.10291893780231476, 0.11609116941690445, 0.12926340103149414, 0.14243564009666443, 0.15560787916183472, 0.168780118227005, 0.1819523572921753, 0.19512459635734558, 0.20829683542251587, 0.22146907448768616, 0.23464131355285645, 0.24781353771686554, 0.260985791683197, 0.2741580009460449, 0.2873302400112152, 0.3005024790763855]}, "parameters/value_func.nn.2.weight": {"_type": "histogram", "values": [3.0, 0.0, 0.0, 0.0, 1.0, 3.0, 1.0, 3.0, 3.0, 6.0, 1.0, 1.0, 6.0, 4.0, 5.0, 7.0, 10.0, 4.0, 7.0, 3.0, 3.0, 2.0, 2.0, 4.0, 1.0, 0.0, 0.0, 1.0, 0.0, 1.0, 0.0, 0.0, 3.0, 1.0, 2.0, 1.0, 1.0, 0.0, 3.0, 2.0, 1.0, 2.0, 0.0, 4.0, 4.0, 3.0, 2.0, 4.0, 1.0, 0.0, 0.0, 2.0, 1.0, 3.0, 1.0, 1.0, 2.0, 0.0, 0.0, 0.0, 0.0, 0.0, 0.0, 2.0], "bins": [-0.8139171004295349, -0.7897650003433228, -0.7656129002571106, -0.7414608001708984, -0.717308759689331, -0.6931566596031189, -0.6690045595169067, -0.6448524594306946, -0.6207003593444824, -0.5965482592582703, -0.5723961591720581, -0.5482441186904907, -0.5240920186042786, -0.4999399185180664, -0.47578781843185425, -0.4516357183456421, -0.4274836778640747, -0.40333157777786255, -0.3791795074939728, -0.3550274074077606, -0.33087533712387085, -0.3067232370376587, -0.28257113695144653, -0.2584190368652344, -0.2342669665813446, -0.21011488139629364, -0.18596279621124268, -0.16181069612503052, -0.13765861093997955, -0.11350652575492859, -0.08935442566871643, -0.06520234048366547, -0.04105019569396973, -0.016898106783628464, 0.007253982126712799, 0.03140607476234436, 0.055558159947395325, 0.07971024513244629, 0.10386234521865845, 0.1280144304037094, 0.15216651558876038, 0.17631860077381134, 0.2004706859588623, 0.22462278604507446, 0.24877487123012543, 0.2729269564151764, 0.29707905650138855, 0.3212311267852783, 0.3453832268714905, 0.36953532695770264, 0.3936873972415924, 0.41783949732780457, 0.44199156761169434, 0.4661436676979065, 0.49029576778411865, 0.5144478678703308, 0.538599967956543, 0.5627520680427551, 0.5869041681289673, 0.6110562086105347, 0.6352083086967468, 0.659360408782959, 0.6835125088691711, 0.7076646089553833, 0.7318166494369507]}, "parameters/value_func.nn.2.bias": {"_type": "histogram", "values": [0.0, 0.0, 0.0, 0.0, 0.0, 0.0, 0.0, 0.0, 0.0, 0.0, 0.0, 0.0, 0.0, 0.0, 0.0, 0.0, 0.0, 0.0, 0.0, 0.0, 0.0, 0.0, 0.0, 0.0, 0.0, 0.0, 0.0, 0.0, 0.0, 0.0, 0.0, 0.0, 1.0, 0.0, 0.0, 0.0, 0.0, 0.0, 0.0, 0.0, 0.0, 0.0, 0.0, 0.0, 0.0, 0.0, 0.0, 0.0, 0.0, 0.0, 0.0, 0.0, 0.0, 0.0, 0.0, 0.0, 0.0, 0.0, 0.0, 0.0, 0.0, 0.0, 0.0, 0.0], "bins": [0.07862427085638046, 0.07862427085638046, 0.07862427085638046, 0.07862427085638046, 0.07862427085638046, 0.07862427085638046, 0.07862427085638046, 0.07862427085638046, 0.07862427085638046, 0.07862427085638046, 0.07862427085638046, 0.07862427085638046, 0.07862427085638046, 0.07862427085638046, 0.07862427085638046, 0.07862427085638046, 0.07862427085638046, 0.07862427085638046, 0.07862427085638046, 0.07862427085638046, 0.07862427085638046, 0.07862427085638046, 0.07862427085638046, 0.07862427085638046, 0.07862427085638046, 0.07862427085638046, 0.07862427085638046, 0.07862427085638046, 0.07862427085638046, 0.07862427085638046, 0.07862427085638046, 0.07862427085638046, 0.07862427085638046, 0.07862427085638046, 0.07862427085638046, 0.07862427085638046, 0.07862427085638046, 0.07862427085638046, 0.07862427085638046, 0.07862427085638046, 0.07862427085638046, 0.07862427085638046, 0.07862427085638046, 0.07862427085638046, 0.07862427085638046, 0.07862427085638046, 0.07862427085638046, 0.07862427085638046, 0.07862427085638046, 0.07862427085638046, 0.07862427085638046, 0.07862427085638046, 0.07862427085638046, 0.07862427085638046, 0.07862427085638046, 0.07862427085638046, 0.07862427085638046, 0.07862427085638046, 0.07862427085638046, 0.07862427085638046, 0.07862427085638046, 0.07862427085638046, 0.07862427085638046, 0.07862427085638046, 0.07862427085638046]}, "_wandb": {"runtime": 251}}