{"epoch": 152, "loss": 2058592512.0, "_timestamp": 1678299805.6195943, "_runtime": 512.5804352760315, "_step": 151, "parameters/value_func.nn.0.weight": {"_type": "histogram", "values": [1.0, 1.0, 0.0, 3.0, 1.0, 3.0, 4.0, 0.0, 4.0, 4.0, 4.0, 7.0, 6.0, 6.0, 10.0, 9.0, 8.0, 5.0, 10.0, 8.0, 18.0, 14.0, 18.0, 15.0, 4.0, 18.0, 22.0, 22.0, 25.0, 38.0, 32.0, 36.0, 30.0, 42.0, 36.0, 15.0, 12.0, 16.0, 10.0, 14.0, 11.0, 11.0, 9.0, 8.0, 10.0, 7.0, 8.0, 9.0, 8.0, 4.0, 6.0, 4.0, 2.0, 5.0, 1.0, 2.0, 0.0, 1.0, 1.0, 0.0, 0.0, 0.0, 0.0, 2.0], "bins": [-0.7114341855049133, -0.6884059309959412, -0.6653777360916138, -0.6423494815826416, -0.6193212270736694, -0.5962929725646973, -0.5732647180557251, -0.5502365231513977, -0.5272082686424255, -0.5041800141334534, -0.4811517894268036, -0.4581235647201538, -0.43509531021118164, -0.4120670557022095, -0.3890388309955597, -0.3660106062889099, -0.34298235177993774, -0.3199540972709656, -0.2969258725643158, -0.273897647857666, -0.25086939334869385, -0.22784115374088287, -0.2048129141330719, -0.18178467452526093, -0.15875643491744995, -0.13572819530963898, -0.112699955701828, -0.08967171609401703, -0.06664347648620605, -0.04361523687839508, -0.020586997270584106, 0.0024412423372268677, 0.025469481945037842, 0.048497721552848816, 0.07152596116065979, 0.09455420076847076, 0.11758244037628174, 0.1406106799840927, 0.1636389195919037, 0.18666715919971466, 0.20969539880752563, 0.2327236384153366, 0.2557518780231476, 0.27878010272979736, 0.30180835723876953, 0.3248366117477417, 0.3478648364543915, 0.37089306116104126, 0.3939213156700134, 0.4169495701789856, 0.4399777948856354, 0.46300601959228516, 0.4860342741012573, 0.5090625286102295, 0.5320907831192017, 0.555118978023529, 0.5781472325325012, 0.6011754870414734, 0.6242036819458008, 0.647231936454773, 0.6702601909637451, 0.6932884454727173, 0.7163166999816895, 0.7393448948860168, 0.762373149394989]}, "parameters/value_func.nn.0.bias": {"_type": "histogram", "values": [1.0, 0.0, 0.0, 0.0, 0.0, 0.0, 0.0, 0.0, 0.0, 0.0, 0.0, 1.0, 0.0, 2.0, 0.0, 0.0, 1.0, 1.0, 1.0, 0.0, 3.0, 2.0, 0.0, 1.0, 1.0, 1.0, 5.0, 1.0, 4.0, 5.0, 2.0, 2.0, 2.0, 5.0, 10.0, 3.0, 5.0, 2.0, 6.0, 4.0, 3.0, 7.0, 4.0, 4.0, 6.0, 3.0, 1.0, 4.0, 2.0, 1.0, 5.0, 0.0, 1.0, 1.0, 2.0, 3.0, 2.0, 0.0, 2.0, 0.0, 2.0, 0.0, 1.0, 3.0], "bins": [-0.3122040331363678, -0.3037172555923462, -0.295230507850647, -0.28674373030662537, -0.27825698256492615, -0.26977020502090454, -0.2612834572792053, -0.2527966797351837, -0.2443099021911621, -0.2358231395483017, -0.22733637690544128, -0.21884959936141968, -0.21036283671855927, -0.20187607407569885, -0.19338931143283844, -0.18490254878997803, -0.17641578614711761, -0.1679290235042572, -0.1594422608613968, -0.15095549821853638, -0.14246872067451477, -0.13398195803165436, -0.12549519538879395, -0.11700843274593353, -0.10852166265249252, -0.10003490000963211, -0.0915481299161911, -0.08306136727333069, -0.07457460463047028, -0.06608783453702927, -0.057601071894168854, -0.04911430552601814, -0.040627554059028625, -0.032140787690877914, -0.023654023185372353, -0.01516725867986679, -0.00668049231171608, 0.0018062740564346313, 0.010293036699295044, 0.018779803067445755, 0.027266569435596466, 0.03575333580374718, 0.04424010217189789, 0.0527268648147583, 0.06121363118290901, 0.06970039755105972, 0.07818716019392014, 0.08667393028736115, 0.09516069293022156, 0.10364745557308197, 0.11213422566652298, 0.12062098830938339, 0.1291077584028244, 0.13759452104568481, 0.14608128368854523, 0.15456804633140564, 0.16305482387542725, 0.17154158651828766, 0.18002834916114807, 0.18851512670516968, 0.1970018893480301, 0.2054886519908905, 0.21397541463375092, 0.22246217727661133, 0.23094893991947174]}, "parameters/value_func.nn.2.weight": {"_type": "histogram", "values": [2.0, 2.0, 4.0, 1.0, 1.0, 1.0, 2.0, 2.0, 2.0, 1.0, 1.0, 2.0, 1.0, 2.0, 2.0, 5.0, 1.0, 0.0, 1.0, 3.0, 1.0, 3.0, 0.0, 0.0, 2.0, 2.0, 3.0, 3.0, 3.0, 1.0, 2.0, 1.0, 1.0, 0.0, 0.0, 2.0, 1.0, 3.0, 3.0, 4.0, 2.0, 6.0, 1.0, 2.0, 1.0, 6.0, 8.0, 2.0, 1.0, 1.0, 5.0, 4.0, 2.0, 3.0, 2.0, 1.0, 5.0, 0.0, 1.0, 0.0, 2.0, 1.0, 0.0, 1.0], "bins": [-0.5451548099517822, -0.5290910005569458, -0.5130271911621094, -0.4969634413719177, -0.4808996319770813, -0.4648358225822449, -0.44877204298973083, -0.4327082633972168, -0.41664445400238037, -0.40058064460754395, -0.3845168650150299, -0.36845308542251587, -0.35238927602767944, -0.336325466632843, -0.320261687040329, -0.30419790744781494, -0.2881340980529785, -0.2720702886581421, -0.25600650906562805, -0.23994271457195282, -0.2238789200782776, -0.20781512558460236, -0.19175133109092712, -0.1756875365972519, -0.15962374210357666, -0.14355994760990143, -0.1274961531162262, -0.11143235862255096, -0.09536856412887573, -0.0793047696352005, -0.06324097514152527, -0.04717718064785004, -0.031113386154174805, -0.015049591660499573, 0.0010142028331756592, 0.01707799732685089, 0.03314179182052612, 0.049205586314201355, 0.06526938080787659, 0.08133317530155182, 0.09739696979522705, 0.11346076428890228, 0.12952455878257751, 0.14558835327625275, 0.16165214776992798, 0.1777159422636032, 0.19377973675727844, 0.20984353125095367, 0.2259073257446289, 0.24197112023830414, 0.25803491473197937, 0.2740986943244934, 0.29016250371932983, 0.30622631311416626, 0.3222900927066803, 0.33835387229919434, 0.35441768169403076, 0.3704814910888672, 0.3865452706813812, 0.40260905027389526, 0.4186728596687317, 0.4347366690635681, 0.45080044865608215, 0.4668642282485962, 0.4829280376434326]}, "parameters/value_func.nn.2.bias": {"_type": "histogram", "values": [0.0, 0.0, 0.0, 0.0, 0.0, 0.0, 0.0, 0.0, 0.0, 0.0, 0.0, 0.0, 0.0, 0.0, 0.0, 0.0, 0.0, 0.0, 0.0, 0.0, 0.0, 0.0, 0.0, 0.0, 0.0, 0.0, 0.0, 0.0, 0.0, 0.0, 0.0, 0.0, 1.0, 0.0, 0.0, 0.0, 0.0, 0.0, 0.0, 0.0, 0.0, 0.0, 0.0, 0.0, 0.0, 0.0, 0.0, 0.0, 0.0, 0.0, 0.0, 0.0, 0.0, 0.0, 0.0, 0.0, 0.0, 0.0, 0.0, 0.0, 0.0, 0.0, 0.0, 0.0], "bins": [0.0, 0.0, 0.0, 0.0, 0.0, 0.0, 0.0, 0.0, 0.0, 0.0, 0.0, 0.0, 0.0, 0.0, 0.0, 0.0, 0.0, 0.0, 0.0, 0.0, 0.0, 0.0, 0.0, 0.0, 0.0, 0.0, 0.0, 0.0, 0.0, 0.0, 0.0, 0.0, 0.0, 0.0, 0.0, 0.0, 0.0, 0.0, 0.0, 0.0, 0.0, 0.0, 0.0, 0.0, 0.0, 0.0, 0.0, 0.0, 0.0, 0.0, 0.0, 0.0, 0.0, 0.0, 0.0, 0.0, 0.0, 0.0, 0.0, 0.0, 0.0, 0.0, 0.0, 0.0, 0.0]}, "_wandb": {"runtime": 512}}