{"epoch": 110, "loss": 2240384512.0, "_timestamp": 1678389345.0152085, "_runtime": 94.671133518219, "_step": 109, "parameters/value_func.nn.0.weight": {"_type": "histogram", "values": [2.0, 1.0, 1.0, 5.0, 2.0, 8.0, 4.0, 9.0, 5.0, 7.0, 9.0, 11.0, 11.0, 13.0, 13.0, 15.0, 21.0, 22.0, 17.0, 12.0, 12.0, 16.0, 16.0, 11.0, 9.0, 11.0, 12.0, 17.0, 23.0, 14.0, 8.0, 13.0, 11.0, 19.0, 26.0, 17.0, 14.0, 16.0, 18.0, 15.0, 14.0, 16.0, 8.0, 11.0, 10.0, 10.0, 7.0, 9.0, 5.0, 11.0, 14.0, 13.0, 3.0, 4.0, 5.0, 8.0, 4.0, 1.0, 0.0, 0.0, 0.0, 0.0, 0.0, 1.0], "bins": [-0.5898565649986267, -0.5698758363723755, -0.5498951077461243, -0.529914379119873, -0.5099337100982666, -0.4899529814720154, -0.46997225284576416, -0.44999152421951294, -0.4300107955932617, -0.4100300669670105, -0.39004936814308167, -0.37006863951683044, -0.3500879108905792, -0.3301072120666504, -0.31012648344039917, -0.29014575481414795, -0.2701650559902191, -0.2501843273639679, -0.23020361363887787, -0.21022289991378784, -0.19024217128753662, -0.1702614575624466, -0.15028074383735657, -0.13030001521110535, -0.11031930148601532, -0.0903385803103447, -0.07035785913467407, -0.050377145409584045, -0.03039642423391342, -0.010415703058242798, 0.009565010666847229, 0.02954573929309845, 0.04952645301818848, 0.0695071741938591, 0.08948789536952972, 0.10946860909461975, 0.12944933772087097, 0.149430051445961, 0.16941076517105103, 0.18939149379730225, 0.20937220752239227, 0.2293529212474823, 0.24933364987373352, 0.26931434869766235, 0.2892950773239136, 0.3092758059501648, 0.329256534576416, 0.34923726320266724, 0.36921796202659607, 0.3891986906528473, 0.4091793894767761, 0.42916011810302734, 0.44914084672927856, 0.4691215753555298, 0.4891022741794586, 0.5090830326080322, 0.5290637016296387, 0.5490444302558899, 0.5690251588821411, 0.5890058279037476, 0.6089865565299988, 0.62896728515625, 0.6489480137825012, 0.6689287424087524, 0.6889094710350037]}, "parameters/value_func.nn.0.bias": {"_type": "histogram", "values": [2.0, 2.0, 0.0, 0.0, 0.0, 0.0, 0.0, 0.0, 1.0, 4.0, 2.0, 5.0, 5.0, 3.0, 2.0, 4.0, 3.0, 4.0, 0.0, 5.0, 5.0, 4.0, 4.0, 5.0, 7.0, 9.0, 0.0, 1.0, 5.0, 1.0, 1.0, 1.0, 2.0, 0.0, 0.0, 0.0, 0.0, 1.0, 2.0, 1.0, 0.0, 1.0, 2.0, 0.0, 1.0, 1.0, 1.0, 3.0, 0.0, 3.0, 3.0, 3.0, 2.0, 0.0, 1.0, 3.0, 3.0, 1.0, 3.0, 1.0, 1.0, 1.0, 1.0, 2.0], "bins": [-0.27400022745132446, -0.26499176025390625, -0.25598329305648804, -0.24697482585906982, -0.2379663586616516, -0.2289578914642334, -0.21994942426681519, -0.21094095706939697, -0.20193248987197876, -0.19292402267456055, -0.18391555547714233, -0.17490708827972412, -0.1658986210823059, -0.1568901538848877, -0.14788168668746948, -0.13887321949005127, -0.12986473739147186, -0.12085627019405365, -0.11184780299663544, -0.10283933579921722, -0.09383086860179901, -0.0848224014043808, -0.07581392675638199, -0.06680545955896378, -0.05779699236154556, -0.04878852516412735, -0.03978005796670914, -0.030771587044000626, -0.021763119846582413, -0.0127546526491642, -0.0037461817264556885, 0.005262285470962524, 0.014270752668380737, 0.02327921986579895, 0.03228768706321716, 0.041296157985925674, 0.05030462518334389, 0.0593130923807621, 0.06832156330347061, 0.07733003050088882, 0.08633849769830704, 0.09534696489572525, 0.10435543209314346, 0.11336390674114227, 0.12237237393856049, 0.1313808411359787, 0.1403893083333969, 0.14939777553081512, 0.15840624272823334, 0.16741470992565155, 0.17642317712306976, 0.18543164432048798, 0.1944401115179062, 0.2034485787153244, 0.2124570608139038, 0.22146552801132202, 0.23047399520874023, 0.23948246240615845, 0.24849092960357666, 0.2574993968009949, 0.2665078639984131, 0.2755163311958313, 0.2845247983932495, 0.2935332655906677, 0.30254173278808594]}, "parameters/value_func.nn.2.weight": {"_type": "histogram", "values": [3.0, 2.0, 4.0, 6.0, 8.0, 3.0, 5.0, 6.0, 5.0, 9.0, 4.0, 4.0, 7.0, 2.0, 4.0, 1.0, 0.0, 0.0, 0.0, 1.0, 0.0, 0.0, 0.0, 0.0, 0.0, 0.0, 0.0, 1.0, 1.0, 1.0, 1.0, 1.0, 0.0, 2.0, 0.0, 0.0, 4.0, 0.0, 1.0, 0.0, 2.0, 0.0, 1.0, 0.0, 0.0, 3.0, 3.0, 2.0, 0.0, 1.0, 4.0, 4.0, 3.0, 2.0, 3.0, 2.0, 0.0, 3.0, 1.0, 3.0, 1.0, 2.0, 1.0, 1.0], "bins": [-0.5664068460464478, -0.548119843006134, -0.5298328995704651, -0.5115458965301514, -0.4932589530944824, -0.4749719500541687, -0.45668497681617737, -0.43839800357818604, -0.4201110303401947, -0.40182405710220337, -0.38353708386421204, -0.3652501106262207, -0.346963107585907, -0.32867616415023804, -0.3103891611099243, -0.292102187871933, -0.27381521463394165, -0.2555282413959503, -0.23724126815795898, -0.21895428001880646, -0.20066730678081512, -0.1823803335428238, -0.16409334540367126, -0.14580637216567993, -0.1275193989276886, -0.10923242568969727, -0.09094544500112534, -0.0726584643125534, -0.05437149107456207, -0.03608451783657074, -0.01779753714799881, 0.0004894435405731201, 0.018776416778564453, 0.037063393741846085, 0.055350370705127716, 0.07363735139369965, 0.09192432463169098, 0.11021129786968231, 0.12849828600883484, 0.14678525924682617, 0.1650722324848175, 0.18335920572280884, 0.20164617896080017, 0.2199331670999527, 0.23822014033794403, 0.25650709867477417, 0.2747941017150879, 0.2930810749530792, 0.31136804819107056, 0.3296550214290619, 0.3479419946670532, 0.36622896790504456, 0.3845159411430359, 0.4028029441833496, 0.42108991742134094, 0.4393768906593323, 0.4576638638973236, 0.47595083713531494, 0.4942378103733063, 0.5125247836112976, 0.5308117866516113, 0.5490987300872803, 0.567385733127594, 0.5856727361679077, 0.6039596796035767]}, "parameters/value_func.nn.2.bias": {"_type": "histogram", "values": [0.0, 0.0, 0.0, 0.0, 0.0, 0.0, 0.0, 0.0, 0.0, 0.0, 0.0, 0.0, 0.0, 0.0, 0.0, 0.0, 0.0, 0.0, 0.0, 0.0, 0.0, 0.0, 0.0, 0.0, 0.0, 0.0, 0.0, 0.0, 0.0, 0.0, 0.0, 0.0, 1.0, 0.0, 0.0, 0.0, 0.0, 0.0, 0.0, 0.0, 0.0, 0.0, 0.0, 0.0, 0.0, 0.0, 0.0, 0.0, 0.0, 0.0, 0.0, 0.0, 0.0, 0.0, 0.0, 0.0, 0.0, 0.0, 0.0, 0.0, 0.0, 0.0, 0.0, 0.0], "bins": [-0.07357189804315567, -0.07357189804315567, -0.07357189804315567, -0.07357189804315567, -0.07357189804315567, -0.07357189804315567, -0.07357189804315567, -0.07357189804315567, -0.07357189804315567, -0.07357189804315567, -0.07357189804315567, -0.07357189804315567, -0.07357189804315567, -0.07357189804315567, -0.07357189804315567, -0.07357189804315567, -0.07357189804315567, -0.07357189804315567, -0.07357189804315567, -0.07357189804315567, -0.07357189804315567, -0.07357189804315567, -0.07357189804315567, -0.07357189804315567, -0.07357189804315567, -0.07357189804315567, -0.07357189804315567, -0.07357189804315567, -0.07357189804315567, -0.07357189804315567, -0.07357189804315567, -0.07357189804315567, -0.07357189804315567, -0.07357189804315567, -0.07357189804315567, -0.07357189804315567, -0.07357189804315567, -0.07357189804315567, -0.07357189804315567, -0.07357189804315567, -0.07357189804315567, -0.07357189804315567, -0.07357189804315567, -0.07357189804315567, -0.07357189804315567, -0.07357189804315567, -0.07357189804315567, -0.07357189804315567, -0.07357189804315567, -0.07357189804315567, -0.07357189804315567, -0.07357189804315567, -0.07357189804315567, -0.07357189804315567, -0.07357189804315567, -0.07357189804315567, -0.07357189804315567, -0.07357189804315567, -0.07357189804315567, -0.07357189804315567, -0.07357189804315567, -0.07357189804315567, -0.07357189804315567, -0.07357189804315567, -0.07357189804315567]}, "_wandb": {"runtime": 92}}