{"epoch": 31, "loss": 14765178880.0, "_timestamp": 1678385972.4477577, "_runtime": 44.47737264633179, "_step": 29, "parameters/value_func.nn.0.weight": {"_type": "histogram", "values": [2.0, 5.0, 3.0, 1.0, 3.0, 4.0, 9.0, 9.0, 6.0, 9.0, 8.0, 9.0, 12.0, 15.0, 15.0, 10.0, 9.0, 6.0, 9.0, 12.0, 19.0, 12.0, 11.0, 19.0, 13.0, 13.0, 22.0, 18.0, 13.0, 26.0, 21.0, 18.0, 18.0, 15.0, 18.0, 17.0, 23.0, 18.0, 15.0, 11.0, 13.0, 12.0, 13.0, 12.0, 9.0, 7.0, 9.0, 4.0, 6.0, 9.0, 4.0, 4.0, 5.0, 4.0, 3.0, 4.0, 3.0, 3.0, 6.0, 5.0, 2.0, 4.0, 2.0, 1.0], "bins": [-0.41966110467910767, -0.40647393465042114, -0.3932867646217346, -0.3800995945930481, -0.3669124245643616, -0.35372525453567505, -0.3405380845069885, -0.327350914478302, -0.3141637444496155, -0.30097657442092896, -0.28778940439224243, -0.2746022343635559, -0.2614150643348694, -0.24822789430618286, -0.23504072427749634, -0.22185355424880981, -0.2086663842201233, -0.19547921419143677, -0.18229204416275024, -0.16910487413406372, -0.1559177041053772, -0.14273053407669067, -0.12954336404800415, -0.11635619401931763, -0.1031690239906311, -0.08998185396194458, -0.07679468393325806, -0.06360751390457153, -0.05042034387588501, -0.037233173847198486, -0.024046003818511963, -0.01085883378982544, 0.0023283660411834717, 0.015515536069869995, 0.02870270609855652, 0.04188987612724304, 0.055077046155929565, 0.06826421618461609, 0.08145138621330261, 0.09463855624198914, 0.10782572627067566, 0.12101289629936218, 0.1342000663280487, 0.14738723635673523, 0.16057440638542175, 0.17376157641410828, 0.1869487464427948, 0.20013591647148132, 0.21332308650016785, 0.22651025652885437, 0.2396974265575409, 0.2528845965862274, 0.26607176661491394, 0.27925893664360046, 0.292446106672287, 0.3056332767009735, 0.31882044672966003, 0.33200761675834656, 0.3451947867870331, 0.3583819568157196, 0.37156912684440613, 0.38475629687309265, 0.3979434669017792, 0.4111306369304657, 0.4243178069591522]}, "parameters/value_func.nn.0.bias": {"_type": "histogram", "values": [1.0, 0.0, 0.0, 0.0, 1.0, 1.0, 2.0, 0.0, 0.0, 0.0, 1.0, 2.0, 3.0, 1.0, 5.0, 4.0, 6.0, 2.0, 5.0, 8.0, 4.0, 3.0, 5.0, 5.0, 3.0, 2.0, 1.0, 3.0, 4.0, 5.0, 0.0, 4.0, 2.0, 2.0, 1.0, 5.0, 2.0, 1.0, 2.0, 3.0, 0.0, 0.0, 4.0, 3.0, 1.0, 0.0, 3.0, 2.0, 1.0, 4.0, 2.0, 1.0, 1.0, 0.0, 2.0, 1.0, 0.0, 0.0, 0.0, 2.0, 0.0, 0.0, 1.0, 1.0], "bins": [-0.24127380549907684, -0.23383109271526337, -0.2263883799314499, -0.2189456671476364, -0.21150293946266174, -0.20406022667884827, -0.1966175138950348, -0.1891748011112213, -0.18173208832740784, -0.17428937554359436, -0.16684666275978088, -0.1594039499759674, -0.15196123719215393, -0.14451852440834045, -0.13707579672336578, -0.1296330839395523, -0.12219037115573883, -0.11474765837192535, -0.10730494558811188, -0.0998622253537178, -0.09241951256990433, -0.08497679978609085, -0.07753407955169678, -0.0700913667678833, -0.06264865398406982, -0.05520594120025635, -0.04776322469115257, -0.0403205081820488, -0.03287779539823532, -0.025435082614421844, -0.01799236610531807, -0.010549649596214294, -0.003106921911239624, 0.004335792735219002, 0.011778507381677628, 0.019221222028136253, 0.02666393667459488, 0.034106649458408356, 0.04154936596751213, 0.048992082476615906, 0.05643479526042938, 0.06387750804424286, 0.07132022082805634, 0.07876294106245041, 0.08620565384626389, 0.09364836663007736, 0.10109108686447144, 0.10853379964828491, 0.11597651243209839, 0.12341922521591187, 0.13086193799972534, 0.13830465078353882, 0.1457473635673523, 0.15319007635116577, 0.16063280403614044, 0.16807551681995392, 0.1755182296037674, 0.18296094238758087, 0.19040365517139435, 0.19784636795520782, 0.2052890956401825, 0.21273180842399597, 0.22017452120780945, 0.22761723399162292, 0.2350599467754364]}, "parameters/value_func.nn.2.weight": {"_type": "histogram", "values": [1.0, 1.0, 1.0, 2.0, 2.0, 3.0, 3.0, 1.0, 1.0, 1.0, 3.0, 2.0, 4.0, 4.0, 2.0, 6.0, 4.0, 4.0, 4.0, 5.0, 3.0, 4.0, 2.0, 2.0, 2.0, 2.0, 2.0, 0.0, 1.0, 1.0, 5.0, 2.0, 3.0, 0.0, 3.0, 1.0, 1.0, 1.0, 3.0, 0.0, 1.0, 1.0, 0.0, 4.0, 1.0, 4.0, 1.0, 2.0, 2.0, 1.0, 2.0, 1.0, 1.0, 2.0, 1.0, 1.0, 4.0, 1.0, 3.0, 1.0, 0.0, 1.0, 0.0, 1.0], "bins": [-0.41559678316116333, -0.40542155504226685, -0.39524632692337036, -0.3850710988044739, -0.3748959004878998, -0.3647206723690033, -0.3545454442501068, -0.3443702161312103, -0.33419498801231384, -0.32401975989341736, -0.3138445317745209, -0.3036693334579468, -0.2934941053390503, -0.2833188772201538, -0.2731436491012573, -0.26296842098236084, -0.25279319286346436, -0.24261796474456787, -0.23244275152683258, -0.2222675234079361, -0.2120922952890396, -0.20191708207130432, -0.19174185395240784, -0.18156662583351135, -0.17139142751693726, -0.16121619939804077, -0.15104098618030548, -0.140865758061409, -0.1306905299425125, -0.12051530927419662, -0.11034008860588074, -0.10016486048698425, -0.08998963236808777, -0.07981441169977188, -0.0696391835808754, -0.05946396291255951, -0.04928873851895332, -0.03911351412534714, -0.02893829345703125, -0.018763065338134766, -0.008587844669818878, 0.0015873787924647331, 0.011762602254748344, 0.02193782478570938, 0.03211304917931557, 0.04228827357292175, 0.05246349424123764, 0.06263872236013412, 0.07281394302845001, 0.0829891636967659, 0.09316439181566238, 0.10333961248397827, 0.11351484060287476, 0.12369006127119064, 0.13386528193950653, 0.14404051005840302, 0.1542157232761383, 0.1643909513950348, 0.17456616461277008, 0.18474139273166656, 0.19491662085056305, 0.20509183406829834, 0.21526706218719482, 0.2254422903060913, 0.2356175184249878]}, "parameters/value_func.nn.2.bias": {"_type": "histogram", "values": [0.0, 0.0, 0.0, 0.0, 0.0, 0.0, 0.0, 0.0, 0.0, 0.0, 0.0, 0.0, 0.0, 0.0, 0.0, 0.0, 0.0, 0.0, 0.0, 0.0, 0.0, 0.0, 0.0, 0.0, 0.0, 0.0, 0.0, 0.0, 0.0, 0.0, 0.0, 0.0, 1.0, 0.0, 0.0, 0.0, 0.0, 0.0, 0.0, 0.0, 0.0, 0.0, 0.0, 0.0, 0.0, 0.0, 0.0, 0.0, 0.0, 0.0, 0.0, 0.0, 0.0, 0.0, 0.0, 0.0, 0.0, 0.0, 0.0, 0.0, 0.0, 0.0, 0.0, 0.0], "bins": [-0.16906851530075073, -0.16906851530075073, -0.16906851530075073, -0.16906851530075073, -0.16906851530075073, -0.16906851530075073, -0.16906851530075073, -0.16906851530075073, -0.16906851530075073, -0.16906851530075073, -0.16906851530075073, -0.16906851530075073, -0.16906851530075073, -0.16906851530075073, -0.16906851530075073, -0.16906851530075073, -0.16906851530075073, -0.16906851530075073, -0.16906851530075073, -0.16906851530075073, -0.16906851530075073, -0.16906851530075073, -0.16906851530075073, -0.16906851530075073, -0.16906851530075073, -0.16906851530075073, -0.16906851530075073, -0.16906851530075073, -0.16906851530075073, -0.16906851530075073, -0.16906851530075073, -0.16906851530075073, -0.16906851530075073, -0.16906851530075073, -0.16906851530075073, -0.16906851530075073, -0.16906851530075073, -0.16906851530075073, -0.16906851530075073, -0.16906851530075073, -0.16906851530075073, -0.16906851530075073, -0.16906851530075073, -0.16906851530075073, -0.16906851530075073, -0.16906851530075073, -0.16906851530075073, -0.16906851530075073, -0.16906851530075073, -0.16906851530075073, -0.16906851530075073, -0.16906851530075073, -0.16906851530075073, -0.16906851530075073, -0.16906851530075073, -0.16906851530075073, -0.16906851530075073, -0.16906851530075073, -0.16906851530075073, -0.16906851530075073, -0.16906851530075073, -0.16906851530075073, -0.16906851530075073, -0.16906851530075073, -0.16906851530075073]}, "_wandb": {"runtime": 44}}