{"epoch": 58, "loss": 2487659520.0, "_timestamp": 1678388124.0404909, "_runtime": 65.12457180023193, "_step": 56, "parameters/value_func.nn.0.weight": {"_type": "histogram", "values": [2.0, 0.0, 0.0, 0.0, 0.0, 1.0, 2.0, 4.0, 7.0, 4.0, 6.0, 6.0, 7.0, 6.0, 10.0, 7.0, 8.0, 6.0, 10.0, 7.0, 14.0, 12.0, 9.0, 16.0, 15.0, 16.0, 23.0, 18.0, 24.0, 21.0, 23.0, 22.0, 22.0, 26.0, 21.0, 17.0, 28.0, 35.0, 19.0, 20.0, 15.0, 13.0, 13.0, 8.0, 6.0, 7.0, 10.0, 15.0, 8.0, 7.0, 6.0, 3.0, 9.0, 4.0, 5.0, 6.0, 5.0, 2.0, 1.0, 0.0, 1.0, 0.0, 0.0, 2.0], "bins": [-0.663823127746582, -0.6429418921470642, -0.6220605969429016, -0.6011793613433838, -0.5802980661392212, -0.5594168305397034, -0.5385355949401855, -0.517654299736023, -0.4967730641365051, -0.4758917987346649, -0.4550105333328247, -0.4341292977333069, -0.4132480323314667, -0.39236676692962646, -0.37148553133010864, -0.35060426592826843, -0.3297230005264282, -0.308841735124588, -0.2879604697227478, -0.26707923412323, -0.24619796872138977, -0.22531670331954956, -0.20443545281887054, -0.18355420231819153, -0.16267293691635132, -0.1417916715145111, -0.12091042101383209, -0.10002916306257248, -0.07914790511131287, -0.05826664716005325, -0.03738538920879364, -0.016504138708114624, 0.0043770670890808105, 0.025258325040340424, 0.04613958299160004, 0.06702084094285965, 0.08790209889411926, 0.10878335684537888, 0.1296646147966385, 0.1505458652973175, 0.17142713069915771, 0.19230839610099792, 0.21318964660167694, 0.23407089710235596, 0.25495216250419617, 0.2758334279060364, 0.2967146635055542, 0.3175959289073944, 0.3384771943092346, 0.35935845971107483, 0.38023972511291504, 0.40112096071243286, 0.42200222611427307, 0.4428834915161133, 0.4637647271156311, 0.4846459925174713, 0.5055272579193115, 0.5264084935188293, 0.5472897887229919, 0.5681710243225098, 0.5890523195266724, 0.6099335551261902, 0.630814790725708, 0.6516960859298706, 0.6725773215293884]}, "parameters/value_func.nn.0.bias": {"_type": "histogram", "values": [1.0, 1.0, 0.0, 0.0, 0.0, 0.0, 2.0, 0.0, 0.0, 3.0, 0.0, 2.0, 4.0, 2.0, 4.0, 5.0, 3.0, 1.0, 2.0, 5.0, 2.0, 2.0, 4.0, 2.0, 2.0, 4.0, 4.0, 0.0, 2.0, 2.0, 1.0, 2.0, 2.0, 0.0, 1.0, 3.0, 1.0, 4.0, 3.0, 7.0, 5.0, 4.0, 6.0, 4.0, 4.0, 4.0, 0.0, 2.0, 3.0, 3.0, 1.0, 0.0, 2.0, 1.0, 0.0, 2.0, 0.0, 1.0, 0.0, 0.0, 1.0, 0.0, 1.0, 1.0], "bins": [-0.34424105286598206, -0.3349792957305908, -0.3257175087928772, -0.31645575165748596, -0.3071939945220947, -0.2979322075843811, -0.28867045044898987, -0.27940869331359863, -0.270146906375885, -0.2608851492404938, -0.25162336230278015, -0.24236160516738892, -0.2330998331308365, -0.22383806109428406, -0.21457630395889282, -0.2053145319223404, -0.19605275988578796, -0.18679098784923553, -0.1775292158126831, -0.16826745867729187, -0.15900568664073944, -0.149743914604187, -0.14048215746879578, -0.13122038543224335, -0.12195861339569092, -0.11269684135913849, -0.10343507677316666, -0.09417331218719482, -0.0849115401506424, -0.07564976811408997, -0.06638800352811813, -0.0571262389421463, -0.047864481806755066, -0.038602713495492935, -0.029340945184230804, -0.020079176872968674, -0.010817408561706543, -0.0015556402504444122, 0.0077061280608177185, 0.01696789264678955, 0.02622966468334198, 0.03549143299460411, 0.04475320130586624, 0.05401496961712837, 0.0632767379283905, 0.07253850996494293, 0.08180027455091476, 0.0910620391368866, 0.10032381117343903, 0.10958558320999146, 0.11884734779596329, 0.12810911238193512, 0.13737088441848755, 0.14663265645503998, 0.1558944284915924, 0.16515618562698364, 0.17441795766353607, 0.1836797297000885, 0.19294148683547974, 0.20220325887203217, 0.2114650309085846, 0.22072680294513702, 0.22998857498168945, 0.2392503321170807, 0.24851210415363312]}, "parameters/value_func.nn.2.weight": {"_type": "histogram", "values": [1.0, 3.0, 2.0, 5.0, 2.0, 4.0, 4.0, 6.0, 5.0, 8.0, 2.0, 5.0, 2.0, 7.0, 5.0, 3.0, 5.0, 1.0, 0.0, 2.0, 0.0, 0.0, 2.0, 2.0, 0.0, 2.0, 1.0, 1.0, 0.0, 1.0, 2.0, 2.0, 2.0, 2.0, 3.0, 2.0, 2.0, 0.0, 3.0, 0.0, 0.0, 1.0, 0.0, 1.0, 0.0, 2.0, 2.0, 1.0, 2.0, 3.0, 1.0, 2.0, 2.0, 2.0, 0.0, 1.0, 2.0, 2.0, 1.0, 1.0, 0.0, 1.0, 0.0, 2.0], "bins": [-0.5418763160705566, -0.5253230333328247, -0.5087697505950928, -0.4922164976596832, -0.4756632447242737, -0.45910996198654175, -0.4425566792488098, -0.4260033965110779, -0.40945014357566833, -0.3928968608379364, -0.37634360790252686, -0.3597903251647949, -0.343237042427063, -0.32668378949165344, -0.3101305067539215, -0.29357725381851196, -0.27702397108078003, -0.2604706883430481, -0.24391743540763855, -0.22736415266990662, -0.21081088483333588, -0.19425761699676514, -0.1777043342590332, -0.16115106642246246, -0.14459779858589172, -0.12804453074932098, -0.11149125546216965, -0.09493798017501831, -0.07838471233844757, -0.06183144450187683, -0.045278169214725494, -0.028724893927574158, -0.012171626091003418, 0.00438164547085762, 0.02093491703271866, 0.0374881885945797, 0.054041460156440735, 0.07059472799301147, 0.08714800328016281, 0.10370127856731415, 0.12025454640388489, 0.13680781424045563, 0.15336108207702637, 0.1699143648147583, 0.18646763265132904, 0.20302090048789978, 0.2195741832256317, 0.23612745106220245, 0.2526807188987732, 0.2692340016365051, 0.2857872545719147, 0.3023405373096466, 0.31889379024505615, 0.3354470729827881, 0.35200035572052, 0.36855363845825195, 0.3851068913936615, 0.40166017413139343, 0.418213427066803, 0.4347667098045349, 0.45131999254226685, 0.4678732454776764, 0.4844265282154083, 0.5009797811508179, 0.5175330638885498]}, "parameters/value_func.nn.2.bias": {"_type": "histogram", "values": [0.0, 0.0, 0.0, 0.0, 0.0, 0.0, 0.0, 0.0, 0.0, 0.0, 0.0, 0.0, 0.0, 0.0, 0.0, 0.0, 0.0, 0.0, 0.0, 0.0, 0.0, 0.0, 0.0, 0.0, 0.0, 0.0, 0.0, 0.0, 0.0, 0.0, 0.0, 1.0, 0.0, 0.0, 0.0, 0.0, 0.0, 0.0, 0.0, 0.0, 0.0, 0.0, 0.0, 0.0, 0.0, 0.0, 0.0, 0.0, 0.0, 0.0, 0.0, 0.0, 0.0, 0.0, 0.0, 0.0, 0.0, 0.0, 0.0, 0.0, 0.0, 0.0, 0.0, 0.0], "bins": [-0.10116259008646011, -0.10116259008646011, -0.10116259008646011, -0.10116259008646011, -0.10116259008646011, -0.10116259008646011, -0.10116259008646011, -0.10116259008646011, -0.10116259008646011, -0.10116259008646011, -0.10116259008646011, -0.10116259008646011, -0.10116259008646011, -0.10116259008646011, -0.10116259008646011, -0.10116259008646011, -0.10116259008646011, -0.10116259008646011, -0.10116259008646011, -0.10116259008646011, -0.10116259008646011, -0.10116259008646011, -0.10116259008646011, -0.10116259008646011, -0.10116259008646011, -0.10116259008646011, -0.10116259008646011, -0.10116259008646011, -0.10116259008646011, -0.10116259008646011, -0.10116259008646011, -0.10116259008646011, -0.10116259008646011, -0.10116259008646011, -0.10116259008646011, -0.10116259008646011, -0.10116259008646011, -0.10116259008646011, -0.10116259008646011, -0.10116259008646011, -0.10116259008646011, -0.10116259008646011, -0.10116259008646011, -0.10116259008646011, -0.10116259008646011, -0.10116259008646011, -0.10116259008646011, -0.10116259008646011, -0.10116259008646011, -0.10116259008646011, -0.10116259008646011, -0.10116259008646011, -0.10116259008646011, -0.10116259008646011, -0.10116259008646011, -0.10116259008646011, -0.10116259008646011, -0.10116259008646011, -0.10116259008646011, -0.10116259008646011, -0.10116259008646011, -0.10116259008646011, -0.10116259008646011, -0.10116259008646011, -0.10116259008646011]}, "_wandb": {"runtime": 64}}