{"epoch": 51, "loss": 2389475584.0, "_timestamp": 1678297729.0298562, "_runtime": 163.07907819747925, "_step": 50, "parameters/value_func.nn.0.weight": {"_type": "histogram", "values": [2.0, 1.0, 0.0, 4.0, 5.0, 1.0, 3.0, 3.0, 2.0, 5.0, 4.0, 10.0, 2.0, 6.0, 5.0, 3.0, 13.0, 9.0, 14.0, 10.0, 13.0, 15.0, 16.0, 18.0, 14.0, 21.0, 20.0, 18.0, 21.0, 24.0, 16.0, 26.0, 25.0, 29.0, 25.0, 21.0, 18.0, 15.0, 15.0, 19.0, 16.0, 13.0, 11.0, 10.0, 10.0, 11.0, 9.0, 8.0, 7.0, 8.0, 7.0, 8.0, 3.0, 4.0, 4.0, 1.0, 6.0, 5.0, 1.0, 3.0, 1.0, 1.0, 1.0, 1.0], "bins": [-0.40004053711891174, -0.38746902346611023, -0.3748975098133087, -0.3623259961605072, -0.3497544825077057, -0.3371829688549042, -0.32461145520210266, -0.31203994154930115, -0.29946842789649963, -0.2868969142436981, -0.2743254005908966, -0.2617538869380951, -0.24918237328529358, -0.23661085963249207, -0.22403934597969055, -0.21146783232688904, -0.19889630377292633, -0.18632479012012482, -0.1737532764673233, -0.1611817628145218, -0.14861024916172028, -0.13603872060775757, -0.12346721440553665, -0.11089570075273514, -0.09832418709993362, -0.08575267344713211, -0.0731811597943306, -0.060609642416238785, -0.04803812876343727, -0.03546661138534546, -0.022895097732543945, -0.010323584079742432, 0.002247929573059082, 0.01481944415718317, 0.02739095874130726, 0.03996247425675392, 0.052533987909555435, 0.06510550528764725, 0.07767701894044876, 0.09024853259325027, 0.10282004624605179, 0.1153915598988533, 0.1279630810022354, 0.14053459465503693, 0.15310610830783844, 0.16567762196063995, 0.17824913561344147, 0.19082064926624298, 0.2033921629190445, 0.215963676571846, 0.22853519022464752, 0.24110670387744904, 0.25367823243141174, 0.26624974608421326, 0.27882125973701477, 0.2913927733898163, 0.3039642870426178, 0.3165358006954193, 0.3291073143482208, 0.34167882800102234, 0.35425034165382385, 0.36682185530662537, 0.3793933689594269, 0.3919648826122284, 0.4045363962650299]}, "parameters/value_func.nn.2.weight": {"_type": "histogram", "values": [1.0, 0.0, 1.0, 0.0, 0.0, 0.0, 1.0, 0.0, 0.0, 1.0, 2.0, 1.0, 0.0, 3.0, 4.0, 0.0, 2.0, 3.0, 1.0, 3.0, 5.0, 2.0, 1.0, 5.0, 3.0, 3.0, 3.0, 5.0, 5.0, 6.0, 3.0, 1.0, 2.0, 4.0, 3.0, 1.0, 1.0, 2.0, 0.0, 2.0, 2.0, 1.0, 3.0, 6.0, 7.0, 4.0, 4.0, 2.0, 2.0, 1.0, 3.0, 0.0, 1.0, 4.0, 1.0, 3.0, 0.0, 0.0, 0.0, 0.0, 2.0, 0.0, 1.0, 1.0], "bins": [-0.4069099724292755, -0.39490780234336853, -0.38290563225746155, -0.3709034323692322, -0.3589012622833252, -0.3468990921974182, -0.33489692211151123, -0.32289475202560425, -0.31089258193969727, -0.2988904118537903, -0.2868882417678833, -0.2748860716819763, -0.26288387179374695, -0.25088170170783997, -0.23887953162193298, -0.226877361536026, -0.21487517654895782, -0.20287300646305084, -0.19087082147598267, -0.17886865139007568, -0.1668664813041687, -0.15486431121826172, -0.14286212623119354, -0.13085995614528656, -0.11885777860879898, -0.1068556010723114, -0.09485343098640442, -0.08285125344991684, -0.07084907591342926, -0.05884690582752228, -0.0468447282910347, -0.034842558205127716, -0.022840380668640137, -0.010838205926120281, 0.0011639688163995743, 0.013166144490242004, 0.025168318301439285, 0.037170492112636566, 0.049172669649124146, 0.06117483973503113, 0.07317701727151871, 0.08517919480800629, 0.09718136489391327, 0.10918354243040085, 0.12118571996688843, 0.1331878900527954, 0.1451900601387024, 0.15719223022460938, 0.16919441521167755, 0.18119658529758453, 0.1931987702846527, 0.2052009403705597, 0.21720311045646667, 0.22920528054237366, 0.24120746552944183, 0.25320965051651, 0.265211820602417, 0.277213990688324, 0.28921616077423096, 0.30121833086013794, 0.3132205307483673, 0.3252227008342743, 0.3372248709201813, 0.34922704100608826, 0.36122921109199524]}, "_wandb": {"runtime": 174}}