{"epoch": 124, "loss": 181039136.0, "_timestamp": 1678379764.9738572, "_runtime": 465.55480909347534, "_step": 124, "parameters/value_func.nn.0.weight": {"_type": "histogram", "values": [3.0, 3.0, 6.0, 4.0, 2.0, 4.0, 6.0, 9.0, 3.0, 4.0, 3.0, 2.0, 6.0, 13.0, 6.0, 7.0, 8.0, 11.0, 7.0, 12.0, 13.0, 15.0, 12.0, 22.0, 26.0, 22.0, 28.0, 31.0, 35.0, 18.0, 26.0, 21.0, 21.0, 26.0, 30.0, 13.0, 13.0, 17.0, 17.0, 9.0, 15.0, 11.0, 7.0, 8.0, 6.0, 8.0, 4.0, 3.0, 5.0, 2.0, 7.0, 8.0, 4.0, 3.0, 5.0, 5.0, 2.0, 0.0, 0.0, 1.0, 1.0, 0.0, 0.0, 1.0], "bins": [-0.7425614595413208, -0.7178760766983032, -0.6931906938552856, -0.6685053110122681, -0.6438199281692505, -0.6191345453262329, -0.5944491624832153, -0.5697637796401978, -0.5450783967971802, -0.5203930139541626, -0.495707631111145, -0.47102224826812744, -0.44633686542510986, -0.4216514825820923, -0.3969660699367523, -0.37228068709373474, -0.3475952744483948, -0.3229098916053772, -0.2982245087623596, -0.27353912591934204, -0.24885372817516327, -0.2241683453321457, -0.19948294758796692, -0.17479756474494934, -0.15011218190193176, -0.12542679905891418, -0.10074140876531601, -0.07605601847171783, -0.051370635628700256, -0.026685252785682678, -0.0019998550415039062, 0.022685527801513672, 0.047370851039886475, 0.07205623388290405, 0.09674162417650223, 0.1214270144701004, 0.14611239731311798, 0.17079778015613556, 0.19548317790031433, 0.2201685607433319, 0.2448539435863495, 0.26953932642936707, 0.29422470927238464, 0.3189101219177246, 0.3435955047607422, 0.36828088760375977, 0.39296627044677734, 0.4176516532897949, 0.4423370361328125, 0.4670224189758301, 0.49170780181884766, 0.5163931846618652, 0.5410785675048828, 0.5657639503479004, 0.590449333190918, 0.6151347160339355, 0.6398200988769531, 0.6645054817199707, 0.6891908645629883, 0.7138762474060059, 0.7385616302490234, 0.763247013092041, 0.7879323959350586, 0.8126177787780762, 0.8373032212257385]}, "parameters/value_func.nn.0.bias": {"_type": "histogram", "values": [1.0, 0.0, 0.0, 1.0, 2.0, 1.0, 2.0, 1.0, 3.0, 1.0, 0.0, 1.0, 1.0, 2.0, 1.0, 0.0, 0.0, 1.0, 3.0, 2.0, 3.0, 1.0, 3.0, 2.0, 4.0, 2.0, 2.0, 2.0, 3.0, 4.0, 1.0, 4.0, 4.0, 7.0, 5.0, 4.0, 5.0, 2.0, 2.0, 4.0, 3.0, 4.0, 5.0, 4.0, 2.0, 2.0, 2.0, 2.0, 3.0, 3.0, 1.0, 1.0, 2.0, 1.0, 1.0, 0.0, 1.0, 0.0, 0.0, 2.0, 0.0, 0.0, 0.0, 2.0], "bins": [-0.48588111996650696, -0.46978995203971863, -0.4536987841129303, -0.43760761618614197, -0.42151644825935364, -0.4054252803325653, -0.3893340826034546, -0.37324291467666626, -0.35715174674987793, -0.3410605788230896, -0.32496941089630127, -0.30887824296951294, -0.2927870750427246, -0.2766959071159363, -0.26060473918914795, -0.24451355636119843, -0.2284224033355713, -0.21233123540878296, -0.19624006748199463, -0.1801488995552063, -0.16405773162841797, -0.14796656370162964, -0.13187538087368011, -0.11578421294689178, -0.09969304502010345, -0.08360187709331512, -0.0675107091665268, -0.05141953378915787, -0.03532836586236954, -0.019237197935581207, -0.0031460225582122803, 0.01294514536857605, 0.029036343097686768, 0.0451275110244751, 0.061218682676553726, 0.07730985432863235, 0.09340102225542068, 0.10949219018220901, 0.12558336555957794, 0.14167453348636627, 0.1577657014131546, 0.17385686933994293, 0.18994803726673126, 0.2060392200946808, 0.22213038802146912, 0.23822155594825745, 0.2543127238750458, 0.2704038918018341, 0.28649505972862244, 0.30258622765541077, 0.3186773955821991, 0.3347685635089874, 0.35085973143577576, 0.3669508993625641, 0.3830420970916748, 0.39913326501846313, 0.41522443294525146, 0.4313156008720398, 0.4474067687988281, 0.46349793672561646, 0.4795891046524048, 0.4956802725791931, 0.5117714405059814, 0.5278626084327698, 0.5439537763595581]}, "parameters/value_func.nn.2.weight": {"_type": "histogram", "values": [1.0, 0.0, 0.0, 0.0, 1.0, 2.0, 0.0, 1.0, 1.0, 2.0, 1.0, 0.0, 1.0, 1.0, 0.0, 2.0, 3.0, 1.0, 4.0, 5.0, 5.0, 4.0, 5.0, 1.0, 3.0, 6.0, 3.0, 4.0, 6.0, 2.0, 0.0, 3.0, 3.0, 3.0, 2.0, 2.0, 2.0, 2.0, 2.0, 3.0, 0.0, 3.0, 4.0, 3.0, 2.0, 2.0, 3.0, 1.0, 2.0, 1.0, 1.0, 2.0, 1.0, 1.0, 0.0, 2.0, 2.0, 3.0, 2.0, 0.0, 1.0, 2.0, 1.0, 2.0], "bins": [-0.7032235264778137, -0.682709276676178, -0.6621949672698975, -0.6416807174682617, -0.6211664080619812, -0.6006521582603455, -0.5801378488540649, -0.5596235990524292, -0.5391092896461487, -0.5185950398445129, -0.4980807304382324, -0.4775664508342743, -0.45705217123031616, -0.43653789162635803, -0.4160236120223999, -0.39550936222076416, -0.37499508261680603, -0.3544808030128479, -0.33396652340888977, -0.31345224380493164, -0.2929379642009735, -0.2724236845970154, -0.25190943479537964, -0.23139514029026031, -0.21088086068630219, -0.19036658108234406, -0.16985230147838593, -0.149338036775589, -0.12882375717163086, -0.10830947011709213, -0.0877951979637146, -0.06728091835975647, -0.04676663875579834, -0.02625236101448536, -0.0057380832731723785, 0.014776192605495453, 0.03529047220945358, 0.05580475181341171, 0.07631902396678925, 0.09683330357074738, 0.1173475831747055, 0.13786186277866364, 0.15837614238262177, 0.1788904070854187, 0.19940468668937683, 0.21991896629333496, 0.2404332458972931, 0.2609475255012512, 0.28146180510520935, 0.3019760847091675, 0.3224903643131256, 0.34300464391708374, 0.36351892352104187, 0.384033203125, 0.40454745292663574, 0.42506176233291626, 0.445576012134552, 0.46609029173851013, 0.48660457134246826, 0.507118821144104, 0.5276331305503845, 0.5481473803520203, 0.5686616897583008, 0.5891759395599365, 0.609690248966217]}, "parameters/value_func.nn.2.bias": {"_type": "histogram", "values": [0.0, 0.0, 0.0, 0.0, 0.0, 0.0, 0.0, 0.0, 0.0, 0.0, 0.0, 0.0, 0.0, 0.0, 0.0, 0.0, 0.0, 0.0, 0.0, 0.0, 0.0, 0.0, 0.0, 0.0, 0.0, 0.0, 0.0, 0.0, 0.0, 0.0, 0.0, 0.0, 1.0, 0.0, 0.0, 0.0, 0.0, 0.0, 0.0, 0.0, 0.0, 0.0, 0.0, 0.0, 0.0, 0.0, 0.0, 0.0, 0.0, 0.0, 0.0, 0.0, 0.0, 0.0, 0.0, 0.0, 0.0, 0.0, 0.0, 0.0, 0.0, 0.0, 0.0, 0.0], "bins": [-0.24423672258853912, -0.24423672258853912, -0.24423672258853912, -0.24423672258853912, -0.24423672258853912, -0.24423672258853912, -0.24423672258853912, -0.24423672258853912, -0.24423672258853912, -0.24423672258853912, -0.24423672258853912, -0.24423672258853912, -0.24423672258853912, -0.24423672258853912, -0.24423672258853912, -0.24423672258853912, -0.24423672258853912, -0.24423672258853912, -0.24423672258853912, -0.24423672258853912, -0.24423672258853912, -0.24423672258853912, -0.24423672258853912, -0.24423672258853912, -0.24423672258853912, -0.24423672258853912, -0.24423672258853912, -0.24423672258853912, -0.24423672258853912, -0.24423672258853912, -0.24423672258853912, -0.24423672258853912, -0.24423672258853912, -0.24423672258853912, -0.24423672258853912, -0.24423672258853912, -0.24423672258853912, -0.24423672258853912, -0.24423672258853912, -0.24423672258853912, -0.24423672258853912, -0.24423672258853912, -0.24423672258853912, -0.24423672258853912, -0.24423672258853912, -0.24423672258853912, -0.24423672258853912, -0.24423672258853912, -0.24423672258853912, -0.24423672258853912, -0.24423672258853912, -0.24423672258853912, -0.24423672258853912, -0.24423672258853912, -0.24423672258853912, -0.24423672258853912, -0.24423672258853912, -0.24423672258853912, -0.24423672258853912, -0.24423672258853912, -0.24423672258853912, -0.24423672258853912, -0.24423672258853912, -0.24423672258853912, -0.24423672258853912]}, "_wandb": {"runtime": 465}}