{"epoch": 78, "loss": 459739264.0, "_timestamp": 1678804087.6171868, "_runtime": 263.2194867134094, "_step": 76, "parameters/value_func.nn.0.weight": {"_type": "histogram", "values": [1.0, 2.0, 1.0, 0.0, 3.0, 5.0, 10.0, 6.0, 8.0, 4.0, 4.0, 7.0, 5.0, 8.0, 10.0, 2.0, 10.0, 11.0, 9.0, 11.0, 11.0, 13.0, 17.0, 9.0, 14.0, 21.0, 15.0, 20.0, 22.0, 19.0, 26.0, 38.0, 41.0, 18.0, 10.0, 20.0, 15.0, 13.0, 14.0, 18.0, 10.0, 8.0, 8.0, 12.0, 8.0, 8.0, 13.0, 15.0, 6.0, 10.0, 11.0, 6.0, 4.0, 2.0, 3.0, 3.0, 2.0, 3.0, 3.0, 3.0, 5.0, 5.0, 0.0, 1.0], "bins": [-0.46731632947921753, -0.45280513167381287, -0.4382939338684082, -0.42378273606300354, -0.4092715382575989, -0.3947603106498718, -0.38024911284446716, -0.3657379150390625, -0.35122671723365784, -0.3367155194282532, -0.3222043216228485, -0.30769312381744385, -0.2931818962097168, -0.2786707282066345, -0.26415950059890747, -0.2496483027935028, -0.23513710498809814, -0.22062590718269348, -0.20611470937728882, -0.19160349667072296, -0.1770922988653183, -0.16258110105991364, -0.14806988835334778, -0.13355869054794312, -0.11904749274253845, -0.10453629493713379, -0.09002508968114853, -0.07551388442516327, -0.061002686619758606, -0.04649148881435394, -0.03198028355836868, -0.017469078302383423, -0.0029579102993011475, 0.011553291231393814, 0.026064492762088776, 0.04057569429278374, 0.0550868958234787, 0.06959809362888336, 0.08410929888486862, 0.09862050414085388, 0.11313170194625854, 0.1276428997516632, 0.14215409755706787, 0.15666531026363373, 0.1711765080690384, 0.18568770587444305, 0.2001989185810089, 0.21471011638641357, 0.22922131419181824, 0.2437325119972229, 0.25824370980262756, 0.2727549076080322, 0.2872661352157593, 0.30177730321884155, 0.3162885308265686, 0.33079972863197327, 0.34531092643737793, 0.3598221242427826, 0.37433332204818726, 0.3888445198535919, 0.4033557176589966, 0.41786694526672363, 0.4323781430721283, 0.44688934087753296, 0.4614005386829376]}, "parameters/value_func.nn.0.bias": {"_type": "histogram", "values": [1.0, 0.0, 0.0, 0.0, 0.0, 0.0, 2.0, 1.0, 1.0, 0.0, 1.0, 0.0, 0.0, 0.0, 2.0, 0.0, 1.0, 2.0, 1.0, 1.0, 1.0, 1.0, 1.0, 1.0, 3.0, 1.0, 2.0, 3.0, 8.0, 11.0, 4.0, 7.0, 7.0, 6.0, 5.0, 10.0, 6.0, 2.0, 4.0, 4.0, 2.0, 2.0, 3.0, 5.0, 5.0, 4.0, 4.0, 1.0, 1.0, 0.0, 0.0, 0.0, 0.0, 0.0, 0.0, 0.0, 0.0, 0.0, 0.0, 0.0, 0.0, 0.0, 0.0, 1.0], "bins": [-0.27625006437301636, -0.26952627301216125, -0.26280248165130615, -0.25607872009277344, -0.24935492873191833, -0.24263113737106323, -0.23590734601020813, -0.22918355464935303, -0.22245977818965912, -0.21573598682880402, -0.2090122103691101, -0.202288419008255, -0.1955646276473999, -0.188840851187706, -0.1821170598268509, -0.17539328336715698, -0.16866949200630188, -0.16194570064544678, -0.15522192418575287, -0.14849813282489777, -0.14177435636520386, -0.13505056500434875, -0.12832677364349365, -0.12160298973321915, -0.11487920582294464, -0.10815542191267014, -0.10143163800239563, -0.09470784664154053, -0.08798406273126602, -0.08126027882099152, -0.07453648746013641, -0.06781270354986191, -0.06108890473842621, -0.0543651208281517, -0.0476413331925869, -0.040917545557022095, -0.03419376164674759, -0.027469977736473083, -0.02074619010090828, -0.014022402465343475, -0.00729861855506897, -0.0005748327821493149, 0.00614895299077034, 0.012872738763689995, 0.01959652453660965, 0.026320308446884155, 0.03304409608244896, 0.03976788371801376, 0.04649166762828827, 0.053215451538562775, 0.05993923917412758, 0.06666302680969238, 0.07338681071996689, 0.0801105946302414, 0.0868343859910965, 0.093558169901371, 0.10028195381164551, 0.10700573772192001, 0.11372952163219452, 0.12045331299304962, 0.12717708945274353, 0.13390088081359863, 0.14062467217445374, 0.14734846353530884, 0.15407223999500275]}, "parameters/value_func.nn.2.weight": {"_type": "histogram", "values": [2.0, 2.0, 0.0, 3.0, 5.0, 5.0, 3.0, 2.0, 1.0, 5.0, 3.0, 6.0, 3.0, 3.0, 2.0, 2.0, 3.0, 5.0, 4.0, 2.0, 1.0, 1.0, 7.0, 5.0, 4.0, 2.0, 0.0, 2.0, 1.0, 1.0, 2.0, 0.0, 0.0, 0.0, 1.0, 1.0, 1.0, 0.0, 4.0, 0.0, 1.0, 1.0, 2.0, 4.0, 2.0, 0.0, 0.0, 1.0, 0.0, 5.0, 2.0, 3.0, 2.0, 2.0, 1.0, 1.0, 2.0, 0.0, 1.0, 0.0, 0.0, 2.0, 0.0, 2.0], "bins": [-0.4113506078720093, -0.4010162353515625, -0.3906818628311157, -0.38034746050834656, -0.3700130879878998, -0.359678715467453, -0.34934431314468384, -0.33900994062423706, -0.3286755681037903, -0.3183411955833435, -0.30800682306289673, -0.29767242074012756, -0.2873380482196808, -0.277003675699234, -0.26666927337646484, -0.25633490085601807, -0.2460005283355713, -0.2356661558151245, -0.22533176839351654, -0.21499738097190857, -0.2046630084514618, -0.19432863593101501, -0.18399424850940704, -0.17365986108779907, -0.1633254885673523, -0.15299111604690552, -0.14265672862529755, -0.13232234120368958, -0.1219879686832428, -0.11165358871221542, -0.10131920874118805, -0.09098482877016068, -0.08065047860145569, -0.07031609863042831, -0.05998171865940094, -0.049647338688373566, -0.03931295871734619, -0.028978578746318817, -0.018644198775291443, -0.008309818804264069, 0.0020245611667633057, 0.01235894113779068, 0.022693321108818054, 0.03302770107984543, 0.0433620810508728, 0.05369646102190018, 0.06403084099292755, 0.07436522096395493, 0.0846996009349823, 0.09503398090600967, 0.10536836087703705, 0.11570274084806442, 0.1260371208190918, 0.13637149333953857, 0.14670588076114655, 0.15704026818275452, 0.1673746407032013, 0.17770901322364807, 0.18804340064525604, 0.198377788066864, 0.2087121605873108, 0.21904653310775757, 0.22938092052936554, 0.2397153079509735, 0.2500496804714203]}, "parameters/value_func.nn.2.bias": {"_type": "histogram", "values": [0.0, 0.0, 0.0, 0.0, 0.0, 0.0, 0.0, 0.0, 0.0, 0.0, 0.0, 0.0, 0.0, 0.0, 0.0, 0.0, 0.0, 0.0, 0.0, 0.0, 0.0, 0.0, 0.0, 0.0, 0.0, 0.0, 0.0, 0.0, 0.0, 0.0, 0.0, 0.0, 1.0, 0.0, 0.0, 0.0, 0.0, 0.0, 0.0, 0.0, 0.0, 0.0, 0.0, 0.0, 0.0, 0.0, 0.0, 0.0, 0.0, 0.0, 0.0, 0.0, 0.0, 0.0, 0.0, 0.0, 0.0, 0.0, 0.0, 0.0, 0.0, 0.0, 0.0, 0.0], "bins": [0.007770378142595291, 0.007770378142595291, 0.007770378142595291, 0.007770378142595291, 0.007770378142595291, 0.007770378142595291, 0.007770378142595291, 0.007770378142595291, 0.007770378142595291, 0.007770378142595291, 0.007770378142595291, 0.007770378142595291, 0.007770378142595291, 0.007770378142595291, 0.007770378142595291, 0.007770378142595291, 0.007770378142595291, 0.007770378142595291, 0.007770378142595291, 0.007770378142595291, 0.007770378142595291, 0.007770378142595291, 0.007770378142595291, 0.007770378142595291, 0.007770378142595291, 0.007770378142595291, 0.007770378142595291, 0.007770378142595291, 0.007770378142595291, 0.007770378142595291, 0.007770378142595291, 0.007770378142595291, 0.007770378142595291, 0.007770378142595291, 0.007770378142595291, 0.007770378142595291, 0.007770378142595291, 0.007770378142595291, 0.007770378142595291, 0.007770378142595291, 0.007770378142595291, 0.007770378142595291, 0.007770378142595291, 0.007770378142595291, 0.007770378142595291, 0.007770378142595291, 0.007770378142595291, 0.007770378142595291, 0.007770378142595291, 0.007770378142595291, 0.007770378142595291, 0.007770378142595291, 0.007770378142595291, 0.007770378142595291, 0.007770378142595291, 0.007770378142595291, 0.007770378142595291, 0.007770378142595291, 0.007770378142595291, 0.007770378142595291, 0.007770378142595291, 0.007770378142595291, 0.007770378142595291, 0.007770378142595291, 0.007770378142595291]}, "_wandb": {"runtime": 263}}