{"epoch": 51, "loss": 14421103616.0, "_timestamp": 1678388382.8903723, "_runtime": 65.06815123558044, "_step": 50, "parameters/value_func.nn.0.weight": {"_type": "histogram", "values": [2.0, 1.0, 0.0, 1.0, 1.0, 0.0, 3.0, 1.0, 5.0, 2.0, 2.0, 1.0, 6.0, 12.0, 7.0, 8.0, 7.0, 17.0, 15.0, 10.0, 13.0, 14.0, 13.0, 12.0, 15.0, 9.0, 20.0, 19.0, 24.0, 24.0, 25.0, 20.0, 21.0, 22.0, 23.0, 21.0, 26.0, 23.0, 24.0, 12.0, 13.0, 16.0, 12.0, 18.0, 19.0, 15.0, 6.0, 15.0, 7.0, 6.0, 5.0, 4.0, 6.0, 6.0, 2.0, 0.0, 3.0, 0.0, 1.0, 1.0, 1.0, 2.0, 0.0, 1.0], "bins": [-0.5903853178024292, -0.5718111395835876, -0.5532370209693909, -0.5346628427505493, -0.5160887241363525, -0.497514545917511, -0.4789403975009918, -0.46036624908447266, -0.4417921006679535, -0.4232179522514343, -0.40464380383491516, -0.386069655418396, -0.36749547719955444, -0.34892135858535767, -0.3303471803665161, -0.31177303194999695, -0.2931988835334778, -0.2746247351169586, -0.25605058670043945, -0.2374764233827591, -0.21890227496623993, -0.20032812654972076, -0.1817539632320404, -0.16317981481552124, -0.14460566639900208, -0.1260315179824829, -0.10745736211538315, -0.08888320624828339, -0.07030905783176422, -0.051734909415245056, -0.033160753548145294, -0.014586597681045532, 0.003987550735473633, 0.022561702877283096, 0.04113585501909256, 0.05971000716090202, 0.07828415930271149, 0.09685830771923065, 0.11543246358633041, 0.13400661945343018, 0.15258076786994934, 0.1711549162864685, 0.18972906470298767, 0.20830322802066803, 0.2268773764371872, 0.24545152485370636, 0.2640256881713867, 0.2825998365879059, 0.30117398500442505, 0.3197481334209442, 0.3383222818374634, 0.35689643025398254, 0.3754705786705017, 0.39404475688934326, 0.4126189053058624, 0.4311930537223816, 0.44976720213890076, 0.4683413505554199, 0.4869154989719391, 0.5054896473884583, 0.5240638256072998, 0.5426379442214966, 0.5612121224403381, 0.5797863006591797, 0.5983604192733765]}, "parameters/value_func.nn.0.bias": {"_type": "histogram", "values": [2.0, 0.0, 1.0, 0.0, 1.0, 3.0, 1.0, 3.0, 7.0, 1.0, 4.0, 4.0, 2.0, 4.0, 5.0, 0.0, 1.0, 0.0, 2.0, 2.0, 1.0, 3.0, 2.0, 1.0, 0.0, 0.0, 2.0, 2.0, 3.0, 1.0, 2.0, 2.0, 1.0, 2.0, 1.0, 0.0, 2.0, 1.0, 1.0, 2.0, 1.0, 2.0, 0.0, 2.0, 1.0, 0.0, 1.0, 2.0, 2.0, 1.0, 2.0, 6.0, 1.0, 0.0, 0.0, 6.0, 4.0, 2.0, 4.0, 4.0, 6.0, 6.0, 1.0, 2.0], "bins": [-0.3470021188259125, -0.33480262756347656, -0.32260316610336304, -0.3104036748409271, -0.2982042133808136, -0.2860047221183777, -0.27380526065826416, -0.26160576939582825, -0.24940627813339233, -0.23720680177211761, -0.2250073254108429, -0.21280783414840698, -0.20060835778713226, -0.18840888142585754, -0.17620940506458282, -0.1640099287033081, -0.1518104523420334, -0.13961097598075867, -0.12741149961948395, -0.11521201580762863, -0.10301253199577332, -0.0908130556344986, -0.07861357927322388, -0.06641409546136856, -0.05421461910009384, -0.042015139013528824, -0.029815660789608955, -0.017616182565689087, -0.005416702479124069, 0.0067827776074409485, 0.018982253968715668, 0.031181737780570984, 0.0433812141418457, 0.05558069422841072, 0.06778017431497574, 0.07997965067625046, 0.09217913448810577, 0.1043786108493805, 0.11657808721065521, 0.12877756357192993, 0.14097705483436584, 0.15317653119564056, 0.16537600755691528, 0.1775754988193512, 0.18977497518062592, 0.20197445154190063, 0.21417392790317535, 0.22637340426445007, 0.2385728806257248, 0.2507723569869995, 0.2629718482494354, 0.27517130970954895, 0.28737080097198486, 0.2995702624320984, 0.3117697536945343, 0.3239692449569702, 0.33616870641708374, 0.34836819767951965, 0.3605676591396332, 0.3727671504020691, 0.3849666118621826, 0.39716610312461853, 0.40936559438705444, 0.42156505584716797, 0.4337645471096039]}, "parameters/value_func.nn.2.weight": {"_type": "histogram", "values": [2.0, 2.0, 0.0, 1.0, 5.0, 2.0, 2.0, 5.0, 1.0, 1.0, 3.0, 3.0, 2.0, 3.0, 4.0, 5.0, 5.0, 8.0, 2.0, 6.0, 3.0, 2.0, 2.0, 6.0, 5.0, 5.0, 2.0, 0.0, 3.0, 1.0, 0.0, 0.0, 2.0, 1.0, 1.0, 1.0, 1.0, 1.0, 2.0, 1.0, 5.0, 2.0, 1.0, 4.0, 1.0, 0.0, 2.0, 1.0, 1.0, 1.0, 1.0, 0.0, 1.0, 1.0, 1.0, 1.0, 0.0, 0.0, 2.0, 0.0, 0.0, 0.0, 0.0, 2.0], "bins": [-0.3741242289543152, -0.3633502721786499, -0.35257628560066223, -0.34180232882499695, -0.33102837204933167, -0.320254385471344, -0.3094804286956787, -0.2987064719200134, -0.28793251514434814, -0.27715855836868286, -0.2663845717906952, -0.2556106150150299, -0.24483665823936462, -0.23406268656253815, -0.22328871488571167, -0.2125147581100464, -0.20174077153205872, -0.19096679985523224, -0.18019284307956696, -0.16941887140274048, -0.1586449146270752, -0.14787094295024872, -0.13709697127342224, -0.12632301449775696, -0.11554904282093048, -0.1047750785946846, -0.09400111436843872, -0.08322714269161224, -0.07245317846536636, -0.06167921423912048, -0.050905242562294006, -0.040131278336048126, -0.02935728430747986, -0.01858331821858883, -0.0078093521296978, 0.002964615821838379, 0.013738580048084259, 0.02451254427433014, 0.035286515951156616, 0.046060480177402496, 0.056834444403648376, 0.06760840862989426, 0.07838237285614014, 0.08915634453296661, 0.0999303087592125, 0.11070427298545837, 0.12147824466228485, 0.13225221633911133, 0.1430261731147766, 0.1538001447916031, 0.16457410156726837, 0.17534807324409485, 0.18612203001976013, 0.1968960016965866, 0.20766997337341309, 0.21844393014907837, 0.22921790182590485, 0.23999187350273132, 0.2507658302783966, 0.2615398168563843, 0.27231377363204956, 0.28308773040771484, 0.2938616871833801, 0.3046356737613678, 0.3154096305370331]}, "parameters/value_func.nn.2.bias": {"_type": "histogram", "values": [0.0, 0.0, 0.0, 0.0, 0.0, 0.0, 0.0, 0.0, 0.0, 0.0, 0.0, 0.0, 0.0, 0.0, 0.0, 0.0, 0.0, 0.0, 0.0, 0.0, 0.0, 0.0, 0.0, 0.0, 0.0, 0.0, 0.0, 0.0, 0.0, 0.0, 0.0, 0.0, 1.0, 0.0, 0.0, 0.0, 0.0, 0.0, 0.0, 0.0, 0.0, 0.0, 0.0, 0.0, 0.0, 0.0, 0.0, 0.0, 0.0, 0.0, 0.0, 0.0, 0.0, 0.0, 0.0, 0.0, 0.0, 0.0, 0.0, 0.0, 0.0, 0.0, 0.0, 0.0], "bins": [-0.3535093069076538, -0.3535093069076538, -0.3535093069076538, -0.3535093069076538, -0.3535093069076538, -0.3535093069076538, -0.3535093069076538, -0.3535093069076538, -0.3535093069076538, -0.3535093069076538, -0.3535093069076538, -0.3535093069076538, -0.3535093069076538, -0.3535093069076538, -0.3535093069076538, -0.3535093069076538, -0.3535093069076538, -0.3535093069076538, -0.3535093069076538, -0.3535093069076538, -0.3535093069076538, -0.3535093069076538, -0.3535093069076538, -0.3535093069076538, -0.3535093069076538, -0.3535093069076538, -0.3535093069076538, -0.3535093069076538, -0.3535093069076538, -0.3535093069076538, -0.3535093069076538, -0.3535093069076538, -0.3535093069076538, -0.3535093069076538, -0.3535093069076538, -0.3535093069076538, -0.3535093069076538, -0.3535093069076538, -0.3535093069076538, -0.3535093069076538, -0.3535093069076538, -0.3535093069076538, -0.3535093069076538, -0.3535093069076538, -0.3535093069076538, -0.3535093069076538, -0.3535093069076538, -0.3535093069076538, -0.3535093069076538, -0.3535093069076538, -0.3535093069076538, -0.3535093069076538, -0.3535093069076538, -0.3535093069076538, -0.3535093069076538, -0.3535093069076538, -0.3535093069076538, -0.3535093069076538, -0.3535093069076538, -0.3535093069076538, -0.3535093069076538, -0.3535093069076538, -0.3535093069076538, -0.3535093069076538, -0.3535093069076538]}, "_wandb": {"runtime": 63}}