{"epoch": 7, "loss": 22214481920.0, "_timestamp": 1678386718.7006292, "_runtime": 9.076574325561523, "_step": 5, "parameters/value_func.nn.0.weight": {"_type": "histogram", "values": [3.0, 2.0, 7.0, 7.0, 6.0, 5.0, 4.0, 6.0, 9.0, 8.0, 8.0, 13.0, 10.0, 9.0, 13.0, 10.0, 7.0, 8.0, 19.0, 11.0, 7.0, 12.0, 14.0, 16.0, 20.0, 7.0, 13.0, 14.0, 10.0, 9.0, 7.0, 11.0, 14.0, 11.0, 12.0, 12.0, 17.0, 16.0, 11.0, 11.0, 10.0, 6.0, 17.0, 11.0, 14.0, 12.0, 5.0, 10.0, 9.0, 11.0, 12.0, 12.0, 11.0, 15.0, 16.0, 6.0, 10.0, 7.0, 6.0, 9.0, 5.0, 10.0, 4.0, 3.0], "bins": [-0.24399499595165253, -0.2363819032907486, -0.22876882553100586, -0.22115573287010193, -0.213542640209198, -0.20592956244945526, -0.19831646978855133, -0.1907033920288086, -0.18309029936790466, -0.17547720670700073, -0.167864128947258, -0.16025103628635406, -0.15263795852661133, -0.1450248658657074, -0.13741177320480347, -0.12979868054389954, -0.1221856027841568, -0.11457251757383347, -0.10695943236351013, -0.0993463397026062, -0.09173325449228287, -0.08412016928195953, -0.0765070766210556, -0.06889399141073227, -0.061280906200408936, -0.0536678209900856, -0.04605473205447197, -0.03844164311885834, -0.030828557908535004, -0.02321547269821167, -0.015602383762598038, -0.007989294826984406, -0.0003762096166610718, 0.007236877456307411, 0.014849964529275894, 0.022463051602244377, 0.03007613867521286, 0.037689223885536194, 0.045302312821149826, 0.05291540175676346, 0.06052848696708679, 0.06814157217741013, 0.07575465738773346, 0.08336775004863739, 0.09098083525896072, 0.09859392046928406, 0.10620701313018799, 0.11382009834051132, 0.12143318355083466, 0.1290462762117386, 0.13665935397148132, 0.14427244663238525, 0.15188553929328918, 0.15949861705303192, 0.16711170971393585, 0.1747247874736786, 0.18233788013458252, 0.18995097279548645, 0.1975640505552292, 0.20517714321613312, 0.21279022097587585, 0.22040331363677979, 0.22801640629768372, 0.23562949895858765, 0.24324257671833038]}, "parameters/value_func.nn.0.bias": {"_type": "histogram", "values": [20.0, 9.0, 5.0, 4.0, 0.0, 3.0, 1.0, 0.0, 2.0, 1.0, 0.0, 0.0, 2.0, 0.0, 1.0, 0.0, 1.0, 0.0, 0.0, 0.0, 0.0, 1.0, 1.0, 0.0, 0.0, 2.0, 2.0, 1.0, 3.0, 2.0, 0.0, 0.0, 0.0, 3.0, 0.0, 0.0, 0.0, 0.0, 1.0, 0.0, 0.0, 0.0, 1.0, 0.0, 1.0, 1.0, 1.0, 1.0, 2.0, 1.0, 2.0, 1.0, 2.0, 2.0, 4.0, 0.0, 1.0, 0.0, 4.0, 2.0, 4.0, 1.0, 10.0, 22.0], "bins": [-0.033730097115039825, -0.03267689794301987, -0.03162370249629021, -0.03057050332427025, -0.02951730415225029, -0.02846410684287548, -0.02741090953350067, -0.026357710361480713, -0.025304513052105904, -0.024251315742731094, -0.023198116570711136, -0.022144919261336327, -0.021091721951961517, -0.02003852277994156, -0.01898532547056675, -0.01793212816119194, -0.016878928989171982, -0.015825731679797173, -0.014772532507777214, -0.013719335198402405, -0.012666136957705021, -0.011612938717007637, -0.010559741407632828, -0.009506543166935444, -0.00845334492623806, -0.007400146685540676, -0.0063469489105045795, -0.005293751135468483, -0.004240552894771099, -0.003187354654073715, -0.0021341568790376186, -0.001080959104001522, -2.7764588594436646e-05, 0.0010254334192723036, 0.002078631427139044, 0.003131829435005784, 0.004185027442872524, 0.005238225683569908, 0.006291423458606005, 0.007344621233642101, 0.008397819474339485, 0.009451017715036869, 0.010504215955734253, 0.011557413265109062, 0.012610611505806446, 0.01366380974650383, 0.01471700705587864, 0.01577020436525345, 0.016823403537273407, 0.017876600846648216, 0.018929800018668175, 0.019982997328042984, 0.021036196500062943, 0.022089393809437752, 0.02314259111881256, 0.02419579029083252, 0.02524898760020733, 0.026302184909582138, 0.027355384081602097, 0.028408581390976906, 0.029461778700351715, 0.030514977872371674, 0.03156817704439163, 0.03262137249112129, 0.03367457166314125]}, "parameters/value_func.nn.2.weight": {"_type": "histogram", "values": [1.0, 1.0, 0.0, 2.0, 5.0, 1.0, 1.0, 2.0, 1.0, 1.0, 1.0, 2.0, 3.0, 2.0, 3.0, 2.0, 3.0, 2.0, 0.0, 2.0, 4.0, 6.0, 2.0, 3.0, 2.0, 2.0, 3.0, 2.0, 2.0, 2.0, 1.0, 1.0, 2.0, 2.0, 2.0, 5.0, 0.0, 3.0, 4.0, 4.0, 4.0, 2.0, 2.0, 2.0, 1.0, 2.0, 3.0, 1.0, 2.0, 0.0, 1.0, 4.0, 1.0, 2.0, 4.0, 1.0, 2.0, 0.0, 0.0, 2.0, 2.0, 1.0, 1.0, 1.0], "bins": [-0.23752208054065704, -0.23004792630672455, -0.22257377207279205, -0.21509963274002075, -0.20762547850608826, -0.20015132427215576, -0.19267717003822327, -0.18520301580429077, -0.17772886157035828, -0.17025470733642578, -0.1627805531024933, -0.1553063988685608, -0.1478322595357895, -0.140358105301857, -0.1328839510679245, -0.125409796833992, -0.1179356575012207, -0.11046150326728821, -0.10298735648393631, -0.09551320225000381, -0.08803905546665192, -0.08056490123271942, -0.07309074699878693, -0.06561659276485443, -0.05814244598150253, -0.050668295472860336, -0.04319414496421814, -0.035719990730285645, -0.028245840221643448, -0.02077168971300125, -0.013297535479068756, -0.0058233849704265594, 0.001650780439376831, 0.009124931879341602, 0.016599083319306374, 0.02407323569059372, 0.031547386199235916, 0.03902153670787811, 0.04649569094181061, 0.053969841450452805, 0.061443991959095, 0.0689181461930275, 0.0763922929763794, 0.08386644721031189, 0.09134060144424438, 0.09881474822759628, 0.10628890246152878, 0.11376304924488068, 0.12123720347881317, 0.12871135771274567, 0.13618551194667816, 0.14365965127944946, 0.15113380551338196, 0.15860795974731445, 0.16608211398124695, 0.17355626821517944, 0.18103042244911194, 0.18850457668304443, 0.19597873091697693, 0.20345288515090942, 0.21092702448368073, 0.21840117871761322, 0.22587533295154572, 0.2333494871854782, 0.2408236265182495]}, "parameters/value_func.nn.2.bias": {"_type": "histogram", "values": [0.0, 0.0, 0.0, 0.0, 0.0, 0.0, 0.0, 0.0, 0.0, 0.0, 0.0, 0.0, 0.0, 0.0, 0.0, 0.0, 0.0, 0.0, 0.0, 0.0, 0.0, 0.0, 0.0, 0.0, 0.0, 0.0, 0.0, 0.0, 0.0, 0.0, 0.0, 1.0, 0.0, 0.0, 0.0, 0.0, 0.0, 0.0, 0.0, 0.0, 0.0, 0.0, 0.0, 0.0, 0.0, 0.0, 0.0, 0.0, 0.0, 0.0, 0.0, 0.0, 0.0, 0.0, 0.0, 0.0, 0.0, 0.0, 0.0, 0.0, 0.0, 0.0, 0.0, 0.0], "bins": [-0.033592868596315384, -0.033592868596315384, -0.033592868596315384, -0.033592868596315384, -0.033592868596315384, -0.033592868596315384, -0.033592868596315384, -0.033592868596315384, -0.033592868596315384, -0.033592868596315384, -0.033592868596315384, -0.033592868596315384, -0.033592868596315384, -0.033592868596315384, -0.033592868596315384, -0.033592868596315384, -0.033592868596315384, -0.033592868596315384, -0.033592868596315384, -0.033592868596315384, -0.033592868596315384, -0.033592868596315384, -0.033592868596315384, -0.033592868596315384, -0.033592868596315384, -0.033592868596315384, -0.033592868596315384, -0.033592868596315384, -0.033592868596315384, -0.033592868596315384, -0.033592868596315384, -0.033592868596315384, -0.033592868596315384, -0.033592868596315384, -0.033592868596315384, -0.033592868596315384, -0.033592868596315384, -0.033592868596315384, -0.033592868596315384, -0.033592868596315384, -0.033592868596315384, -0.033592868596315384, -0.033592868596315384, -0.033592868596315384, -0.033592868596315384, -0.033592868596315384, -0.033592868596315384, -0.033592868596315384, -0.033592868596315384, -0.033592868596315384, -0.033592868596315384, -0.033592868596315384, -0.033592868596315384, -0.033592868596315384, -0.033592868596315384, -0.033592868596315384, -0.033592868596315384, -0.033592868596315384, -0.033592868596315384, -0.033592868596315384, -0.033592868596315384, -0.033592868596315384, -0.033592868596315384, -0.033592868596315384, -0.033592868596315384]}, "_wandb": {"runtime": 8}}