{"epoch": 1, "loss": 12529035264.0, "_timestamp": 1678384951.2655346, "_runtime": 30.545732736587524, "_step": 0}