{"epoch": 15, "loss": 1971463168.0, "_timestamp": 1678805086.3782141, "_runtime": 55.94850206375122, "_step": 13, "parameters/value_func.nn.0.weight": {"_type": "histogram", "values": [2.0, 1.0, 0.0, 6.0, 2.0, 2.0, 4.0, 3.0, 5.0, 4.0, 3.0, 5.0, 4.0, 7.0, 5.0, 2.0, 6.0, 4.0, 3.0, 7.0, 10.0, 5.0, 5.0, 6.0, 5.0, 7.0, 5.0, 5.0, 7.0, 9.0, 1.0, 8.0, 10.0, 5.0, 6.0, 9.0, 11.0, 8.0, 2.0, 4.0, 8.0, 10.0, 9.0, 10.0, 7.0, 9.0, 7.0, 7.0, 4.0, 1.0, 4.0, 4.0, 2.0, 2.0, 7.0, 5.0, 3.0, 3.0, 1.0, 2.0, 4.0, 2.0, 2.0, 4.0], "bins": [-0.4005005955696106, -0.38817474246025085, -0.3758489191532135, -0.36352306604385376, -0.3511972427368164, -0.33887138962745667, -0.3265455365180969, -0.31421971321105957, -0.30189386010169983, -0.2895680069923401, -0.27724218368530273, -0.264916330575943, -0.25259047746658325, -0.2402646541595459, -0.22793880105018616, -0.2156129628419876, -0.20328712463378906, -0.19096128642559052, -0.17863544821739197, -0.16630959510803223, -0.15398375689983368, -0.14165791869163513, -0.1293320655822754, -0.11700622737407684, -0.1046803891658783, -0.09235455095767975, -0.0800287052989006, -0.06770285964012146, -0.05537702143192291, -0.04305117949843407, -0.03072533756494522, -0.018399491906166077, -0.006073683500289917, 0.006252158433198929, 0.018578000366687775, 0.03090384230017662, 0.043229684233665466, 0.05555552616715431, 0.06788136810064316, 0.0802072137594223, 0.09253305196762085, 0.1048588901758194, 0.11718473583459854, 0.12951058149337769, 0.14183641970157623, 0.15416225790977478, 0.16648811101913452, 0.17881394922733307, 0.19113978743553162, 0.20346562564373016, 0.2157914638519287, 0.22811731696128845, 0.240443155169487, 0.25276899337768555, 0.2650948464870453, 0.27742069959640503, 0.2897465229034424, 0.3020723760128021, 0.3143981993198395, 0.3267240524291992, 0.3390498757362366, 0.3513757288455963, 0.36370158195495605, 0.3760274052619934, 0.38835325837135315]}, "parameters/value_func.nn.0.bias": {"_type": "histogram", "values": [4.0, 1.0, 1.0, 3.0, 3.0, 2.0, 5.0, 4.0, 1.0, 0.0, 1.0, 0.0, 1.0, 0.0, 0.0, 0.0, 0.0, 0.0, 1.0, 2.0, 0.0, 0.0, 0.0, 1.0, 0.0, 0.0, 1.0, 0.0, 0.0, 0.0, 0.0, 0.0, 0.0, 0.0, 0.0, 0.0, 2.0, 1.0, 0.0, 0.0, 0.0, 1.0, 0.0, 0.0, 0.0, 1.0, 2.0, 1.0, 0.0, 2.0, 3.0, 0.0, 0.0, 1.0, 2.0, 2.0, 0.0, 2.0, 2.0, 0.0, 0.0, 4.0, 3.0, 4.0], "bins": [-0.12872347235679626, -0.12463462352752686, -0.12054577469825745, -0.11645692586898804, -0.11236807703971863, -0.10827922821044922, -0.1041903868317604, -0.100101538002491, -0.09601268917322159, -0.09192384034395218, -0.08783499151468277, -0.08374614268541336, -0.07965730130672455, -0.07556845247745514, -0.07147960364818573, -0.06739075481891632, -0.06330190598964691, -0.0592130571603775, -0.05512420833110809, -0.05103536322712898, -0.04694651439785957, -0.042857665568590164, -0.03876882046461105, -0.034679971635341644, -0.030591122806072235, -0.026502273976802826, -0.022413427010178566, -0.018324580043554306, -0.014235731214284897, -0.010146882385015488, -0.006058035418391228, -0.0019691884517669678, 0.0021196752786636353, 0.00620852317661047, 0.010297371074557304, 0.014386218972504139, 0.018475066870450974, 0.022563915699720383, 0.026652762666344643, 0.030741609632968903, 0.03483045846223831, 0.03891930729150772, 0.04300815612077713, 0.04709700122475624, 0.05118585005402565, 0.05527469888329506, 0.05936354398727417, 0.06345239281654358, 0.06754124164581299, 0.0716300904750824, 0.0757189393043518, 0.07980778813362122, 0.08389663696289062, 0.08798548579216003, 0.09207432717084885, 0.09616317600011826, 0.10025202482938766, 0.10434087365865707, 0.10842972248792648, 0.11251857131719589, 0.1166074126958847, 0.12069626152515411, 0.12478511035442352, 0.12887395918369293, 0.13296280801296234]}, "parameters/value_func.nn.2.weight": {"_type": "histogram", "values": [3.0, 0.0, 0.0, 1.0, 1.0, 1.0, 2.0, 0.0, 2.0, 1.0, 1.0, 0.0, 0.0, 2.0, 2.0, 3.0, 0.0, 2.0, 4.0, 2.0, 1.0, 2.0, 0.0, 2.0, 0.0, 1.0, 0.0, 1.0, 0.0, 0.0, 2.0, 0.0, 3.0, 0.0, 0.0, 2.0, 2.0, 3.0, 0.0, 0.0, 2.0, 2.0, 2.0, 3.0, 3.0, 0.0, 0.0, 0.0, 1.0, 1.0, 0.0, 0.0, 1.0, 0.0, 0.0, 0.0, 1.0, 0.0, 0.0, 1.0, 0.0, 0.0, 0.0, 1.0], "bins": [-0.4262640178203583, -0.4133453965187073, -0.4004267752170563, -0.3875081539154053, -0.3745895326137543, -0.36167091131210327, -0.34875229001045227, -0.33583366870880127, -0.32291504740715027, -0.30999642610549927, -0.29707780480384827, -0.28415918350219727, -0.27124056220054626, -0.25832194089889526, -0.24540331959724426, -0.23248469829559326, -0.21956606209278107, -0.20664744079113007, -0.19372881948947906, -0.18081019818782806, -0.16789157688617706, -0.15497294068336487, -0.14205431938171387, -0.12913569808006287, -0.11621708422899246, -0.10329846292734146, -0.09037984162569046, -0.07746121287345886, -0.06454259157180786, -0.05162397027015686, -0.03870534896850586, -0.02578672766685486, -0.012868106365203857, 5.051586776971817e-05, 0.012969138100743294, 0.025887761265039444, 0.038806382566690445, 0.051725007593631744, 0.06464362889528275, 0.07756225019693375, 0.09048087149858475, 0.10339949280023575, 0.11631811410188675, 0.12923674285411835, 0.14215536415576935, 0.15507398545742035, 0.16799260675907135, 0.18091122806072235, 0.19382984936237335, 0.20674847066402435, 0.21966709196567535, 0.23258571326732635, 0.24550433456897736, 0.25842297077178955, 0.27134159207344055, 0.28426021337509155, 0.29717883467674255, 0.31009745597839355, 0.32301607728004456, 0.33593469858169556, 0.34885331988334656, 0.36177194118499756, 0.37469056248664856, 0.38760918378829956, 0.40052780508995056]}, "parameters/value_func.nn.2.bias": {"_type": "histogram", "values": [0.0, 0.0, 0.0, 0.0, 0.0, 0.0, 0.0, 0.0, 0.0, 0.0, 0.0, 0.0, 0.0, 0.0, 0.0, 0.0, 0.0, 0.0, 0.0, 0.0, 0.0, 0.0, 0.0, 0.0, 0.0, 0.0, 0.0, 0.0, 0.0, 0.0, 0.0, 0.0, 1.0, 0.0, 0.0, 0.0, 0.0, 0.0, 0.0, 0.0, 0.0, 0.0, 0.0, 0.0, 0.0, 0.0, 0.0, 0.0, 0.0, 0.0, 0.0, 0.0, 0.0, 0.0, 0.0, 0.0, 0.0, 0.0, 0.0, 0.0, 0.0, 0.0, 0.0, 0.0], "bins": [-0.12677404284477234, -0.12677404284477234, -0.12677404284477234, -0.12677404284477234, -0.12677404284477234, -0.12677404284477234, -0.12677404284477234, -0.12677404284477234, -0.12677404284477234, -0.12677404284477234, -0.12677404284477234, -0.12677404284477234, -0.12677404284477234, -0.12677404284477234, -0.12677404284477234, -0.12677404284477234, -0.12677404284477234, -0.12677404284477234, -0.12677404284477234, -0.12677404284477234, -0.12677404284477234, -0.12677404284477234, -0.12677404284477234, -0.12677404284477234, -0.12677404284477234, -0.12677404284477234, -0.12677404284477234, -0.12677404284477234, -0.12677404284477234, -0.12677404284477234, -0.12677404284477234, -0.12677404284477234, -0.12677404284477234, -0.12677404284477234, -0.12677404284477234, -0.12677404284477234, -0.12677404284477234, -0.12677404284477234, -0.12677404284477234, -0.12677404284477234, -0.12677404284477234, -0.12677404284477234, -0.12677404284477234, -0.12677404284477234, -0.12677404284477234, -0.12677404284477234, -0.12677404284477234, -0.12677404284477234, -0.12677404284477234, -0.12677404284477234, -0.12677404284477234, -0.12677404284477234, -0.12677404284477234, -0.12677404284477234, -0.12677404284477234, -0.12677404284477234, -0.12677404284477234, -0.12677404284477234, -0.12677404284477234, -0.12677404284477234, -0.12677404284477234, -0.12677404284477234, -0.12677404284477234, -0.12677404284477234, -0.12677404284477234]}, "_wandb": {"runtime": 56}}