{"epoch": 37, "loss": 825797248.0, "_timestamp": 1678803716.7366493, "_runtime": 121.95099925994873, "_step": 36, "parameters/value_func.nn.0.weight": {"_type": "histogram", "values": [4.0, 3.0, 2.0, 3.0, 6.0, 3.0, 5.0, 7.0, 5.0, 5.0, 5.0, 4.0, 7.0, 9.0, 10.0, 10.0, 9.0, 9.0, 13.0, 17.0, 12.0, 8.0, 13.0, 17.0, 11.0, 7.0, 16.0, 11.0, 16.0, 24.0, 17.0, 20.0, 12.0, 26.0, 27.0, 16.0, 12.0, 17.0, 11.0, 15.0, 15.0, 13.0, 12.0, 17.0, 9.0, 8.0, 10.0, 8.0, 5.0, 14.0, 6.0, 5.0, 7.0, 9.0, 10.0, 7.0, 4.0, 8.0, 5.0, 5.0, 4.0, 4.0, 5.0, 6.0], "bins": [-0.3637257218360901, -0.3522948920726776, -0.34086403250694275, -0.3294332027435303, -0.3180023431777954, -0.30657151341438293, -0.29514068365097046, -0.2837098240852356, -0.2722789943218231, -0.26084816455841064, -0.24941730499267578, -0.2379864752292633, -0.22655563056468964, -0.21512478590011597, -0.2036939561367035, -0.19226311147212982, -0.18083226680755615, -0.16940142214298248, -0.1579705774784088, -0.14653974771499634, -0.13510890305042267, -0.123678058385849, -0.11224722117185593, -0.10081638395786285, -0.08938553929328918, -0.07795469462871552, -0.06652385741472244, -0.05509301647543907, -0.0436621755361557, -0.03223133459687233, -0.02080049365758896, -0.009369656443595886, 0.002061188220977783, 0.013492029160261154, 0.024922870099544525, 0.036353711038827896, 0.04778455197811127, 0.05921539291739464, 0.07064623385667801, 0.08207707107067108, 0.09350791573524475, 0.10493876039981842, 0.11636959761381149, 0.12780043482780457, 0.13923127949237823, 0.1506621241569519, 0.16209295392036438, 0.17352379858493805, 0.18495464324951172, 0.1963854879140854, 0.20781633257865906, 0.21924716234207153, 0.2306780070066452, 0.24210885167121887, 0.25353968143463135, 0.2649705410003662, 0.2764013707637787, 0.28783220052719116, 0.299263060092926, 0.3106938898563385, 0.322124719619751, 0.33355557918548584, 0.3449864089488983, 0.3564172387123108, 0.36784809827804565]}, "parameters/value_func.nn.0.bias": {"_type": "histogram", "values": [10.0, 11.0, 3.0, 4.0, 3.0, 2.0, 1.0, 3.0, 0.0, 2.0, 0.0, 1.0, 1.0, 0.0, 0.0, 1.0, 1.0, 0.0, 0.0, 1.0, 1.0, 0.0, 0.0, 0.0, 0.0, 2.0, 1.0, 0.0, 1.0, 2.0, 1.0, 0.0, 3.0, 1.0, 1.0, 2.0, 0.0, 0.0, 1.0, 3.0, 2.0, 2.0, 1.0, 2.0, 0.0, 0.0, 3.0, 6.0, 5.0, 2.0, 4.0, 5.0, 6.0, 2.0, 1.0, 2.0, 2.0, 6.0, 3.0, 2.0, 2.0, 5.0, 0.0, 2.0], "bins": [-0.10951876640319824, -0.10526712983846664, -0.10101549327373505, -0.09676385670900345, -0.09251222014427185, -0.08826059103012085, -0.08400895446538925, -0.07975731790065765, -0.07550568133592606, -0.07125404477119446, -0.06700240820646286, -0.06275077164173126, -0.05849913880228996, -0.054247502237558365, -0.049995869398117065, -0.04574423283338547, -0.04149259626865387, -0.03724095970392227, -0.032989323139190674, -0.028737690299749374, -0.024486053735017776, -0.02023441717028618, -0.01598278246819973, -0.011731147766113281, -0.007479511201381683, -0.00322787556797266, 0.0010237600654363632, 0.0052753956988453865, 0.00952703133225441, 0.013778667896986008, 0.018030302599072456, 0.022281937301158905, 0.026533573865890503, 0.0307852104306221, 0.0350368469953537, 0.039288479834795, 0.043540116399526596, 0.047791752964258194, 0.05204338580369949, 0.05629502236843109, 0.06054665893316269, 0.06479829549789429, 0.06904993206262589, 0.07330156862735748, 0.07755319774150848, 0.08180484175682068, 0.08605647087097168, 0.09030810743570328, 0.09455974400043488, 0.09881138056516647, 0.10306301712989807, 0.10731465369462967, 0.11156629025936127, 0.11581791937351227, 0.12006955593824387, 0.12432119250297546, 0.12857282161712646, 0.13282445073127747, 0.13707609474658966, 0.14132772386074066, 0.14557936787605286, 0.14983099699020386, 0.15408264100551605, 0.15833427011966705, 0.16258591413497925]}, "parameters/value_func.nn.2.weight": {"_type": "histogram", "values": [4.0, 1.0, 2.0, 5.0, 2.0, 1.0, 2.0, 3.0, 1.0, 2.0, 3.0, 2.0, 3.0, 2.0, 0.0, 1.0, 1.0, 1.0, 0.0, 4.0, 5.0, 1.0, 1.0, 2.0, 5.0, 3.0, 1.0, 1.0, 5.0, 2.0, 2.0, 1.0, 1.0, 1.0, 3.0, 3.0, 4.0, 1.0, 1.0, 2.0, 0.0, 1.0, 1.0, 4.0, 1.0, 2.0, 0.0, 3.0, 3.0, 0.0, 2.0, 0.0, 1.0, 2.0, 1.0, 1.0, 6.0, 2.0, 1.0, 2.0, 3.0, 3.0, 1.0, 3.0], "bins": [-0.3670039474964142, -0.35968098044395447, -0.35235798358917236, -0.34503501653671265, -0.33771204948425293, -0.3303890526294708, -0.3230660855770111, -0.315743088722229, -0.3084201216697693, -0.30109715461730957, -0.29377415776252747, -0.28645119071006775, -0.27912822365760803, -0.2718052268028259, -0.2644822597503662, -0.2571592926979065, -0.2498362958431244, -0.24251331388950348, -0.23519034683704376, -0.22786736488342285, -0.22054438292980194, -0.21322140097618103, -0.2058984339237213, -0.1985754519701004, -0.19125248491764069, -0.18392950296401978, -0.17660653591156006, -0.16928355395793915, -0.16196057200431824, -0.15463760495185852, -0.1473146229982376, -0.1399916410446167, -0.1326686590909958, -0.12534567713737488, -0.11802270263433456, -0.11069972813129425, -0.10337674617767334, -0.09605377167463303, -0.08873079717159271, -0.0814078152179718, -0.07408483326435089, -0.06676185876131058, -0.05943887680768967, -0.05211590230464935, -0.04479292035102844, -0.03746994584798813, -0.030146967619657516, -0.022823989391326904, -0.01550101488828659, -0.008178036659955978, -0.0008550593629479408, 0.006467917934060097, 0.013790896162390709, 0.021113872528076172, 0.028436850756406784, 0.035759828984737396, 0.04308280721306801, 0.05040578544139862, 0.05772876366972923, 0.06505174189805984, 0.07237471640110016, 0.07969769835472107, 0.08702067285776138, 0.0943436473608017, 0.10166662931442261]}, "parameters/value_func.nn.2.bias": {"_type": "histogram", "values": [0.0, 0.0, 0.0, 0.0, 0.0, 0.0, 0.0, 0.0, 0.0, 0.0, 0.0, 0.0, 0.0, 0.0, 0.0, 0.0, 0.0, 0.0, 0.0, 0.0, 0.0, 0.0, 0.0, 0.0, 0.0, 0.0, 0.0, 0.0, 0.0, 0.0, 0.0, 1.0, 0.0, 0.0, 0.0, 0.0, 0.0, 0.0, 0.0, 0.0, 0.0, 0.0, 0.0, 0.0, 0.0, 0.0, 0.0, 0.0, 0.0, 0.0, 0.0, 0.0, 0.0, 0.0, 0.0, 0.0, 0.0, 0.0, 0.0, 0.0, 0.0, 0.0, 0.0, 0.0], "bins": [-0.1215929239988327, -0.1215929239988327, -0.1215929239988327, -0.1215929239988327, -0.1215929239988327, -0.1215929239988327, -0.1215929239988327, -0.1215929239988327, -0.1215929239988327, -0.1215929239988327, -0.1215929239988327, -0.1215929239988327, -0.1215929239988327, -0.1215929239988327, -0.1215929239988327, -0.1215929239988327, -0.1215929239988327, -0.1215929239988327, -0.1215929239988327, -0.1215929239988327, -0.1215929239988327, -0.1215929239988327, -0.1215929239988327, -0.1215929239988327, -0.1215929239988327, -0.1215929239988327, -0.1215929239988327, -0.1215929239988327, -0.1215929239988327, -0.1215929239988327, -0.1215929239988327, -0.1215929239988327, -0.1215929239988327, -0.1215929239988327, -0.1215929239988327, -0.1215929239988327, -0.1215929239988327, -0.1215929239988327, -0.1215929239988327, -0.1215929239988327, -0.1215929239988327, -0.1215929239988327, -0.1215929239988327, -0.1215929239988327, -0.1215929239988327, -0.1215929239988327, -0.1215929239988327, -0.1215929239988327, -0.1215929239988327, -0.1215929239988327, -0.1215929239988327, -0.1215929239988327, -0.1215929239988327, -0.1215929239988327, -0.1215929239988327, -0.1215929239988327, -0.1215929239988327, -0.1215929239988327, -0.1215929239988327, -0.1215929239988327, -0.1215929239988327, -0.1215929239988327, -0.1215929239988327, -0.1215929239988327, -0.1215929239988327]}, "_wandb": {"runtime": 121}}