{"epoch": 110, "loss": 5658376704.0, "_timestamp": 1678385779.9788136, "_runtime": 233.1042275428772, "_step": 108, "parameters/value_func.nn.0.weight": {"_type": "histogram", "values": [1.0, 0.0, 2.0, 0.0, 2.0, 0.0, 2.0, 1.0, 1.0, 5.0, 3.0, 4.0, 2.0, 4.0, 3.0, 6.0, 8.0, 4.0, 5.0, 3.0, 7.0, 8.0, 20.0, 11.0, 6.0, 12.0, 19.0, 18.0, 16.0, 17.0, 34.0, 28.0, 24.0, 38.0, 29.0, 30.0, 30.0, 29.0, 27.0, 22.0, 18.0, 18.0, 13.0, 15.0, 5.0, 9.0, 9.0, 10.0, 6.0, 8.0, 9.0, 2.0, 4.0, 5.0, 2.0, 8.0, 3.0, 4.0, 4.0, 0.0, 2.0, 1.0, 3.0, 1.0], "bins": [-0.6154094934463501, -0.5971372723579407, -0.5788650512695312, -0.5605928301811218, -0.5423206090927124, -0.524048388004303, -0.5057761669158936, -0.48750391602516174, -0.4692316949367523, -0.4509594738483429, -0.43268725275993347, -0.41441503167152405, -0.39614278078079224, -0.3778705596923828, -0.3595983386039734, -0.34132611751556396, -0.32305389642715454, -0.3047816753387451, -0.2865094542503357, -0.26823723316192627, -0.24996499717235565, -0.23169277608394623, -0.2134205400943756, -0.1951483190059662, -0.17687609791755676, -0.15860387682914734, -0.14033165574073792, -0.1220594197511673, -0.10378719866275787, -0.08551497757434845, -0.06724274903535843, -0.04897052049636841, -0.03069823980331421, -0.012426014989614487, 0.005846209824085236, 0.024118434637784958, 0.04239065945148468, 0.060662880539894104, 0.07893510907888412, 0.09720733761787415, 0.11547955870628357, 0.133751779794693, 0.15202400088310242, 0.17029623687267303, 0.18856845796108246, 0.20684067904949188, 0.2251129150390625, 0.24338513612747192, 0.26165735721588135, 0.27992957830429077, 0.2982017993927002, 0.3164740204811096, 0.33474624156951904, 0.35301846265792847, 0.3712907135486603, 0.3895629346370697, 0.4078351557254791, 0.42610737681388855, 0.444379597902298, 0.4626518189907074, 0.4809240698814392, 0.49919629096984863, 0.5174685120582581, 0.5357407331466675, 0.5540129542350769]}, "parameters/value_func.nn.0.bias": {"_type": "histogram", "values": [1.0, 0.0, 0.0, 0.0, 0.0, 0.0, 2.0, 1.0, 1.0, 0.0, 0.0, 2.0, 2.0, 0.0, 2.0, 0.0, 1.0, 1.0, 3.0, 4.0, 4.0, 4.0, 0.0, 7.0, 7.0, 6.0, 6.0, 7.0, 4.0, 4.0, 7.0, 3.0, 4.0, 4.0, 5.0, 6.0, 4.0, 3.0, 5.0, 2.0, 3.0, 0.0, 5.0, 1.0, 0.0, 0.0, 1.0, 2.0, 0.0, 1.0, 1.0, 0.0, 0.0, 1.0, 0.0, 0.0, 0.0, 0.0, 0.0, 0.0, 0.0, 0.0, 0.0, 1.0], "bins": [-0.3452277183532715, -0.3336576521396637, -0.3220875561237335, -0.31051748991012573, -0.29894739389419556, -0.28737732768058777, -0.27580726146698, -0.2642371654510498, -0.25266706943511963, -0.24109698832035065, -0.22952690720558167, -0.21795684099197388, -0.2063867449760437, -0.1948166787624359, -0.18324659764766693, -0.17167651653289795, -0.16010645031929016, -0.14853636920452118, -0.1369662880897522, -0.1253962218761444, -0.11382613331079483, -0.10225605219602585, -0.09068597853183746, -0.07911589741706848, -0.0675458163022995, -0.05597573518753052, -0.044405657798051834, -0.03283558040857315, -0.02126549929380417, -0.009695418179035187, 0.0018746554851531982, 0.01344473659992218, 0.02501484751701355, 0.03658492863178253, 0.048155006021261215, 0.0597250834107399, 0.07129516452550888, 0.08286524564027786, 0.09443531930446625, 0.10600540041923523, 0.11757548153400421, 0.1291455626487732, 0.14071564376354218, 0.15228572487831116, 0.16385579109191895, 0.17542588710784912, 0.1869959533214569, 0.1985660344362259, 0.21013611555099487, 0.22170619666576385, 0.23327627778053284, 0.24484634399414062, 0.2564164400100708, 0.2679865062236786, 0.2795565724372864, 0.29112666845321655, 0.30269676446914673, 0.3142668306827545, 0.3258369266986847, 0.3374069929122925, 0.34897708892822266, 0.36054715514183044, 0.37211722135543823, 0.3836873173713684, 0.3952573835849762]}, "parameters/value_func.nn.2.weight": {"_type": "histogram", "values": [2.0, 0.0, 1.0, 0.0, 0.0, 1.0, 0.0, 1.0, 1.0, 0.0, 2.0, 1.0, 1.0, 0.0, 0.0, 0.0, 1.0, 4.0, 1.0, 1.0, 1.0, 4.0, 2.0, 4.0, 4.0, 2.0, 3.0, 5.0, 1.0, 1.0, 3.0, 3.0, 3.0, 4.0, 4.0, 3.0, 5.0, 7.0, 2.0, 0.0, 3.0, 4.0, 3.0, 2.0, 2.0, 5.0, 1.0, 1.0, 1.0, 3.0, 3.0, 5.0, 2.0, 0.0, 2.0, 1.0, 2.0, 1.0, 0.0, 4.0, 1.0, 1.0, 2.0, 1.0], "bins": [-0.4846583902835846, -0.4737975299358368, -0.462936669588089, -0.4520758092403412, -0.4412149488925934, -0.4303540885448456, -0.4194932281970978, -0.40863236784935, -0.3977715075016022, -0.38691064715385437, -0.37604978680610657, -0.36518892645835876, -0.35432806611061096, -0.34346720576286316, -0.33260634541511536, -0.32174548506736755, -0.31088465452194214, -0.30002379417419434, -0.28916293382644653, -0.27830207347869873, -0.2674412131309509, -0.2565803527832031, -0.24571949243545532, -0.23485863208770752, -0.22399777173995972, -0.21313691139221191, -0.2022760510444641, -0.1914151906967163, -0.1805543303489685, -0.1696934700012207, -0.1588326096534729, -0.1479717493057251, -0.1371108740568161, -0.1262500137090683, -0.1153891533613205, -0.10452829301357269, -0.09366743266582489, -0.08280657231807709, -0.07194571942090988, -0.06108485907316208, -0.050223998725414276, -0.03936313837766647, -0.02850227989256382, -0.017641421407461166, -0.006780561059713364, 0.004080299288034439, 0.014941155910491943, 0.025802016258239746, 0.03666287660598755, 0.04752373695373535, 0.058384597301483154, 0.06924545764923096, 0.08010631799697876, 0.09096717834472656, 0.10182803124189377, 0.11268889158964157, 0.12354975193738937, 0.13441060483455658, 0.14527146518230438, 0.15613232553005219, 0.1669931858778, 0.1778540462255478, 0.1887149065732956, 0.1995757669210434, 0.2104366272687912]}, "parameters/value_func.nn.2.bias": {"_type": "histogram", "values": [0.0, 0.0, 0.0, 0.0, 0.0, 0.0, 0.0, 0.0, 0.0, 0.0, 0.0, 0.0, 0.0, 0.0, 0.0, 0.0, 0.0, 0.0, 0.0, 0.0, 0.0, 0.0, 0.0, 0.0, 0.0, 0.0, 0.0, 0.0, 0.0, 0.0, 0.0, 0.0, 1.0, 0.0, 0.0, 0.0, 0.0, 0.0, 0.0, 0.0, 0.0, 0.0, 0.0, 0.0, 0.0, 0.0, 0.0, 0.0, 0.0, 0.0, 0.0, 0.0, 0.0, 0.0, 0.0, 0.0, 0.0, 0.0, 0.0, 0.0, 0.0, 0.0, 0.0, 0.0], "bins": [-0.405364066362381, -0.405364066362381, -0.405364066362381, -0.405364066362381, -0.405364066362381, -0.405364066362381, -0.405364066362381, -0.405364066362381, -0.405364066362381, -0.405364066362381, -0.405364066362381, -0.405364066362381, -0.405364066362381, -0.405364066362381, -0.405364066362381, -0.405364066362381, -0.405364066362381, -0.405364066362381, -0.405364066362381, -0.405364066362381, -0.405364066362381, -0.405364066362381, -0.405364066362381, -0.405364066362381, -0.405364066362381, -0.405364066362381, -0.405364066362381, -0.405364066362381, -0.405364066362381, -0.405364066362381, -0.405364066362381, -0.405364066362381, -0.405364066362381, -0.405364066362381, -0.405364066362381, -0.405364066362381, -0.405364066362381, -0.405364066362381, -0.405364066362381, -0.405364066362381, -0.405364066362381, -0.405364066362381, -0.405364066362381, -0.405364066362381, -0.405364066362381, -0.405364066362381, -0.405364066362381, -0.405364066362381, -0.405364066362381, -0.405364066362381, -0.405364066362381, -0.405364066362381, -0.405364066362381, -0.405364066362381, -0.405364066362381, -0.405364066362381, -0.405364066362381, -0.405364066362381, -0.405364066362381, -0.405364066362381, -0.405364066362381, -0.405364066362381, -0.405364066362381, -0.405364066362381, -0.405364066362381]}, "_wandb": {"runtime": 234}}