{"epoch": 26, "loss": 1883874048.0, "_timestamp": 1678804318.2139885, "_runtime": 92.75923156738281, "_step": 24, "parameters/value_func.nn.0.weight": {"_type": "histogram", "values": [5.0, 4.0, 2.0, 5.0, 7.0, 9.0, 11.0, 9.0, 5.0, 6.0, 8.0, 8.0, 9.0, 6.0, 12.0, 5.0, 5.0, 9.0, 10.0, 14.0, 16.0, 8.0, 17.0, 20.0, 17.0, 14.0, 13.0, 12.0, 18.0, 16.0, 20.0, 16.0, 14.0, 11.0, 16.0, 12.0, 11.0, 9.0, 18.0, 14.0, 16.0, 15.0, 13.0, 12.0, 12.0, 7.0, 14.0, 7.0, 18.0, 11.0, 8.0, 10.0, 3.0, 4.0, 5.0, 3.0, 6.0, 8.0, 9.0, 4.0, 4.0, 2.0, 4.0, 4.0], "bins": [-0.29970109462738037, -0.29033732414245605, -0.28097355365753174, -0.27160975337028503, -0.2622459828853607, -0.2528822124004364, -0.2435184270143509, -0.23415464162826538, -0.22479087114334106, -0.21542710065841675, -0.20606331527233124, -0.19669952988624573, -0.1873357594013214, -0.1779719889163971, -0.16860820353031158, -0.15924441814422607, -0.14988064765930176, -0.14051687717437744, -0.13115309178829193, -0.12178931385278702, -0.1124255359172821, -0.10306175798177719, -0.09369798004627228, -0.08433420211076736, -0.07497042417526245, -0.06560664623975754, -0.056242868304252625, -0.04687909036874771, -0.0375153124332428, -0.028151534497737885, -0.01878775656223297, -0.009423978626728058, -6.020069122314453e-05, 0.009303577244281769, 0.018667355179786682, 0.028031133115291595, 0.03739491105079651, 0.04675868898630142, 0.056122466921806335, 0.06548624485731125, 0.07485002279281616, 0.08421380072832108, 0.09357757866382599, 0.1029413565993309, 0.11230513453483582, 0.12166891247034073, 0.13103269040584564, 0.14039647579193115, 0.14976024627685547, 0.15912401676177979, 0.1684878021478653, 0.1778515875339508, 0.18721535801887512, 0.19657912850379944, 0.20594291388988495, 0.21530669927597046, 0.22467046976089478, 0.2340342402458191, 0.2433980256319046, 0.2527618110179901, 0.26212558150291443, 0.27148935198783875, 0.28085315227508545, 0.29021692276000977, 0.2995806932449341]}, "parameters/value_func.nn.0.bias": {"_type": "histogram", "values": [2.0, 4.0, 5.0, 3.0, 7.0, 2.0, 1.0, 3.0, 3.0, 0.0, 5.0, 1.0, 2.0, 1.0, 2.0, 0.0, 3.0, 3.0, 1.0, 2.0, 0.0, 0.0, 0.0, 0.0, 2.0, 1.0, 2.0, 0.0, 2.0, 2.0, 3.0, 1.0, 2.0, 0.0, 0.0, 0.0, 1.0, 1.0, 2.0, 5.0, 1.0, 1.0, 0.0, 1.0, 0.0, 1.0, 1.0, 0.0, 1.0, 2.0, 0.0, 3.0, 2.0, 1.0, 1.0, 3.0, 3.0, 3.0, 3.0, 3.0, 3.0, 2.0, 11.0, 8.0], "bins": [-0.10158474743366241, -0.09838508069515228, -0.09518541395664215, -0.09198574721813202, -0.08878608047962189, -0.08558641374111176, -0.08238674700260162, -0.0791870728135109, -0.07598740607500076, -0.07278773933649063, -0.0695880725979805, -0.06638840585947037, -0.06318873912096024, -0.059989068657159805, -0.05678940191864967, -0.05358973145484924, -0.05039006844162941, -0.04719040170311928, -0.043990734964609146, -0.040791064500808716, -0.037591397762298584, -0.03439173102378845, -0.03119206428527832, -0.02799239568412304, -0.024792728945612907, -0.021593062207102776, -0.018393393605947495, -0.015193726867437363, -0.011994059197604656, -0.00879439152777195, -0.005594724789261818, -0.002395056188106537, 0.000804610550403595, 0.004004278220236301, 0.0072039454244077206, 0.01040361262857914, 0.013603280298411846, 0.016802947968244553, 0.020002614706754684, 0.023202283307909966, 0.026401950046420097, 0.02960161678493023, 0.03280128538608551, 0.03600095212459564, 0.039200618863105774, 0.042400285601615906, 0.04559995234012604, 0.04879962280392647, 0.0519992895424366, 0.05519895628094673, 0.05839862301945686, 0.061598293483257294, 0.06479796022176743, 0.06799762696027756, 0.07119729369878769, 0.07439696043729782, 0.07759662717580795, 0.08079629391431808, 0.08399596065282822, 0.08719562739133835, 0.09039529412984848, 0.09359496831893921, 0.09679463505744934, 0.09999430179595947, 0.1031939685344696]}, "parameters/value_func.nn.2.weight": {"_type": "histogram", "values": [3.0, 1.0, 3.0, 4.0, 1.0, 4.0, 3.0, 4.0, 1.0, 2.0, 2.0, 1.0, 4.0, 1.0, 2.0, 4.0, 3.0, 3.0, 1.0, 3.0, 2.0, 6.0, 4.0, 1.0, 3.0, 0.0, 3.0, 1.0, 1.0, 2.0, 0.0, 5.0, 2.0, 2.0, 3.0, 1.0, 2.0, 1.0, 3.0, 1.0, 0.0, 1.0, 3.0, 4.0, 3.0, 1.0, 3.0, 2.0, 1.0, 1.0, 2.0, 3.0, 0.0, 2.0, 2.0, 0.0, 2.0, 1.0, 1.0, 0.0, 0.0, 2.0, 0.0, 1.0], "bins": [-0.3081725239753723, -0.29853010177612305, -0.2888876497745514, -0.27924519777297974, -0.26960277557373047, -0.2599603533744812, -0.25031790137290955, -0.24067546427249908, -0.23103302717208862, -0.22139059007167816, -0.2117481529712677, -0.20210571587085724, -0.19246327877044678, -0.18282084167003632, -0.17317840456962585, -0.1635359674692154, -0.15389353036880493, -0.14425109326839447, -0.134608656167984, -0.12496621906757355, -0.11532378196716309, -0.10568134486675262, -0.09603890776634216, -0.0863964706659317, -0.07675403356552124, -0.06711159646511078, -0.05746915936470032, -0.047826722264289856, -0.038184285163879395, -0.028541848063468933, -0.01889941096305847, -0.00925697386264801, 0.0003854334354400635, 0.010027870535850525, 0.019670307636260986, 0.029312744736671448, 0.03895518183708191, 0.04859761893749237, 0.05824005603790283, 0.0678824931383133, 0.07752493023872375, 0.08716736733913422, 0.09680980443954468, 0.10645224153995514, 0.1160946786403656, 0.12573711574077606, 0.13537955284118652, 0.14502198994159698, 0.15466442704200745, 0.1643068641424179, 0.17394930124282837, 0.18359173834323883, 0.1932341754436493, 0.20287661254405975, 0.21251904964447021, 0.22216148674488068, 0.23180392384529114, 0.2414463609457016, 0.25108879804611206, 0.26073122024536133, 0.270373672246933, 0.28001612424850464, 0.2896585464477539, 0.2993009686470032, 0.30894342064857483]}, "parameters/value_func.nn.2.bias": {"_type": "histogram", "values": [0.0, 0.0, 0.0, 0.0, 0.0, 0.0, 0.0, 0.0, 0.0, 0.0, 0.0, 0.0, 0.0, 0.0, 0.0, 0.0, 0.0, 0.0, 0.0, 0.0, 0.0, 0.0, 0.0, 0.0, 0.0, 0.0, 0.0, 0.0, 0.0, 0.0, 0.0, 0.0, 1.0, 0.0, 0.0, 0.0, 0.0, 0.0, 0.0, 0.0, 0.0, 0.0, 0.0, 0.0, 0.0, 0.0, 0.0, 0.0, 0.0, 0.0, 0.0, 0.0, 0.0, 0.0, 0.0, 0.0, 0.0, 0.0, 0.0, 0.0, 0.0, 0.0, 0.0, 0.0], "bins": [-0.09315842390060425, -0.09315842390060425, -0.09315842390060425, -0.09315842390060425, -0.09315842390060425, -0.09315842390060425, -0.09315842390060425, -0.09315842390060425, -0.09315842390060425, -0.09315842390060425, -0.09315842390060425, -0.09315842390060425, -0.09315842390060425, -0.09315842390060425, -0.09315842390060425, -0.09315842390060425, -0.09315842390060425, -0.09315842390060425, -0.09315842390060425, -0.09315842390060425, -0.09315842390060425, -0.09315842390060425, -0.09315842390060425, -0.09315842390060425, -0.09315842390060425, -0.09315842390060425, -0.09315842390060425, -0.09315842390060425, -0.09315842390060425, -0.09315842390060425, -0.09315842390060425, -0.09315842390060425, -0.09315842390060425, -0.09315842390060425, -0.09315842390060425, -0.09315842390060425, -0.09315842390060425, -0.09315842390060425, -0.09315842390060425, -0.09315842390060425, -0.09315842390060425, -0.09315842390060425, -0.09315842390060425, -0.09315842390060425, -0.09315842390060425, -0.09315842390060425, -0.09315842390060425, -0.09315842390060425, -0.09315842390060425, -0.09315842390060425, -0.09315842390060425, -0.09315842390060425, -0.09315842390060425, -0.09315842390060425, -0.09315842390060425, -0.09315842390060425, -0.09315842390060425, -0.09315842390060425, -0.09315842390060425, -0.09315842390060425, -0.09315842390060425, -0.09315842390060425, -0.09315842390060425, -0.09315842390060425, -0.09315842390060425]}, "_wandb": {"runtime": 99}}