{"epoch": 9, "loss": 1975277056.0, "_timestamp": 1678805793.936638, "_runtime": 30.062350034713745, "_step": 7, "parameters/value_func.nn.0.weight": {"_type": "histogram", "values": [1.0, 0.0, 1.0, 2.0, 3.0, 0.0, 3.0, 3.0, 2.0, 5.0, 5.0, 10.0, 9.0, 10.0, 11.0, 18.0, 18.0, 18.0, 13.0, 20.0, 33.0, 26.0, 36.0, 31.0, 50.0, 39.0, 54.0, 43.0, 41.0, 44.0, 42.0, 50.0, 52.0, 64.0, 59.0, 40.0, 51.0, 38.0, 37.0, 42.0, 29.0, 28.0, 21.0, 22.0, 19.0, 20.0, 16.0, 16.0, 9.0, 17.0, 14.0, 7.0, 8.0, 5.0, 10.0, 4.0, 1.0, 3.0, 4.0, 1.0, 0.0, 1.0, 0.0, 1.0], "bins": [-0.32917124032974243, -0.3189379572868347, -0.3087046444416046, -0.2984713613986969, -0.2882380783557892, -0.27800479531288147, -0.26777148246765137, -0.25753819942474365, -0.24730491638183594, -0.23707161843776703, -0.22683833539485931, -0.2166050374507904, -0.2063717544078827, -0.19613845646381378, -0.18590515851974487, -0.17567187547683716, -0.16543857753276825, -0.15520527958869934, -0.14497199654579163, -0.13473869860172272, -0.124505415558815, -0.1142721176147461, -0.10403882712125778, -0.09380553662776947, -0.08357224613428116, -0.07333895564079285, -0.06310566514730453, -0.052872370928525925, -0.04263908043503761, -0.0324057899415493, -0.02217249572277069, -0.01193920522928238, -0.0017059147357940674, 0.008527376689016819, 0.018760668113827705, 0.028993960469961166, 0.03922725096344948, 0.04946054145693779, 0.0596938356757164, 0.06992712616920471, 0.08016041666269302, 0.09039370715618134, 0.10062699764966965, 0.11086028814315796, 0.12109358608722687, 0.13132686913013458, 0.1415601670742035, 0.1517934501171112, 0.16202674806118011, 0.17226004600524902, 0.18249332904815674, 0.19272662699222565, 0.20295991003513336, 0.21319320797920227, 0.22342649102210999, 0.2336597889661789, 0.2438930869102478, 0.2541263699531555, 0.2643596827983856, 0.27459296584129333, 0.28482624888420105, 0.29505953192710876, 0.30529284477233887, 0.3155261278152466, 0.3257594108581543]}, "parameters/value_func.nn.0.bias": {"_type": "histogram", "values": [17.0, 9.0, 7.0, 7.0, 4.0, 5.0, 3.0, 4.0, 2.0, 1.0, 4.0, 1.0, 4.0, 4.0, 2.0, 4.0, 9.0, 5.0, 3.0, 5.0, 1.0, 3.0, 3.0, 5.0, 4.0, 0.0, 2.0, 1.0, 4.0, 4.0, 3.0, 1.0, 2.0, 2.0, 3.0, 1.0, 1.0, 2.0, 7.0, 2.0, 1.0, 1.0, 2.0, 3.0, 1.0, 0.0, 6.0, 2.0, 4.0, 3.0, 4.0, 10.0, 0.0, 0.0, 2.0, 3.0, 1.0, 2.0, 2.0, 2.0, 5.0, 13.0, 21.0, 17.0], "bins": [-0.06993469595909119, -0.06774123013019562, -0.06554776430130005, -0.06335429847240448, -0.06116083636879921, -0.05896737053990364, -0.05677390843629837, -0.0545804426074028, -0.05238697677850723, -0.050193510949611664, -0.048000045120716095, -0.045806583017110825, -0.043613117188215256, -0.04141965135931969, -0.039226189255714417, -0.03703272342681885, -0.03483925759792328, -0.03264579176902771, -0.03045232780277729, -0.02825886383652687, -0.026065398007631302, -0.023871932178735733, -0.021678468212485313, -0.019485004246234894, -0.017291538417339325, -0.01509807351976633, -0.012904608622193336, -0.010711143724620342, -0.008517678827047348, -0.006324213929474354, -0.0041307490319013596, -0.0019372841343283653, 0.000256173312664032, 0.002449638210237026, 0.0046431031078100204, 0.006836568005383015, 0.009030032902956009, 0.011223497800529003, 0.013416962698101997, 0.015610427595674992, 0.017803892493247986, 0.019997358322143555, 0.022190822288393974, 0.024384286254644394, 0.026577752083539963, 0.02877121791243553, 0.03096468187868595, 0.03315814584493637, 0.03535161167383194, 0.03754507750272751, 0.03973854333162308, 0.04193200543522835, 0.04412547126412392, 0.046318937093019485, 0.048512399196624756, 0.050705865025520325, 0.052899330854415894, 0.05509279668331146, 0.05728626251220703, 0.0594797246158123, 0.06167319044470787, 0.06386665254831314, 0.06606011837720871, 0.06825358420610428, 0.07044705003499985]}, "parameters/value_func.nn.2.weight": {"_type": "histogram", "values": [1.0, 0.0, 1.0, 3.0, 0.0, 2.0, 2.0, 5.0, 3.0, 2.0, 4.0, 0.0, 2.0, 2.0, 3.0, 6.0, 8.0, 8.0, 8.0, 6.0, 10.0, 6.0, 11.0, 6.0, 8.0, 8.0, 5.0, 4.0, 10.0, 4.0, 1.0, 18.0, 5.0, 5.0, 5.0, 5.0, 4.0, 9.0, 6.0, 4.0, 5.0, 7.0, 3.0, 8.0, 2.0, 1.0, 6.0, 3.0, 2.0, 3.0, 2.0, 3.0, 3.0, 2.0, 2.0, 0.0, 1.0, 1.0, 0.0, 1.0, 0.0, 0.0, 0.0, 1.0], "bins": [-0.28214845061302185, -0.27345961332321167, -0.2647707462310791, -0.2560819089412689, -0.24739305675029755, -0.23870420455932617, -0.2300153523683548, -0.22132650017738342, -0.21263766288757324, -0.20394881069660187, -0.1952599585056305, -0.1865711212158203, -0.17788226902484894, -0.16919341683387756, -0.1605045646429062, -0.15181571245193481, -0.14312686026096344, -0.13443800806999207, -0.1257491558790207, -0.11706031113862991, -0.10837146639823914, -0.09968261420726776, -0.09099376201629639, -0.08230490982532501, -0.07361606508493423, -0.06492721289396286, -0.05623836815357208, -0.04754951596260071, -0.03886066749691963, -0.030171819031238556, -0.02148296684026718, -0.012794118374586105, -0.004105269908905029, 0.004583579488098621, 0.013272428885102272, 0.021961279213428497, 0.030650127679109573, 0.03933897614479065, 0.048027828335762024, 0.0567166768014431, 0.06540552526712418, 0.07409437745809555, 0.08278322219848633, 0.0914720743894577, 0.10016092658042908, 0.10884977132081985, 0.11753862351179123, 0.126227468252182, 0.13491632044315338, 0.14360517263412476, 0.15229402482509613, 0.1609828770160675, 0.16967171430587769, 0.17836056649684906, 0.18704941868782043, 0.1957382708787918, 0.20442712306976318, 0.21311597526073456, 0.22180482745170593, 0.2304936647415161, 0.2391825169324875, 0.24787136912345886, 0.25656020641326904, 0.2652490735054016, 0.2739379107952118]}, "parameters/value_func.nn.2.bias": {"_type": "histogram", "values": [0.0, 0.0, 0.0, 0.0, 0.0, 0.0, 0.0, 0.0, 0.0, 0.0, 0.0, 0.0, 0.0, 0.0, 0.0, 0.0, 0.0, 0.0, 0.0, 0.0, 0.0, 0.0, 0.0, 0.0, 0.0, 0.0, 0.0, 0.0, 0.0, 0.0, 0.0, 0.0, 1.0, 0.0, 0.0, 0.0, 0.0, 0.0, 0.0, 0.0, 0.0, 0.0, 0.0, 0.0, 0.0, 0.0, 0.0, 0.0, 0.0, 0.0, 0.0, 0.0, 0.0, 0.0, 0.0, 0.0, 0.0, 0.0, 0.0, 0.0, 0.0, 0.0, 0.0, 0.0], "bins": [-0.06931842118501663, -0.06931842118501663, -0.06931842118501663, -0.06931842118501663, -0.06931842118501663, -0.06931842118501663, -0.06931842118501663, -0.06931842118501663, -0.06931842118501663, -0.06931842118501663, -0.06931842118501663, -0.06931842118501663, -0.06931842118501663, -0.06931842118501663, -0.06931842118501663, -0.06931842118501663, -0.06931842118501663, -0.06931842118501663, -0.06931842118501663, -0.06931842118501663, -0.06931842118501663, -0.06931842118501663, -0.06931842118501663, -0.06931842118501663, -0.06931842118501663, -0.06931842118501663, -0.06931842118501663, -0.06931842118501663, -0.06931842118501663, -0.06931842118501663, -0.06931842118501663, -0.06931842118501663, -0.06931842118501663, -0.06931842118501663, -0.06931842118501663, -0.06931842118501663, -0.06931842118501663, -0.06931842118501663, -0.06931842118501663, -0.06931842118501663, -0.06931842118501663, -0.06931842118501663, -0.06931842118501663, -0.06931842118501663, -0.06931842118501663, -0.06931842118501663, -0.06931842118501663, -0.06931842118501663, -0.06931842118501663, -0.06931842118501663, -0.06931842118501663, -0.06931842118501663, -0.06931842118501663, -0.06931842118501663, -0.06931842118501663, -0.06931842118501663, -0.06931842118501663, -0.06931842118501663, -0.06931842118501663, -0.06931842118501663, -0.06931842118501663, -0.06931842118501663, -0.06931842118501663, -0.06931842118501663, -0.06931842118501663]}, "_wandb": {"runtime": 30}}