{"epoch": 25, "loss": 8884587520.0, "_timestamp": 1678385524.5484693, "_runtime": 29.724974393844604, "_step": 23, "parameters/value_func.nn.0.weight": {"_type": "histogram", "values": [8.0, 5.0, 8.0, 2.0, 2.0, 11.0, 9.0, 9.0, 7.0, 8.0, 5.0, 7.0, 5.0, 8.0, 8.0, 13.0, 18.0, 6.0, 10.0, 9.0, 6.0, 8.0, 8.0, 12.0, 17.0, 22.0, 18.0, 19.0, 14.0, 19.0, 18.0, 27.0, 18.0, 30.0, 13.0, 23.0, 18.0, 11.0, 12.0, 14.0, 10.0, 12.0, 15.0, 10.0, 7.0, 4.0, 13.0, 6.0, 2.0, 8.0, 6.0, 5.0, 5.0, 6.0, 9.0, 6.0, 4.0, 7.0, 7.0, 3.0, 3.0, 2.0, 3.0, 2.0], "bins": [-0.3880830407142639, -0.37573957443237305, -0.3633961081504822, -0.3510526418685913, -0.33870917558670044, -0.32636570930480957, -0.3140222430229187, -0.30167877674102783, -0.28933531045913696, -0.2769918441772461, -0.2646483778953552, -0.25230491161346436, -0.2399614453315735, -0.22761797904968262, -0.21527451276779175, -0.20293104648590088, -0.19058758020401, -0.17824411392211914, -0.16590064764022827, -0.1535571813583374, -0.14121371507644653, -0.12887024879455566, -0.1165267825126648, -0.10418331623077393, -0.09183984994888306, -0.07949638366699219, -0.06715291738510132, -0.05480945110321045, -0.04246598482131958, -0.03012251853942871, -0.017779052257537842, -0.005435585975646973, 0.006907850503921509, 0.019251316785812378, 0.03159478306770325, 0.043938249349594116, 0.056281715631484985, 0.06862518191337585, 0.08096864819526672, 0.09331211447715759, 0.10565558075904846, 0.11799904704093933, 0.1303425133228302, 0.14268597960472107, 0.15502944588661194, 0.1673729121685028, 0.17971637845039368, 0.19205984473228455, 0.20440331101417542, 0.21674677729606628, 0.22909024357795715, 0.24143370985984802, 0.2537771761417389, 0.26612064242362976, 0.27846410870552063, 0.2908075749874115, 0.30315104126930237, 0.31549450755119324, 0.3278379738330841, 0.340181440114975, 0.35252490639686584, 0.3648683726787567, 0.3772118389606476, 0.38955530524253845, 0.4018987715244293]}, "parameters/value_func.nn.0.bias": {"_type": "histogram", "values": [1.0, 0.0, 0.0, 0.0, 0.0, 1.0, 1.0, 1.0, 0.0, 2.0, 0.0, 5.0, 0.0, 3.0, 2.0, 5.0, 1.0, 6.0, 3.0, 2.0, 5.0, 4.0, 1.0, 0.0, 1.0, 3.0, 2.0, 1.0, 2.0, 4.0, 2.0, 1.0, 2.0, 1.0, 3.0, 3.0, 1.0, 4.0, 5.0, 2.0, 0.0, 4.0, 2.0, 8.0, 2.0, 1.0, 3.0, 0.0, 4.0, 0.0, 4.0, 2.0, 0.0, 0.0, 1.0, 3.0, 2.0, 2.0, 4.0, 2.0, 0.0, 1.0, 1.0, 2.0], "bins": [-0.20118741691112518, -0.19560623168945312, -0.19002503156661987, -0.18444384634494781, -0.17886264622211456, -0.1732814610004425, -0.16770026087760925, -0.1621190756559372, -0.15653789043426514, -0.15095670521259308, -0.14537550508975983, -0.13979431986808777, -0.13421311974525452, -0.12863193452358246, -0.1230507418513298, -0.11746954917907715, -0.1118883490562439, -0.10630715638399124, -0.10072596371173859, -0.09514477849006653, -0.08956357836723328, -0.08398239314556122, -0.07840120047330856, -0.07282000780105591, -0.06723881512880325, -0.0616576224565506, -0.05607642978429794, -0.05049524083733559, -0.04491404816508293, -0.039332855492830276, -0.03375166654586792, -0.028170473873615265, -0.022589296102523804, -0.01700810343027115, -0.011426912620663643, -0.005845721811056137, -0.00026452913880348206, 0.005316663533449173, 0.01089785248041153, 0.016479045152664185, 0.02206023782491684, 0.027641430497169495, 0.03322262316942215, 0.038803812116384506, 0.04438500478863716, 0.049966197460889816, 0.05554738640785217, 0.06112857908010483, 0.06670977175235748, 0.07229096442461014, 0.07787215709686279, 0.08345334231853485, 0.0890345424413681, 0.09461572766304016, 0.10019692033529282, 0.10577811300754547, 0.11135930567979813, 0.11694049835205078, 0.12252169102430344, 0.1281028836965561, 0.13368406891822815, 0.1392652690410614, 0.14484645426273346, 0.15042763948440552, 0.15600883960723877]}, "parameters/value_func.nn.2.weight": {"_type": "histogram", "values": [1.0, 0.0, 1.0, 2.0, 4.0, 3.0, 2.0, 3.0, 3.0, 2.0, 1.0, 3.0, 1.0, 4.0, 5.0, 3.0, 3.0, 2.0, 0.0, 2.0, 1.0, 3.0, 3.0, 3.0, 2.0, 3.0, 3.0, 1.0, 1.0, 1.0, 1.0, 1.0, 1.0, 3.0, 3.0, 0.0, 2.0, 4.0, 1.0, 2.0, 3.0, 2.0, 2.0, 7.0, 4.0, 3.0, 3.0, 6.0, 2.0, 2.0, 1.0, 2.0, 1.0, 1.0, 1.0, 1.0, 0.0, 0.0, 1.0, 1.0, 0.0, 0.0, 0.0, 1.0], "bins": [-0.4054880738258362, -0.3952464461326599, -0.38500478863716125, -0.3747631311416626, -0.36452150344848633, -0.35427987575531006, -0.3440382182598114, -0.33379656076431274, -0.3235549330711365, -0.3133133053779602, -0.30307164788246155, -0.2928299903869629, -0.2825883626937866, -0.27234673500061035, -0.2621050775051117, -0.25186342000961304, -0.24162179231643677, -0.2313801497220993, -0.22113850712776184, -0.21089686453342438, -0.20065522193908691, -0.19041357934474945, -0.180171936750412, -0.16993029415607452, -0.15968865156173706, -0.1494470089673996, -0.13920536637306213, -0.12896372377872467, -0.11872208118438721, -0.10848043859004974, -0.09823879599571228, -0.08799715340137482, -0.07775548100471497, -0.0675138384103775, -0.05727219581604004, -0.047030553221702576, -0.03678891062736511, -0.02654726803302765, -0.016305625438690186, -0.006063982844352722, 0.004177659749984741, 0.014419302344322205, 0.024660944938659668, 0.03490258753299713, 0.045144230127334595, 0.05538587272167206, 0.06562751531600952, 0.07586915791034698, 0.08611080050468445, 0.09635244309902191, 0.10659408569335938, 0.11683572828769684, 0.1270773708820343, 0.13731901347637177, 0.14756065607070923, 0.1578022986650467, 0.16804394125938416, 0.17828558385372162, 0.18852722644805908, 0.19876886904239655, 0.209010511636734, 0.21925215423107147, 0.22949379682540894, 0.2397354394197464, 0.24997708201408386]}, "parameters/value_func.nn.2.bias": {"_type": "histogram", "values": [0.0, 0.0, 0.0, 0.0, 0.0, 0.0, 0.0, 0.0, 0.0, 0.0, 0.0, 0.0, 0.0, 0.0, 0.0, 0.0, 0.0, 0.0, 0.0, 0.0, 0.0, 0.0, 0.0, 0.0, 0.0, 0.0, 0.0, 0.0, 0.0, 0.0, 0.0, 0.0, 1.0, 0.0, 0.0, 0.0, 0.0, 0.0, 0.0, 0.0, 0.0, 0.0, 0.0, 0.0, 0.0, 0.0, 0.0, 0.0, 0.0, 0.0, 0.0, 0.0, 0.0, 0.0, 0.0, 0.0, 0.0, 0.0, 0.0, 0.0, 0.0, 0.0, 0.0, 0.0], "bins": [-0.17332425713539124, -0.17332425713539124, -0.17332425713539124, -0.17332425713539124, -0.17332425713539124, -0.17332425713539124, -0.17332425713539124, -0.17332425713539124, -0.17332425713539124, -0.17332425713539124, -0.17332425713539124, -0.17332425713539124, -0.17332425713539124, -0.17332425713539124, -0.17332425713539124, -0.17332425713539124, -0.17332425713539124, -0.17332425713539124, -0.17332425713539124, -0.17332425713539124, -0.17332425713539124, -0.17332425713539124, -0.17332425713539124, -0.17332425713539124, -0.17332425713539124, -0.17332425713539124, -0.17332425713539124, -0.17332425713539124, -0.17332425713539124, -0.17332425713539124, -0.17332425713539124, -0.17332425713539124, -0.17332425713539124, -0.17332425713539124, -0.17332425713539124, -0.17332425713539124, -0.17332425713539124, -0.17332425713539124, -0.17332425713539124, -0.17332425713539124, -0.17332425713539124, -0.17332425713539124, -0.17332425713539124, -0.17332425713539124, -0.17332425713539124, -0.17332425713539124, -0.17332425713539124, -0.17332425713539124, -0.17332425713539124, -0.17332425713539124, -0.17332425713539124, -0.17332425713539124, -0.17332425713539124, -0.17332425713539124, -0.17332425713539124, -0.17332425713539124, -0.17332425713539124, -0.17332425713539124, -0.17332425713539124, -0.17332425713539124, -0.17332425713539124, -0.17332425713539124, -0.17332425713539124, -0.17332425713539124, -0.17332425713539124]}, "_wandb": {"runtime": 28}}