{"epoch": 52, "loss": 54857960.0, "_timestamp": 1678374941.064752, "_runtime": 203.92889213562012, "_step": 52, "parameters/value_func.nn.0.weight": {"_type": "histogram", "values": [2.0, 6.0, 5.0, 5.0, 3.0, 4.0, 5.0, 1.0, 7.0, 4.0, 6.0, 10.0, 6.0, 8.0, 18.0, 14.0, 9.0, 10.0, 6.0, 14.0, 8.0, 13.0, 26.0, 18.0, 29.0, 16.0, 17.0, 16.0, 19.0, 18.0, 16.0, 14.0, 16.0, 21.0, 9.0, 16.0, 12.0, 8.0, 13.0, 18.0, 12.0, 17.0, 10.0, 12.0, 8.0, 12.0, 9.0, 11.0, 9.0, 11.0, 9.0, 4.0, 3.0, 8.0, 7.0, 5.0, 7.0, 5.0, 6.0, 3.0, 2.0, 2.0, 1.0, 1.0], "bins": [-0.32209452986717224, -0.3118058145046234, -0.301517128944397, -0.29122841358184814, -0.2809397280216217, -0.2706510126590729, -0.26036232709884644, -0.2500736117362976, -0.23978492617607117, -0.22949622571468353, -0.2192075252532959, -0.20891882479190826, -0.19863012433052063, -0.188341423869133, -0.17805272340774536, -0.16776400804519653, -0.1574753075838089, -0.14718660712242126, -0.13689790666103363, -0.126609206199646, -0.11632050573825836, -0.10603180527687073, -0.0957430973649025, -0.08545439690351486, -0.07516569644212723, -0.0648769959807396, -0.05458829551935196, -0.044299591332674026, -0.03401089087128639, -0.023722190409898758, -0.013433486223220825, -0.003144785761833191, 0.007143914699554443, 0.017432615160942078, 0.02772131748497486, 0.038010019809007645, 0.04829872027039528, 0.05858742073178291, 0.06887612491846085, 0.07916482537984848, 0.08945352584123611, 0.09974222630262375, 0.11003092676401138, 0.12031963467597961, 0.13060833513736725, 0.14089703559875488, 0.15118573606014252, 0.16147443652153015, 0.17176313698291779, 0.18205183744430542, 0.19234053790569305, 0.2026292383670807, 0.21291793882846832, 0.22320663928985596, 0.23349535465240479, 0.24378404021263123, 0.25407275557518005, 0.2643614709377289, 0.2746501564979553, 0.28493887186050415, 0.2952275574207306, 0.3055162727832794, 0.31580495834350586, 0.3260936737060547, 0.33638235926628113]}, "parameters/value_func.nn.0.bias": {"_type": "histogram", "values": [2.0, 0.0, 1.0, 1.0, 1.0, 1.0, 2.0, 1.0, 2.0, 3.0, 5.0, 2.0, 6.0, 4.0, 6.0, 3.0, 5.0, 4.0, 5.0, 4.0, 4.0, 3.0, 1.0, 3.0, 2.0, 6.0, 7.0, 2.0, 3.0, 3.0, 1.0, 2.0, 4.0, 5.0, 1.0, 2.0, 0.0, 2.0, 1.0, 1.0, 2.0, 0.0, 0.0, 1.0, 3.0, 2.0, 1.0, 0.0, 1.0, 2.0, 0.0, 0.0, 0.0, 1.0, 0.0, 0.0, 0.0, 0.0, 1.0, 0.0, 1.0, 0.0, 1.0, 1.0], "bins": [-0.10134250670671463, -0.09768382459878922, -0.0940251424908638, -0.09036645293235779, -0.08670777082443237, -0.08304908871650696, -0.07939040660858154, -0.07573172450065613, -0.07207304239273071, -0.0684143602848053, -0.06475567817687988, -0.06109699234366417, -0.057438306510448456, -0.05377962440252304, -0.050120942294597626, -0.04646226018667221, -0.0428035706281662, -0.039144888520240784, -0.03548620268702507, -0.031827520579099655, -0.02816883660852909, -0.024510152637958527, -0.02085147053003311, -0.017192786559462547, -0.013534102588891983, -0.009875418618321419, -0.006216735579073429, -0.0025580525398254395, 0.0011006314307451248, 0.004759315401315689, 0.008417997509241104, 0.012076681479811668, 0.015735357999801636, 0.0193940419703722, 0.023052725940942764, 0.02671140804886818, 0.030370092019438744, 0.03402877599000931, 0.03768745809793472, 0.04134614020586014, 0.04500482603907585, 0.048663508147001266, 0.05232219398021698, 0.055980876088142395, 0.05963955819606781, 0.06329824030399323, 0.06695692241191864, 0.07061561197042465, 0.07427429407835007, 0.07793297618627548, 0.0815916582942009, 0.08525034785270691, 0.08890902996063232, 0.09256771206855774, 0.09622639417648315, 0.09988507628440857, 0.10354375839233398, 0.1072024405002594, 0.11086112260818481, 0.11451980471611023, 0.11817849427461624, 0.12183717638254166, 0.12549585103988647, 0.12915454804897308, 0.1328132301568985]}, "parameters/value_func.nn.2.weight": {"_type": "histogram", "values": [2.0, 1.0, 0.0, 1.0, 1.0, 1.0, 1.0, 2.0, 3.0, 2.0, 4.0, 4.0, 1.0, 2.0, 4.0, 2.0, 1.0, 2.0, 4.0, 1.0, 2.0, 0.0, 2.0, 3.0, 2.0, 4.0, 4.0, 4.0, 0.0, 0.0, 3.0, 3.0, 0.0, 1.0, 1.0, 4.0, 1.0, 2.0, 5.0, 5.0, 0.0, 1.0, 2.0, 1.0, 1.0, 5.0, 2.0, 2.0, 1.0, 4.0, 4.0, 2.0, 3.0, 2.0, 0.0, 2.0, 2.0, 0.0, 3.0, 0.0, 2.0, 1.0, 0.0, 3.0], "bins": [-0.2887802720069885, -0.281108558177948, -0.2734368145465851, -0.26576510071754456, -0.25809338688850403, -0.2504216730594635, -0.24274992942810059, -0.23507821559906006, -0.22740650177001953, -0.2197347730398178, -0.21206305921077728, -0.20439133048057556, -0.19671961665153503, -0.1890478879213333, -0.1813761591911316, -0.17370444536209106, -0.16603271663188934, -0.15836098790168762, -0.1506892740726471, -0.14301754534244537, -0.13534583151340485, -0.12767410278320312, -0.120002381503582, -0.11233066022396088, -0.10465893894433975, -0.09698721766471863, -0.0893154963850975, -0.08164377510547638, -0.07397204637527466, -0.06630033254623413, -0.05862860381603241, -0.050956882536411285, -0.04328514635562897, -0.03561342507600784, -0.02794170193374157, -0.020269978791475296, -0.012598257511854172, -0.0049265362322330475, 0.0027451887726783752, 0.0104169100522995, 0.018088631331920624, 0.025760352611541748, 0.03343207389116287, 0.041103798896074295, 0.04877552017569542, 0.056447241455316544, 0.06411896646022797, 0.07179068773984909, 0.07946240901947021, 0.08713413029909134, 0.09480585157871246, 0.10247758030891418, 0.11014929413795471, 0.11782102286815643, 0.12549275159835815, 0.13316446542739868, 0.1408361792564392, 0.14850790798664093, 0.15617962181568146, 0.16385135054588318, 0.1715230643749237, 0.17919479310512543, 0.18686652183532715, 0.19453823566436768, 0.2022099643945694]}, "parameters/value_func.nn.2.bias": {"_type": "histogram", "values": [0.0, 0.0, 0.0, 0.0, 0.0, 0.0, 0.0, 0.0, 0.0, 0.0, 0.0, 0.0, 0.0, 0.0, 0.0, 0.0, 0.0, 0.0, 0.0, 0.0, 0.0, 0.0, 0.0, 0.0, 0.0, 0.0, 0.0, 0.0, 0.0, 0.0, 0.0, 1.0, 0.0, 0.0, 0.0, 0.0, 0.0, 0.0, 0.0, 0.0, 0.0, 0.0, 0.0, 0.0, 0.0, 0.0, 0.0, 0.0, 0.0, 0.0, 0.0, 0.0, 0.0, 0.0, 0.0, 0.0, 0.0, 0.0, 0.0, 0.0, 0.0, 0.0, 0.0, 0.0], "bins": [-0.03239873796701431, -0.03239873796701431, -0.03239873796701431, -0.03239873796701431, -0.03239873796701431, -0.03239873796701431, -0.03239873796701431, -0.03239873796701431, -0.03239873796701431, -0.03239873796701431, -0.03239873796701431, -0.03239873796701431, -0.03239873796701431, -0.03239873796701431, -0.03239873796701431, -0.03239873796701431, -0.03239873796701431, -0.03239873796701431, -0.03239873796701431, -0.03239873796701431, -0.03239873796701431, -0.03239873796701431, -0.03239873796701431, -0.03239873796701431, -0.03239873796701431, -0.03239873796701431, -0.03239873796701431, -0.03239873796701431, -0.03239873796701431, -0.03239873796701431, -0.03239873796701431, -0.03239873796701431, -0.03239873796701431, -0.03239873796701431, -0.03239873796701431, -0.03239873796701431, -0.03239873796701431, -0.03239873796701431, -0.03239873796701431, -0.03239873796701431, -0.03239873796701431, -0.03239873796701431, -0.03239873796701431, -0.03239873796701431, -0.03239873796701431, -0.03239873796701431, -0.03239873796701431, -0.03239873796701431, -0.03239873796701431, -0.03239873796701431, -0.03239873796701431, -0.03239873796701431, -0.03239873796701431, -0.03239873796701431, -0.03239873796701431, -0.03239873796701431, -0.03239873796701431, -0.03239873796701431, -0.03239873796701431, -0.03239873796701431, -0.03239873796701431, -0.03239873796701431, -0.03239873796701431, -0.03239873796701431, -0.03239873796701431]}, "_wandb": {"runtime": 205}}