{"parameters/value_func.nn.0.weight": {"_type": "histogram", "values": [1.0, 0.0, 0.0, 0.0, 3.0, 0.0, 3.0, 4.0, 2.0, 5.0, 6.0, 2.0, 3.0, 1.0, 4.0, 7.0, 5.0, 3.0, 2.0, 5.0, 9.0, 5.0, 3.0, 5.0, 9.0, 4.0, 4.0, 11.0, 11.0, 8.0, 9.0, 9.0, 14.0, 10.0, 6.0, 14.0, 7.0, 5.0, 7.0, 11.0, 13.0, 5.0, 12.0, 8.0, 8.0, 3.0, 7.0, 8.0, 6.0, 2.0, 3.0, 4.0, 3.0, 4.0, 1.0, 3.0, 1.0, 6.0, 0.0, 1.0, 2.0, 2.0, 0.0, 1.0], "bins": [-0.5238839983940125, -0.5074874758720398, -0.49109089374542236, -0.4746943414211273, -0.4582977890968323, -0.44190123677253723, -0.4255046844482422, -0.40910816192626953, -0.3927115797996521, -0.37631502747535706, -0.359918475151062, -0.34352192282676697, -0.3271253705024719, -0.3107288181781769, -0.29433226585388184, -0.2779357433319092, -0.26153919100761414, -0.2451426386833191, -0.22874608635902405, -0.212349534034729, -0.19595298171043396, -0.17955642938613892, -0.16315989196300507, -0.14676333963871002, -0.13036678731441498, -0.11397023499011993, -0.09757368266582489, -0.08117713779211044, -0.0647805854678154, -0.048384033143520355, -0.03198748826980591, -0.015590935945510864, 0.0008056163787841797, 0.017202166840434074, 0.03359871730208397, 0.049995265901088715, 0.06639181822538376, 0.0827883705496788, 0.09918491542339325, 0.1155814677476883, 0.13197802007198334, 0.14837457239627838, 0.16477112472057343, 0.18116766214370728, 0.19756421446800232, 0.21396076679229736, 0.2303573191165924, 0.24675387144088745, 0.2631504237651825, 0.27954697608947754, 0.2959435284137726, 0.3123400807380676, 0.32873663306236267, 0.3451331853866577, 0.36152970790863037, 0.3779262900352478, 0.39432281255722046, 0.4107193648815155, 0.42711591720581055, 0.4435124695301056, 0.45990902185440063, 0.4763055741786957, 0.4927021265029907, 0.5090986490249634, 0.5254952311515808]}, "_timestamp": 1678805236.8306901, "parameters/value_func.nn.0.bias": {"_type": "histogram", "values": [2.0, 6.0, 3.0, 0.0, 2.0, 0.0, 1.0, 2.0, 2.0, 1.0, 2.0, 2.0, 2.0, 1.0, 0.0, 1.0, 1.0, 1.0, 0.0, 0.0, 1.0, 1.0, 0.0, 0.0, 0.0, 0.0, 0.0, 1.0, 0.0, 0.0, 0.0, 1.0, 1.0, 0.0, 1.0, 0.0, 0.0, 0.0, 0.0, 1.0, 1.0, 3.0, 0.0, 1.0, 0.0, 0.0, 1.0, 2.0, 0.0, 0.0, 0.0, 2.0, 2.0, 1.0, 0.0, 0.0, 2.0, 3.0, 2.0, 2.0, 1.0, 1.0, 2.0, 2.0], "bins": [-0.27345719933509827, -0.26486456394195557, -0.25627195835113525, -0.24767932295799255, -0.23908668756484985, -0.23049406707286835, -0.22190144658088684, -0.21330881118774414, -0.20471619069576263, -0.19612357020378113, -0.18753093481063843, -0.17893831431865692, -0.17034569382667542, -0.16175305843353271, -0.1531604379415512, -0.1445678174495697, -0.135975182056427, -0.1273825615644455, -0.1187899261713028, -0.11019730567932129, -0.10160467773675919, -0.09301204979419708, -0.08441942930221558, -0.07582680135965347, -0.06723417341709137, -0.058641545474529266, -0.05004892125725746, -0.04145629703998566, -0.03286366909742355, -0.02427104115486145, -0.015678416937589645, -0.007085792720317841, 0.0015068352222442627, 0.010099461302161217, 0.01869208738207817, 0.027284713461995125, 0.03587733954191208, 0.04446996748447418, 0.05306259170174599, 0.06165521591901779, 0.0702478438615799, 0.078840471804142, 0.0874330997467041, 0.09602572023868561, 0.10461834818124771, 0.11321097612380981, 0.12180359661579132, 0.13039621710777283, 0.13898885250091553, 0.14758147299289703, 0.15617410838603973, 0.16476672887802124, 0.17335936427116394, 0.18195198476314545, 0.19054460525512695, 0.19913724064826965, 0.20772986114025116, 0.21632248163223267, 0.22491511702537537, 0.23350773751735687, 0.24210035800933838, 0.2506929934024811, 0.2592856287956238, 0.2678782343864441, 0.2764708697795868]}, "parameters/value_func.nn.2.weight": {"_type": "histogram", "values": [1.0, 0.0, 1.0, 1.0, 0.0, 1.0, 0.0, 1.0, 1.0, 0.0, 0.0, 2.0, 1.0, 0.0, 1.0, 2.0, 1.0, 1.0, 2.0, 1.0, 0.0, 3.0, 0.0, 1.0, 1.0, 2.0, 3.0, 0.0, 1.0, 1.0, 1.0, 2.0, 1.0, 0.0, 0.0, 0.0, 1.0, 0.0, 5.0, 2.0, 1.0, 0.0, 2.0, 3.0, 3.0, 0.0, 0.0, 1.0, 0.0, 1.0, 0.0, 3.0, 0.0, 0.0, 1.0, 2.0, 2.0, 0.0, 1.0, 0.0, 1.0, 0.0, 1.0, 1.0], "bins": [-0.4493614435195923, -0.43603694438934326, -0.42271244525909424, -0.4093879461288452, -0.3960634171962738, -0.3827389180660248, -0.36941441893577576, -0.35608991980552673, -0.3427653908729553, -0.3294408917427063, -0.3161163926124573, -0.30279189348220825, -0.28946736454963684, -0.2761428654193878, -0.2628183662891388, -0.24949386715888977, -0.23616936802864075, -0.22284486889839172, -0.2095203548669815, -0.19619585573673248, -0.18287134170532227, -0.16954684257507324, -0.15622234344482422, -0.1428978443145752, -0.12957333028316498, -0.11624882370233536, -0.10292431712150574, -0.08959981799125671, -0.0762753114104271, -0.06295080482959747, -0.04962630569934845, -0.03630179911851883, -0.02297729253768921, -0.009652787819504738, 0.0036717168986797333, 0.016996219754219055, 0.030320726335048676, 0.043645232915878296, 0.05696973204612732, 0.07029423862695694, 0.08361874520778656, 0.09694325178861618, 0.1102677583694458, 0.12359225749969482, 0.13691675662994385, 0.15024127066135406, 0.1635657697916031, 0.1768902838230133, 0.19021478295326233, 0.20353928208351135, 0.21686379611492157, 0.2301882952451706, 0.2435128092765808, 0.25683730840682983, 0.27016180753707886, 0.2834863066673279, 0.2968108057975769, 0.3101353049278259, 0.32345980405807495, 0.336784303188324, 0.3501088321208954, 0.3634333312511444, 0.37675783038139343, 0.39008232951164246, 0.40340685844421387]}, "parameters/value_func.nn.2.bias": {"_type": "histogram", "values": [0.0, 0.0, 0.0, 0.0, 0.0, 0.0, 0.0, 0.0, 0.0, 0.0, 0.0, 0.0, 0.0, 0.0, 0.0, 0.0, 0.0, 0.0, 0.0, 0.0, 0.0, 0.0, 0.0, 0.0, 0.0, 0.0, 0.0, 0.0, 0.0, 0.0, 0.0, 0.0, 1.0, 0.0, 0.0, 0.0, 0.0, 0.0, 0.0, 0.0, 0.0, 0.0, 0.0, 0.0, 0.0, 0.0, 0.0, 0.0, 0.0, 0.0, 0.0, 0.0, 0.0, 0.0, 0.0, 0.0, 0.0, 0.0, 0.0, 0.0, 0.0, 0.0, 0.0, 0.0], "bins": [-0.2518097460269928, -0.2518097460269928, -0.2518097460269928, -0.2518097460269928, -0.2518097460269928, -0.2518097460269928, -0.2518097460269928, -0.2518097460269928, -0.2518097460269928, -0.2518097460269928, -0.2518097460269928, -0.2518097460269928, -0.2518097460269928, -0.2518097460269928, -0.2518097460269928, -0.2518097460269928, -0.2518097460269928, -0.2518097460269928, -0.2518097460269928, -0.2518097460269928, -0.2518097460269928, -0.2518097460269928, -0.2518097460269928, -0.2518097460269928, -0.2518097460269928, -0.2518097460269928, -0.2518097460269928, -0.2518097460269928, -0.2518097460269928, -0.2518097460269928, -0.2518097460269928, -0.2518097460269928, -0.2518097460269928, -0.2518097460269928, -0.2518097460269928, -0.2518097460269928, -0.2518097460269928, -0.2518097460269928, -0.2518097460269928, -0.2518097460269928, -0.2518097460269928, -0.2518097460269928, -0.2518097460269928, -0.2518097460269928, -0.2518097460269928, -0.2518097460269928, -0.2518097460269928, -0.2518097460269928, -0.2518097460269928, -0.2518097460269928, -0.2518097460269928, -0.2518097460269928, -0.2518097460269928, -0.2518097460269928, -0.2518097460269928, -0.2518097460269928, -0.2518097460269928, -0.2518097460269928, -0.2518097460269928, -0.2518097460269928, -0.2518097460269928, -0.2518097460269928, -0.2518097460269928, -0.2518097460269928, -0.2518097460269928]}, "epoch": 27, "loss": 1836732416.0, "_runtime": 125.2397141456604, "_step": 26, "_wandb": {"runtime": 125}}