{"epoch": 112, "loss": 1514341376.0, "_timestamp": 1678387011.7849514, "_runtime": 154.53442645072937, "_step": 110, "parameters/value_func.nn.0.weight": {"_type": "histogram", "values": [2.0, 0.0, 0.0, 3.0, 2.0, 3.0, 0.0, 3.0, 4.0, 4.0, 6.0, 7.0, 5.0, 7.0, 8.0, 7.0, 10.0, 10.0, 10.0, 13.0, 4.0, 11.0, 16.0, 19.0, 17.0, 17.0, 13.0, 8.0, 25.0, 21.0, 17.0, 35.0, 15.0, 14.0, 16.0, 17.0, 18.0, 21.0, 34.0, 22.0, 19.0, 15.0, 13.0, 18.0, 12.0, 13.0, 11.0, 6.0, 9.0, 17.0, 10.0, 9.0, 4.0, 8.0, 3.0, 1.0, 1.0, 0.0, 2.0, 2.0, 0.0, 0.0, 2.0, 1.0], "bins": [-0.8416749238967896, -0.8150246739387512, -0.7883744239807129, -0.7617241740226746, -0.7350739240646362, -0.7084236741065979, -0.6817734241485596, -0.655123233795166, -0.6284729242324829, -0.6018226742744446, -0.5751724243164062, -0.5485221743583679, -0.5218719244003296, -0.49522167444229126, -0.4685714542865753, -0.441921204328537, -0.41527098417282104, -0.3886207342147827, -0.3619704842567444, -0.33532023429870605, -0.3086699843406677, -0.2820197343826294, -0.25536951422691345, -0.22871926426887512, -0.2020690143108368, -0.17541876435279846, -0.14876851439476013, -0.122118279337883, -0.09546802937984467, -0.06881777942180634, -0.0421675443649292, -0.01551729440689087, 0.011132895946502686, 0.03778314217925072, 0.06443338841199875, 0.09108363091945648, 0.11773388087749481, 0.14438413083553314, 0.17103436589241028, 0.1976846158504486, 0.22433486580848694, 0.25098511576652527, 0.2776353657245636, 0.30428558588027954, 0.33093583583831787, 0.3575860857963562, 0.38423633575439453, 0.41088658571243286, 0.4375368356704712, 0.4641870856285095, 0.49083733558654785, 0.5174875855445862, 0.5441378355026245, 0.5707880854606628, 0.5974383354187012, 0.6240885257720947, 0.6507388353347778, 0.6773890852928162, 0.7040393352508545, 0.7306895852088928, 0.7573398351669312, 0.7839900851249695, 0.8106403350830078, 0.8372905254364014, 0.8639407753944397]}, "parameters/value_func.nn.0.bias": {"_type": "histogram", "values": [2.0, 0.0, 2.0, 0.0, 0.0, 0.0, 1.0, 0.0, 1.0, 0.0, 1.0, 2.0, 2.0, 0.0, 0.0, 2.0, 1.0, 0.0, 1.0, 2.0, 3.0, 1.0, 5.0, 1.0, 4.0, 6.0, 4.0, 6.0, 1.0, 2.0, 1.0, 6.0, 2.0, 8.0, 6.0, 7.0, 7.0, 2.0, 3.0, 1.0, 5.0, 1.0, 2.0, 1.0, 2.0, 3.0, 3.0, 3.0, 2.0, 1.0, 0.0, 1.0, 0.0, 3.0, 3.0, 0.0, 0.0, 2.0, 1.0, 1.0, 0.0, 0.0, 0.0, 1.0], "bins": [-0.6415966749191284, -0.6240930557250977, -0.6065894365310669, -0.5890858173370361, -0.5715821981430054, -0.5540785789489746, -0.5365749597549438, -0.5190713405609131, -0.5015677213668823, -0.48406410217285156, -0.4665604829788208, -0.44905686378479004, -0.4315532445907593, -0.4140496253967285, -0.39654600620269775, -0.379042387008667, -0.3615387976169586, -0.34403517842292786, -0.3265315592288971, -0.30902794003486633, -0.29152432084083557, -0.2740207016468048, -0.25651711225509644, -0.23901347815990448, -0.22150985896587372, -0.20400623977184296, -0.1865026205778122, -0.16899901628494263, -0.15149539709091187, -0.1339917778968811, -0.11648815870285034, -0.09898453950881958, -0.0814809501171112, -0.06397733092308044, -0.04647371545433998, -0.028970099985599518, -0.011466480791568756, 0.006037138402462006, 0.02354075014591217, 0.04104436933994293, 0.058547988533973694, 0.07605160772800446, 0.09355522692203522, 0.11105883866548538, 0.12856245040893555, 0.1460660696029663, 0.16356968879699707, 0.18107330799102783, 0.1985769271850586, 0.21608054637908936, 0.23358416557312012, 0.2510877847671509, 0.26859140396118164, 0.2860950231552124, 0.30359864234924316, 0.3211022615432739, 0.3386058807373047, 0.35610949993133545, 0.3736131191253662, 0.391116738319397, 0.40862035751342773, 0.4261239767074585, 0.44362759590148926, 0.46113121509552, 0.4786348044872284]}, "parameters/value_func.nn.2.weight": {"_type": "histogram", "values": [1.0, 0.0, 0.0, 0.0, 1.0, 0.0, 1.0, 2.0, 3.0, 3.0, 2.0, 5.0, 6.0, 3.0, 11.0, 10.0, 9.0, 7.0, 5.0, 5.0, 1.0, 5.0, 1.0, 2.0, 0.0, 0.0, 0.0, 1.0, 2.0, 2.0, 1.0, 0.0, 1.0, 1.0, 2.0, 1.0, 0.0, 0.0, 0.0, 0.0, 0.0, 0.0, 0.0, 0.0, 2.0, 0.0, 1.0, 1.0, 2.0, 1.0, 1.0, 5.0, 3.0, 2.0, 2.0, 2.0, 3.0, 2.0, 2.0, 1.0, 2.0, 0.0, 1.0, 1.0], "bins": [-0.8015493750572205, -0.7741386890411377, -0.7467280626296997, -0.7193173766136169, -0.691906750202179, -0.6644960641860962, -0.6370854377746582, -0.6096747517585754, -0.5822641253471375, -0.5548534393310547, -0.5274428129196167, -0.5000321269035339, -0.47262150049209595, -0.4452108144760132, -0.4178001880645752, -0.39038950204849243, -0.36297884583473206, -0.3355681896209717, -0.3081575334072113, -0.2807468771934509, -0.25333622097969055, -0.22592554986476898, -0.1985148936510086, -0.17110423743724823, -0.14369358122348785, -0.11628292500972748, -0.0888722687959671, -0.06146160513162613, -0.03405094891786575, -0.00664028525352478, 0.020770370960235596, 0.04818102717399597, 0.07559168338775635, 0.10300233960151672, 0.1304129958152771, 0.15782365202903748, 0.18523430824279785, 0.21264497935771942, 0.2400556355714798, 0.26746630668640137, 0.29487693309783936, 0.32228758931159973, 0.3496982455253601, 0.3771089017391205, 0.40451955795288086, 0.4319302439689636, 0.4593408703804016, 0.4867515563964844, 0.5141621828079224, 0.5415728688240051, 0.5689834952354431, 0.5963941812515259, 0.6238048076629639, 0.6512154936790466, 0.6786261200904846, 0.7060368061065674, 0.7334474921226501, 0.7608581781387329, 0.7882688045501709, 0.8156794905662537, 0.8430901169776917, 0.8705008029937744, 0.8979114294052124, 0.9253221154212952, 0.9527327418327332]}, "parameters/value_func.nn.2.bias": {"_type": "histogram", "values": [0.0, 0.0, 0.0, 0.0, 0.0, 0.0, 0.0, 0.0, 0.0, 0.0, 0.0, 0.0, 0.0, 0.0, 0.0, 0.0, 0.0, 0.0, 0.0, 0.0, 0.0, 0.0, 0.0, 0.0, 0.0, 0.0, 0.0, 0.0, 0.0, 0.0, 0.0, 0.0, 1.0, 0.0, 0.0, 0.0, 0.0, 0.0, 0.0, 0.0, 0.0, 0.0, 0.0, 0.0, 0.0, 0.0, 0.0, 0.0, 0.0, 0.0, 0.0, 0.0, 0.0, 0.0, 0.0, 0.0, 0.0, 0.0, 0.0, 0.0, 0.0, 0.0, 0.0, 0.0], "bins": [-0.023484792560338974, -0.023484792560338974, -0.023484792560338974, -0.023484792560338974, -0.023484792560338974, -0.023484792560338974, -0.023484792560338974, -0.023484792560338974, -0.023484792560338974, -0.023484792560338974, -0.023484792560338974, -0.023484792560338974, -0.023484792560338974, -0.023484792560338974, -0.023484792560338974, -0.023484792560338974, -0.023484792560338974, -0.023484792560338974, -0.023484792560338974, -0.023484792560338974, -0.023484792560338974, -0.023484792560338974, -0.023484792560338974, -0.023484792560338974, -0.023484792560338974, -0.023484792560338974, -0.023484792560338974, -0.023484792560338974, -0.023484792560338974, -0.023484792560338974, -0.023484792560338974, -0.023484792560338974, -0.023484792560338974, -0.023484792560338974, -0.023484792560338974, -0.023484792560338974, -0.023484792560338974, -0.023484792560338974, -0.023484792560338974, -0.023484792560338974, -0.023484792560338974, -0.023484792560338974, -0.023484792560338974, -0.023484792560338974, -0.023484792560338974, -0.023484792560338974, -0.023484792560338974, -0.023484792560338974, -0.023484792560338974, -0.023484792560338974, -0.023484792560338974, -0.023484792560338974, -0.023484792560338974, -0.023484792560338974, -0.023484792560338974, -0.023484792560338974, -0.023484792560338974, -0.023484792560338974, -0.023484792560338974, -0.023484792560338974, -0.023484792560338974, -0.023484792560338974, -0.023484792560338974, -0.023484792560338974, -0.023484792560338974]}, "_wandb": {"runtime": 154}}