{"epoch": 353, "loss": 117121264.0, "_timestamp": 1678374020.5173788, "_runtime": 1309.6009068489075, "_step": 353, "parameters/value_func.nn.0.weight": {"_type": "histogram", "values": [1.0, 0.0, 1.0, 0.0, 0.0, 0.0, 4.0, 3.0, 6.0, 1.0, 3.0, 8.0, 3.0, 3.0, 4.0, 6.0, 3.0, 6.0, 8.0, 12.0, 16.0, 10.0, 9.0, 15.0, 7.0, 10.0, 19.0, 26.0, 24.0, 28.0, 27.0, 36.0, 38.0, 35.0, 43.0, 34.0, 36.0, 11.0, 16.0, 16.0, 21.0, 15.0, 17.0, 7.0, 7.0, 11.0, 12.0, 3.0, 8.0, 2.0, 1.0, 1.0, 3.0, 0.0, 0.0, 0.0, 0.0, 1.0, 1.0, 0.0, 1.0, 0.0, 0.0, 1.0], "bins": [-1.146759033203125, -1.1130847930908203, -1.0794106721878052, -1.04573655128479, -1.0120623111724854, -0.9783881306648254, -0.9447139501571655, -0.9110397696495056, -0.8773655891418457, -0.8436914086341858, -0.8100172281265259, -0.776343047618866, -0.742668867111206, -0.7089946866035461, -0.6753205060958862, -0.6416463255882263, -0.6079721450805664, -0.5742979645729065, -0.5406237840652466, -0.5069496035575867, -0.47327542304992676, -0.43960124254226685, -0.40592706203460693, -0.372252881526947, -0.3385787010192871, -0.3049045205116272, -0.2712303400039673, -0.23755615949630737, -0.20388197898864746, -0.17020779848098755, -0.13653361797332764, -0.10285943746566772, -0.06918525695800781, -0.0355110764503479, -0.0018368959426879883, 0.031837284564971924, 0.06551146507263184, 0.09918564558029175, 0.13285982608795166, 0.16653400659561157, 0.20020818710327148, 0.2338823676109314, 0.2675565481185913, 0.3012307286262512, 0.33490490913391113, 0.36857908964157104, 0.40225327014923096, 0.43592745065689087, 0.4696016311645508, 0.5032758116722107, 0.5369499921798706, 0.5706241726875305, 0.6042983531951904, 0.6379725337028503, 0.6716467142105103, 0.7053208947181702, 0.7389950752258301, 0.77266925573349, 0.8063434362411499, 0.8400176167488098, 0.8736917972564697, 0.9073659777641296, 0.9410401582717896, 0.9747143387794495, 1.0083885192871094]}, "parameters/value_func.nn.0.bias": {"_type": "histogram", "values": [2.0, 0.0, 0.0, 1.0, 1.0, 3.0, 1.0, 3.0, 2.0, 8.0, 6.0, 7.0, 5.0, 3.0, 0.0, 3.0, 2.0, 6.0, 1.0, 2.0, 0.0, 2.0, 2.0, 0.0, 0.0, 1.0, 0.0, 0.0, 0.0, 3.0, 0.0, 1.0, 1.0, 1.0, 0.0, 3.0, 2.0, 0.0, 1.0, 1.0, 1.0, 4.0, 2.0, 0.0, 5.0, 2.0, 3.0, 3.0, 3.0, 5.0, 0.0, 2.0, 2.0, 0.0, 1.0, 5.0, 2.0, 4.0, 2.0, 1.0, 1.0, 0.0, 4.0, 2.0], "bins": [-0.32306942343711853, -0.30617865920066833, -0.2892879247665405, -0.27239716053009033, -0.25550639629364014, -0.23861563205718994, -0.22172488272190094, -0.20483413338661194, -0.18794336915016174, -0.17105260491371155, -0.15416185557842255, -0.13727110624313354, -0.12038034200668335, -0.10348958522081375, -0.08659882843494415, -0.06970807164907455, -0.052817314863204956, -0.03592655807733536, -0.01903580129146576, -0.002145044505596161, 0.014745712280273438, 0.031636469066143036, 0.048527225852012634, 0.06541798263788223, 0.08230873942375183, 0.09919949620962143, 0.11609025299549103, 0.13298100233078003, 0.14987176656723022, 0.16676253080368042, 0.18365328013896942, 0.20054402947425842, 0.217434823513031, 0.2343255877494812, 0.2512163519859314, 0.2681070864200592, 0.2849978506565094, 0.3018886148929596, 0.3187793493270874, 0.3356701135635376, 0.3525608777999878, 0.369451642036438, 0.3863424062728882, 0.403233140707016, 0.4201239049434662, 0.4370146691799164, 0.4539054036140442, 0.4707961678504944, 0.4876869320869446, 0.5045776963233948, 0.521468460559845, 0.5383592247962952, 0.5552499294281006, 0.5721406936645508, 0.589031457901001, 0.6059222221374512, 0.6228129863739014, 0.6397037506103516, 0.6565945148468018, 0.673485279083252, 0.6903760433197021, 0.7072667479515076, 0.7241575121879578, 0.741048276424408, 0.7579390406608582]}, "parameters/value_func.nn.2.weight": {"_type": "histogram", "values": [3.0, 0.0, 2.0, 2.0, 1.0, 0.0, 3.0, 0.0, 2.0, 5.0, 4.0, 6.0, 2.0, 4.0, 6.0, 2.0, 7.0, 4.0, 3.0, 3.0, 5.0, 1.0, 0.0, 1.0, 0.0, 3.0, 0.0, 2.0, 2.0, 3.0, 1.0, 1.0, 3.0, 1.0, 2.0, 2.0, 3.0, 2.0, 2.0, 1.0, 3.0, 2.0, 1.0, 0.0, 2.0, 2.0, 1.0, 2.0, 5.0, 1.0, 6.0, 0.0, 3.0, 0.0, 0.0, 1.0, 0.0, 1.0, 1.0, 1.0, 0.0, 0.0, 1.0, 1.0], "bins": [-0.7885727882385254, -0.7641916275024414, -0.7398104667663574, -0.7154293656349182, -0.6910482048988342, -0.6666670441627502, -0.642285943031311, -0.617904782295227, -0.5935236215591431, -0.5691424608230591, -0.5447613000869751, -0.5203801989555359, -0.4959990382194519, -0.4716178774833679, -0.4472367465496063, -0.4228556156158447, -0.39847445487976074, -0.37409329414367676, -0.34971216320991516, -0.32533103227615356, -0.3009498715400696, -0.2765687108039856, -0.252187579870224, -0.2278064340353012, -0.20342528820037842, -0.17904414236545563, -0.15466299653053284, -0.13028185069561005, -0.10590070486068726, -0.08151955902576447, -0.057138413190841675, -0.032757267355918884, -0.00837618112564087, 0.01600496470928192, 0.04038611054420471, 0.0647672563791275, 0.08914840221405029, 0.11352954804897308, 0.13791069388389587, 0.16229183971881866, 0.18667298555374146, 0.21105413138866425, 0.23543527722358704, 0.25981640815734863, 0.2841975688934326, 0.3085787296295166, 0.3329598605632782, 0.3573409914970398, 0.3817221522331238, 0.40610331296920776, 0.43048444390296936, 0.45486557483673096, 0.47924673557281494, 0.5036278963088989, 0.5280090570449829, 0.5523901581764221, 0.5767713189125061, 0.6011524796485901, 0.6255335807800293, 0.6499147415161133, 0.6742959022521973, 0.6986770629882812, 0.7230582237243652, 0.7474393248558044, 0.7718204855918884]}, "parameters/value_func.nn.2.bias": {"_type": "histogram", "values": [0.0, 0.0, 0.0, 0.0, 0.0, 0.0, 0.0, 0.0, 0.0, 0.0, 0.0, 0.0, 0.0, 0.0, 0.0, 0.0, 0.0, 0.0, 0.0, 0.0, 0.0, 0.0, 0.0, 0.0, 0.0, 0.0, 0.0, 0.0, 0.0, 0.0, 0.0, 0.0, 1.0, 0.0, 0.0, 0.0, 0.0, 0.0, 0.0, 0.0, 0.0, 0.0, 0.0, 0.0, 0.0, 0.0, 0.0, 0.0, 0.0, 0.0, 0.0, 0.0, 0.0, 0.0, 0.0, 0.0, 0.0, 0.0, 0.0, 0.0, 0.0, 0.0, 0.0, 0.0], "bins": [-0.39424920082092285, -0.39424920082092285, -0.39424920082092285, -0.39424920082092285, -0.39424920082092285, -0.39424920082092285, -0.39424920082092285, -0.39424920082092285, -0.39424920082092285, -0.39424920082092285, -0.39424920082092285, -0.39424920082092285, -0.39424920082092285, -0.39424920082092285, -0.39424920082092285, -0.39424920082092285, -0.39424920082092285, -0.39424920082092285, -0.39424920082092285, -0.39424920082092285, -0.39424920082092285, -0.39424920082092285, -0.39424920082092285, -0.39424920082092285, -0.39424920082092285, -0.39424920082092285, -0.39424920082092285, -0.39424920082092285, -0.39424920082092285, -0.39424920082092285, -0.39424920082092285, -0.39424920082092285, -0.39424920082092285, -0.39424920082092285, -0.39424920082092285, -0.39424920082092285, -0.39424920082092285, -0.39424920082092285, -0.39424920082092285, -0.39424920082092285, -0.39424920082092285, -0.39424920082092285, -0.39424920082092285, -0.39424920082092285, -0.39424920082092285, -0.39424920082092285, -0.39424920082092285, -0.39424920082092285, -0.39424920082092285, -0.39424920082092285, -0.39424920082092285, -0.39424920082092285, -0.39424920082092285, -0.39424920082092285, -0.39424920082092285, -0.39424920082092285, -0.39424920082092285, -0.39424920082092285, -0.39424920082092285, -0.39424920082092285, -0.39424920082092285, -0.39424920082092285, -0.39424920082092285, -0.39424920082092285, -0.39424920082092285]}, "_wandb": {"runtime": 1311}}