{"epoch": 1, "loss": 442058016.0, "_timestamp": 1678381128.1697633, "_runtime": 5.336848258972168, "_step": 0, "_wandb": {"runtime": 4}}