{"epoch": 251, "loss": 12404233.0, "_timestamp": 1678376081.2454236, "_runtime": 546.9265055656433, "_step": 250, "parameters/value_func.nn.0.weight": {"_type": "histogram", "values": [1.0, 0.0, 0.0, 0.0, 0.0, 1.0, 0.0, 0.0, 3.0, 5.0, 2.0, 8.0, 5.0, 1.0, 6.0, 6.0, 4.0, 8.0, 9.0, 11.0, 7.0, 11.0, 4.0, 6.0, 9.0, 7.0, 10.0, 12.0, 12.0, 25.0, 16.0, 21.0, 12.0, 18.0, 28.0, 33.0, 39.0, 29.0, 31.0, 40.0, 28.0, 28.0, 16.0, 10.0, 17.0, 12.0, 9.0, 10.0, 8.0, 8.0, 8.0, 14.0, 8.0, 9.0, 2.0, 3.0, 3.0, 4.0, 1.0, 0.0, 1.0, 0.0, 0.0, 1.0], "bins": [-1.0424556732177734, -1.0150865316390991, -0.9877174496650696, -0.96034836769104, -0.9329792261123657, -0.9056101441383362, -0.8782410621643066, -0.8508719205856323, -0.8235028386116028, -0.7961337566375732, -0.7687646150588989, -0.7413955330848694, -0.7140264511108398, -0.6866573095321655, -0.659288227558136, -0.6319191455841064, -0.6045500040054321, -0.5771809220314026, -0.5498117804527283, -0.5224426984786987, -0.4950735867023468, -0.4677044749259949, -0.44033539295196533, -0.4129662811756134, -0.3855971693992615, -0.35822805762290955, -0.3308589458465576, -0.3034898638725281, -0.27612075209617615, -0.24875164031982422, -0.22138254344463348, -0.19401344656944275, -0.16664427518844604, -0.13927516341209412, -0.11190606653690338, -0.08453696221113205, -0.05716785788536072, -0.02979874610900879, -0.002429649233818054, 0.02493944764137268, 0.05230855941772461, 0.07967766374349594, 0.10704676806926727, 0.134415864944458, 0.16178497672080994, 0.18915408849716187, 0.2165231853723526, 0.24389228224754333, 0.27126139402389526, 0.2986305058002472, 0.3259996175765991, 0.35336869955062866, 0.3807378113269806, 0.4081069231033325, 0.43547600507736206, 0.462845116853714, 0.4902142286300659, 0.5175833106040955, 0.5449524521827698, 0.5723215341567993, 0.5996906757354736, 0.6270597577095032, 0.6544288396835327, 0.681797981262207, 0.7091670632362366]}, "parameters/value_func.nn.0.bias": {"_type": "histogram", "values": [4.0, 2.0, 2.0, 3.0, 5.0, 8.0, 2.0, 6.0, 3.0, 6.0, 4.0, 3.0, 0.0, 2.0, 3.0, 2.0, 1.0, 1.0, 2.0, 2.0, 0.0, 0.0, 0.0, 0.0, 0.0, 0.0, 0.0, 0.0, 1.0, 0.0, 0.0, 1.0, 0.0, 1.0, 2.0, 0.0, 1.0, 2.0, 1.0, 1.0, 1.0, 4.0, 1.0, 2.0, 2.0, 1.0, 5.0, 3.0, 5.0, 2.0, 2.0, 4.0, 3.0, 4.0, 2.0, 3.0, 2.0, 1.0, 2.0, 3.0, 2.0, 1.0, 0.0, 2.0], "bins": [-0.2253485918045044, -0.2103724479675293, -0.1953963041305542, -0.1804201602935791, -0.1654440015554428, -0.1504678577184677, -0.13549171388149261, -0.12051556259393692, -0.10553941875696182, -0.09056327491998672, -0.07558712363243103, -0.06061097979545593, -0.045634832233190536, -0.03065868467092514, -0.015682540833950043, -0.0007063895463943481, 0.01426975429058075, 0.029245901852846146, 0.04422204941511154, 0.05919819325208664, 0.07417434453964233, 0.08915048837661743, 0.10412663221359253, 0.11910278350114822, 0.13407891988754272, 0.14905506372451782, 0.16403120756149292, 0.17900735139846802, 0.1939835101366043, 0.2089596539735794, 0.2239357978105545, 0.2389119565486908, 0.2538881003856659, 0.268864244222641, 0.2838403880596161, 0.2988165318965912, 0.3137926757335663, 0.32876884937286377, 0.34374499320983887, 0.35872113704681396, 0.37369728088378906, 0.38867342472076416, 0.40364956855773926, 0.41862571239471436, 0.43360185623168945, 0.44857800006866455, 0.46355414390563965, 0.47853031754493713, 0.49350643157958984, 0.5084825754165649, 0.52345871925354, 0.5384348630905151, 0.5534110069274902, 0.5683871507644653, 0.5833632946014404, 0.5983394384384155, 0.6133156418800354, 0.6282917857170105, 0.6432679295539856, 0.6582440733909607, 0.6732202172279358, 0.6881963610649109, 0.703172504901886, 0.7181486487388611, 0.7331247925758362]}, "parameters/value_func.nn.2.weight": {"_type": "histogram", "values": [2.0, 1.0, 1.0, 1.0, 0.0, 0.0, 1.0, 6.0, 3.0, 4.0, 2.0, 3.0, 6.0, 2.0, 4.0, 5.0, 2.0, 4.0, 2.0, 3.0, 1.0, 6.0, 3.0, 2.0, 1.0, 0.0, 1.0, 0.0, 1.0, 1.0, 2.0, 0.0, 3.0, 1.0, 1.0, 3.0, 4.0, 1.0, 2.0, 2.0, 3.0, 3.0, 3.0, 0.0, 2.0, 2.0, 4.0, 1.0, 2.0, 2.0, 0.0, 4.0, 3.0, 2.0, 2.0, 1.0, 0.0, 0.0, 3.0, 1.0, 1.0, 0.0, 1.0, 1.0], "bins": [-0.7809317708015442, -0.7596378326416016, -0.7383438944816589, -0.7170499563217163, -0.6957560777664185, -0.6744621396064758, -0.6531682014465332, -0.6318742632865906, -0.610580325126648, -0.5892863869667053, -0.5679924488067627, -0.5466985702514648, -0.5254046320915222, -0.5041106939315796, -0.48281675577163696, -0.46152281761169434, -0.4402289390563965, -0.41893500089645386, -0.3976410925388336, -0.376347154378891, -0.35505324602127075, -0.3337593078613281, -0.3124653697013855, -0.29117143154144287, -0.26987752318382263, -0.2485835999250412, -0.22728967666625977, -0.20599573850631714, -0.1847018152475357, -0.16340789198875427, -0.14211395382881165, -0.12082003057003021, -0.099526047706604, -0.07823212444782257, -0.05693819373846054, -0.03564426302909851, -0.014350339770317078, 0.0069435834884643555, 0.028237521648406982, 0.049531444907188416, 0.07082536816596985, 0.09211929142475128, 0.11341322213411331, 0.13470715284347534, 0.15600107610225677, 0.1772949993610382, 0.19858893752098083, 0.21988286077976227, 0.2411767840385437, 0.26247072219848633, 0.28376463055610657, 0.3050585687160492, 0.32635247707366943, 0.34764641523361206, 0.3689403533935547, 0.3902342915534973, 0.41152819991111755, 0.4328221380710602, 0.4541160464286804, 0.47540998458862305, 0.4967039227485657, 0.5179978609085083, 0.5392917394638062, 0.5605856776237488, 0.5818796157836914]}, "parameters/value_func.nn.2.bias": {"_type": "histogram", "values": [0.0, 0.0, 0.0, 0.0, 0.0, 0.0, 0.0, 0.0, 0.0, 0.0, 0.0, 0.0, 0.0, 0.0, 0.0, 0.0, 0.0, 0.0, 0.0, 0.0, 0.0, 0.0, 0.0, 0.0, 0.0, 0.0, 0.0, 0.0, 0.0, 0.0, 0.0, 0.0, 1.0, 0.0, 0.0, 0.0, 0.0, 0.0, 0.0, 0.0, 0.0, 0.0, 0.0, 0.0, 0.0, 0.0, 0.0, 0.0, 0.0, 0.0, 0.0, 0.0, 0.0, 0.0, 0.0, 0.0, 0.0, 0.0, 0.0, 0.0, 0.0, 0.0, 0.0, 0.0], "bins": [-0.3882456123828888, -0.3882456123828888, -0.3882456123828888, -0.3882456123828888, -0.3882456123828888, -0.3882456123828888, -0.3882456123828888, -0.3882456123828888, -0.3882456123828888, -0.3882456123828888, -0.3882456123828888, -0.3882456123828888, -0.3882456123828888, -0.3882456123828888, -0.3882456123828888, -0.3882456123828888, -0.3882456123828888, -0.3882456123828888, -0.3882456123828888, -0.3882456123828888, -0.3882456123828888, -0.3882456123828888, -0.3882456123828888, -0.3882456123828888, -0.3882456123828888, -0.3882456123828888, -0.3882456123828888, -0.3882456123828888, -0.3882456123828888, -0.3882456123828888, -0.3882456123828888, -0.3882456123828888, -0.3882456123828888, -0.3882456123828888, -0.3882456123828888, -0.3882456123828888, -0.3882456123828888, -0.3882456123828888, -0.3882456123828888, -0.3882456123828888, -0.3882456123828888, -0.3882456123828888, -0.3882456123828888, -0.3882456123828888, -0.3882456123828888, -0.3882456123828888, -0.3882456123828888, -0.3882456123828888, -0.3882456123828888, -0.3882456123828888, -0.3882456123828888, -0.3882456123828888, -0.3882456123828888, -0.3882456123828888, -0.3882456123828888, -0.3882456123828888, -0.3882456123828888, -0.3882456123828888, -0.3882456123828888, -0.3882456123828888, -0.3882456123828888, -0.3882456123828888, -0.3882456123828888, -0.3882456123828888, -0.3882456123828888]}, "_wandb": {"runtime": 551}}