{"epoch": 5, "loss": 3007772928.0, "_timestamp": 1678806146.7245913, "_runtime": 10.471798181533813, "_step": 3, "parameters/value_func.nn.0.weight": {"_type": "histogram", "values": [1.0, 0.0, 0.0, 1.0, 0.0, 1.0, 1.0, 0.0, 1.0, 1.0, 4.0, 2.0, 3.0, 4.0, 6.0, 2.0, 5.0, 8.0, 7.0, 10.0, 11.0, 6.0, 19.0, 18.0, 24.0, 19.0, 24.0, 27.0, 22.0, 23.0, 25.0, 29.0, 15.0, 25.0, 31.0, 29.0, 21.0, 18.0, 23.0, 13.0, 22.0, 23.0, 23.0, 12.0, 15.0, 8.0, 7.0, 8.0, 8.0, 11.0, 4.0, 6.0, 2.0, 2.0, 2.0, 1.0, 0.0, 2.0, 0.0, 1.0, 1.0, 1.0, 1.0, 1.0], "bins": [-0.4205622673034668, -0.4075389802455902, -0.3945156931877136, -0.38149240612983704, -0.36846911907196045, -0.3554458022117615, -0.3424225151538849, -0.3293992280960083, -0.3163759410381317, -0.3033526539802551, -0.29032936692237854, -0.27730607986450195, -0.264282763004303, -0.2512595057487488, -0.2382361888885498, -0.22521290183067322, -0.21218961477279663, -0.19916632771492004, -0.18614304065704346, -0.17311973869800568, -0.1600964516401291, -0.1470731645822525, -0.13404986262321472, -0.12102657556533813, -0.10800328850746155, -0.09498000144958496, -0.08195670694112778, -0.0689334124326706, -0.055910125374794006, -0.04288683831691742, -0.029863543808460236, -0.016840249300003052, -0.0038169920444488525, 0.009206298738718033, 0.022229589521884918, 0.035252880305051804, 0.04827617108821869, 0.061299458146095276, 0.07432275265455246, 0.08734604716300964, 0.10036933422088623, 0.11339262127876282, 0.1264159083366394, 0.13943921029567719, 0.15246249735355377, 0.16548578441143036, 0.17850908637046814, 0.19153237342834473, 0.2045556604862213, 0.2175789475440979, 0.2306022346019745, 0.24362553656101227, 0.25664883852005005, 0.26967209577560425, 0.2826954126358032, 0.2957186996936798, 0.3087419867515564, 0.321765273809433, 0.33478856086730957, 0.34781184792518616, 0.36083513498306274, 0.3738584518432617, 0.3868817389011383, 0.3999050259590149, 0.4129283130168915]}, "parameters/value_func.nn.0.bias": {"_type": "histogram", "values": [38.0, 10.0, 3.0, 1.0, 1.0, 1.0, 1.0, 0.0, 1.0, 1.0, 1.0, 0.0, 0.0, 0.0, 0.0, 0.0, 0.0, 0.0, 0.0, 0.0, 0.0, 0.0, 0.0, 1.0, 0.0, 0.0, 0.0, 0.0, 1.0, 0.0, 0.0, 0.0, 0.0, 0.0, 1.0, 1.0, 0.0, 0.0, 1.0, 0.0, 0.0, 0.0, 0.0, 0.0, 0.0, 0.0, 0.0, 0.0, 0.0, 0.0, 1.0, 0.0, 1.0, 1.0, 0.0, 0.0, 0.0, 2.0, 1.0, 2.0, 1.0, 4.0, 9.0, 43.0], "bins": [-0.03004608303308487, -0.02910720929503441, -0.028168337419629097, -0.027229465544223785, -0.026290591806173325, -0.025351718068122864, -0.024412846192717552, -0.02347397431731224, -0.02253510057926178, -0.02159622684121132, -0.020657354965806007, -0.019718483090400696, -0.018779609352350235, -0.017840735614299774, -0.016901863738894463, -0.01596299186348915, -0.01502411812543869, -0.014085245318710804, -0.013146372511982918, -0.012207499705255032, -0.011268626898527145, -0.01032975409179926, -0.009390881285071373, -0.008452008478343487, -0.007513135671615601, -0.006574262864887714, -0.005635390058159828, -0.004696517251431942, -0.003757644444704056, -0.0028187716379761696, -0.0018798988312482834, -0.0009410260245203972, -2.1532177925109863e-06, 0.0009367195889353752, 0.0018755923956632614, 0.0028144652023911476, 0.003753338009119034, 0.00469221081584692, 0.005631083622574806, 0.006569956429302692, 0.007508829236030579, 0.008447702042758465, 0.009386574849486351, 0.010325447656214237, 0.011264320462942123, 0.01220319326967001, 0.013142066076397896, 0.014080938883125782, 0.015019811689853668, 0.01595868542790413, 0.01689755730330944, 0.017836429178714752, 0.018775302916765213, 0.019714176654815674, 0.020653048530220985, 0.021591920405626297, 0.022530794143676758, 0.02346966788172722, 0.02440853975713253, 0.025347411632537842, 0.026286285370588303, 0.027225159108638763, 0.028164030984044075, 0.029102902859449387, 0.030041776597499847]}, "parameters/value_func.nn.2.weight": {"_type": "histogram", "values": [1.0, 1.0, 0.0, 0.0, 0.0, 1.0, 0.0, 2.0, 0.0, 3.0, 1.0, 5.0, 1.0, 6.0, 1.0, 2.0, 5.0, 2.0, 4.0, 4.0, 3.0, 3.0, 4.0, 5.0, 4.0, 5.0, 2.0, 2.0, 4.0, 1.0, 3.0, 5.0, 5.0, 3.0, 5.0, 7.0, 3.0, 0.0, 3.0, 1.0, 2.0, 0.0, 3.0, 2.0, 2.0, 1.0, 1.0, 3.0, 2.0, 1.0, 1.0, 1.0, 0.0, 0.0, 0.0, 0.0, 0.0, 0.0, 0.0, 0.0, 0.0, 0.0, 1.0, 1.0], "bins": [-0.3005267381668091, -0.29050660133361816, -0.28048643469810486, -0.27046629786491394, -0.260446161031723, -0.2504259943962097, -0.2404058575630188, -0.23038572072982788, -0.22036556899547577, -0.21034541726112366, -0.20032528042793274, -0.19030512869358063, -0.18028497695922852, -0.1702648401260376, -0.16024468839168549, -0.15022453665733337, -0.14020439982414246, -0.13018424808979034, -0.12016411125659943, -0.11014395952224731, -0.1001238152384758, -0.09010367095470428, -0.08008351922035217, -0.07006337493658066, -0.06004323065280914, -0.05002308636903763, -0.040002938359975815, -0.02998279221355915, -0.019962646067142487, -0.009942501783370972, 7.764622569084167e-05, 0.010097794234752655, 0.020117908716201782, 0.030138054862618446, 0.04015820100903511, 0.050178349018096924, 0.06019849330186844, 0.07021863758563995, 0.08023878931999207, 0.09025893360376358, 0.1002790778875351, 0.11029922217130661, 0.12031936645507812, 0.13033951818943024, 0.14035966992378235, 0.15037980675697327, 0.16039995849132538, 0.1704201102256775, 0.1804402470588684, 0.19046039879322052, 0.20048053562641144, 0.21050068736076355, 0.22052082419395447, 0.23054097592830658, 0.2405611276626587, 0.2505812644958496, 0.2606014013290405, 0.27062153816223145, 0.28064170479774475, 0.29066184163093567, 0.3006819784641266, 0.3107021450996399, 0.3207222819328308, 0.33074241876602173, 0.34076258540153503]}, "parameters/value_func.nn.2.bias": {"_type": "histogram", "values": [0.0, 0.0, 0.0, 0.0, 0.0, 0.0, 0.0, 0.0, 0.0, 0.0, 0.0, 0.0, 0.0, 0.0, 0.0, 0.0, 0.0, 0.0, 0.0, 0.0, 0.0, 0.0, 0.0, 0.0, 0.0, 0.0, 0.0, 0.0, 0.0, 0.0, 0.0, 0.0, 1.0, 0.0, 0.0, 0.0, 0.0, 0.0, 0.0, 0.0, 0.0, 0.0, 0.0, 0.0, 0.0, 0.0, 0.0, 0.0, 0.0, 0.0, 0.0, 0.0, 0.0, 0.0, 0.0, 0.0, 0.0, 0.0, 0.0, 0.0, 0.0, 0.0, 0.0, 0.0], "bins": [-0.029694437980651855, -0.029694437980651855, -0.029694437980651855, -0.029694437980651855, -0.029694437980651855, -0.029694437980651855, -0.029694437980651855, -0.029694437980651855, -0.029694437980651855, -0.029694437980651855, -0.029694437980651855, -0.029694437980651855, -0.029694437980651855, -0.029694437980651855, -0.029694437980651855, -0.029694437980651855, -0.029694437980651855, -0.029694437980651855, -0.029694437980651855, -0.029694437980651855, -0.029694437980651855, -0.029694437980651855, -0.029694437980651855, -0.029694437980651855, -0.029694437980651855, -0.029694437980651855, -0.029694437980651855, -0.029694437980651855, -0.029694437980651855, -0.029694437980651855, -0.029694437980651855, -0.029694437980651855, -0.029694437980651855, -0.029694437980651855, -0.029694437980651855, -0.029694437980651855, -0.029694437980651855, -0.029694437980651855, -0.029694437980651855, -0.029694437980651855, -0.029694437980651855, -0.029694437980651855, -0.029694437980651855, -0.029694437980651855, -0.029694437980651855, -0.029694437980651855, -0.029694437980651855, -0.029694437980651855, -0.029694437980651855, -0.029694437980651855, -0.029694437980651855, -0.029694437980651855, -0.029694437980651855, -0.029694437980651855, -0.029694437980651855, -0.029694437980651855, -0.029694437980651855, -0.029694437980651855, -0.029694437980651855, -0.029694437980651855, -0.029694437980651855, -0.029694437980651855, -0.029694437980651855, -0.029694437980651855, -0.029694437980651855]}, "_wandb": {"runtime": 10}}