{"epoch": 115, "loss": 116257752.0, "_timestamp": 1678802689.4608624, "_runtime": 414.7791714668274, "_step": 114, "parameters/value_func.nn.0.weight": {"_type": "histogram", "values": [3.0, 2.0, 0.0, 1.0, 0.0, 2.0, 3.0, 4.0, 3.0, 4.0, 12.0, 9.0, 11.0, 12.0, 5.0, 9.0, 9.0, 10.0, 10.0, 10.0, 11.0, 17.0, 10.0, 10.0, 14.0, 16.0, 12.0, 20.0, 12.0, 19.0, 21.0, 25.0, 25.0, 31.0, 25.0, 17.0, 20.0, 20.0, 14.0, 12.0, 17.0, 15.0, 10.0, 5.0, 13.0, 14.0, 6.0, 14.0, 12.0, 5.0, 9.0, 6.0, 2.0, 4.0, 7.0, 8.0, 4.0, 9.0, 4.0, 2.0, 2.0, 1.0, 0.0, 1.0], "bins": [-0.6162422895431519, -0.5973403453826904, -0.5784383416175842, -0.5595363974571228, -0.5406343936920166, -0.5217324495315552, -0.5028305053710938, -0.48392850160598755, -0.4650265574455261, -0.4461245834827423, -0.4272226095199585, -0.40832066535949707, -0.38941869139671326, -0.37051671743392944, -0.35161474347114563, -0.3327127695083618, -0.313810795545578, -0.2949088215827942, -0.2760068476200104, -0.25710487365722656, -0.23820292949676514, -0.21930095553398132, -0.2003989815711975, -0.1814970225095749, -0.16259504854679108, -0.14369307458400726, -0.12479111552238464, -0.10588914155960083, -0.08698717504739761, -0.0680852085351944, -0.049183234572410583, -0.030281275510787964, -0.01137930154800415, 0.007522666826844215, 0.02642463520169258, 0.045326605439186096, 0.06422857195138931, 0.08313053846359253, 0.10203251242637634, 0.12093447148799896, 0.13983644545078278, 0.1587384194135666, 0.1776403784751892, 0.19654235243797302, 0.21544432640075684, 0.23434628546237946, 0.25324827432632446, 0.2721502184867859, 0.2910521924495697, 0.3099541664123535, 0.32885614037513733, 0.34775811433792114, 0.36666005849838257, 0.3855620324611664, 0.4044640064239502, 0.4233659505844116, 0.4422679543495178, 0.46116992831230164, 0.48007190227508545, 0.4989738464355469, 0.5178758502006531, 0.5367777943611145, 0.5556797981262207, 0.5745817422866821, 0.5934836864471436]}, "parameters/value_func.nn.0.bias": {"_type": "histogram", "values": [1.0, 1.0, 0.0, 0.0, 0.0, 0.0, 0.0, 0.0, 0.0, 2.0, 2.0, 1.0, 0.0, 2.0, 2.0, 3.0, 6.0, 0.0, 1.0, 2.0, 3.0, 6.0, 5.0, 4.0, 3.0, 2.0, 2.0, 3.0, 5.0, 5.0, 2.0, 5.0, 2.0, 2.0, 3.0, 1.0, 1.0, 3.0, 4.0, 4.0, 0.0, 1.0, 3.0, 1.0, 3.0, 2.0, 4.0, 3.0, 2.0, 4.0, 4.0, 2.0, 0.0, 1.0, 3.0, 2.0, 1.0, 0.0, 2.0, 0.0, 0.0, 0.0, 1.0, 1.0], "bins": [-0.3660583794116974, -0.3575935959815979, -0.3491288125514984, -0.3406640291213989, -0.33219924569129944, -0.32373446226119995, -0.31526967883110046, -0.306804895401001, -0.2983401417732239, -0.2898753583431244, -0.2814105749130249, -0.2729457914829254, -0.2644810080528259, -0.25601622462272644, -0.24755145609378815, -0.23908667266368866, -0.23062187433242798, -0.2221570909023285, -0.213692307472229, -0.20522752404212952, -0.19676274061203003, -0.18829795718193054, -0.17983318865299225, -0.17136840522289276, -0.16290362179279327, -0.1544388383626938, -0.1459740549325943, -0.1375092715024948, -0.12904450297355652, -0.12057971209287643, -0.11211493611335754, -0.10365015268325806, -0.09518538415431976, -0.08672060072422028, -0.07825581729412079, -0.0697910413146019, -0.06132625788450241, -0.052861474454402924, -0.044396694749593735, -0.035931915044784546, -0.02746713161468506, -0.01900235004723072, -0.010537568479776382, -0.0020727869123220444, 0.006391994655132294, 0.014856778085231781, 0.02332155779004097, 0.03178633749485016, 0.040251120924949646, 0.04871590435504913, 0.05718068405985832, 0.06564546376466751, 0.074110247194767, 0.08257503062486649, 0.09103980660438538, 0.09950459003448486, 0.10796937346458435, 0.11643415689468384, 0.12489894032478333, 0.1333637237548828, 0.1418285071849823, 0.1502932906150818, 0.15875805914402008, 0.16722284257411957, 0.17568762600421906]}, "parameters/value_func.nn.2.weight": {"_type": "histogram", "values": [3.0, 3.0, 7.0, 4.0, 8.0, 4.0, 4.0, 10.0, 3.0, 9.0, 2.0, 4.0, 5.0, 2.0, 3.0, 2.0, 1.0, 0.0, 0.0, 0.0, 1.0, 0.0, 0.0, 1.0, 1.0, 2.0, 1.0, 0.0, 1.0, 1.0, 1.0, 4.0, 1.0, 0.0, 1.0, 3.0, 0.0, 1.0, 1.0, 2.0, 2.0, 5.0, 1.0, 5.0, 2.0, 1.0, 0.0, 2.0, 4.0, 0.0, 3.0, 3.0, 0.0, 0.0, 0.0, 0.0, 1.0, 0.0, 0.0, 0.0, 1.0, 1.0, 0.0, 1.0], "bins": [-0.5025410056114197, -0.48602497577667236, -0.46950897574424744, -0.4529929459095001, -0.4364769458770752, -0.4199609160423279, -0.40344488620758057, -0.38692885637283325, -0.3704128563404083, -0.353896826505661, -0.3373808264732361, -0.32086479663848877, -0.30434876680374146, -0.28783276677131653, -0.2713167369365692, -0.2548007369041443, -0.23828470706939697, -0.22176869213581085, -0.20525267720222473, -0.18873664736747742, -0.1722206324338913, -0.15570461750030518, -0.13918858766555786, -0.12267257273197174, -0.10615655779838562, -0.0896405428647995, -0.07312452048063278, -0.05660850182175636, -0.040092483162879944, -0.023576468229293823, -0.007060445845127106, 0.009455576539039612, 0.025971591472625732, 0.04248761013150215, 0.05900362879037857, 0.07551965117454529, 0.09203566610813141, 0.10855168104171753, 0.12506771087646484, 0.14158372581005096, 0.15809974074363708, 0.1746157556772232, 0.19113177061080933, 0.20764780044555664, 0.22416381537914276, 0.24067983031272888, 0.2571958601474762, 0.2737118601799011, 0.29022789001464844, 0.30674391984939575, 0.3232599198818207, 0.339775949716568, 0.3562919497489929, 0.37280797958374023, 0.38932400941848755, 0.40584003925323486, 0.4223560392856598, 0.4388720691204071, 0.45538806915283203, 0.47190409898757935, 0.48842012882232666, 0.5049360990524292, 0.5214521288871765, 0.5379681587219238, 0.5544841885566711]}, "parameters/value_func.nn.2.bias": {"_type": "histogram", "values": [0.0, 0.0, 0.0, 0.0, 0.0, 0.0, 0.0, 0.0, 0.0, 0.0, 0.0, 0.0, 0.0, 0.0, 0.0, 0.0, 0.0, 0.0, 0.0, 0.0, 0.0, 0.0, 0.0, 0.0, 0.0, 0.0, 0.0, 0.0, 0.0, 0.0, 0.0, 0.0, 1.0, 0.0, 0.0, 0.0, 0.0, 0.0, 0.0, 0.0, 0.0, 0.0, 0.0, 0.0, 0.0, 0.0, 0.0, 0.0, 0.0, 0.0, 0.0, 0.0, 0.0, 0.0, 0.0, 0.0, 0.0, 0.0, 0.0, 0.0, 0.0, 0.0, 0.0, 0.0], "bins": [0.03286674991250038, 0.03286674991250038, 0.03286674991250038, 0.03286674991250038, 0.03286674991250038, 0.03286674991250038, 0.03286674991250038, 0.03286674991250038, 0.03286674991250038, 0.03286674991250038, 0.03286674991250038, 0.03286674991250038, 0.03286674991250038, 0.03286674991250038, 0.03286674991250038, 0.03286674991250038, 0.03286674991250038, 0.03286674991250038, 0.03286674991250038, 0.03286674991250038, 0.03286674991250038, 0.03286674991250038, 0.03286674991250038, 0.03286674991250038, 0.03286674991250038, 0.03286674991250038, 0.03286674991250038, 0.03286674991250038, 0.03286674991250038, 0.03286674991250038, 0.03286674991250038, 0.03286674991250038, 0.03286674991250038, 0.03286674991250038, 0.03286674991250038, 0.03286674991250038, 0.03286674991250038, 0.03286674991250038, 0.03286674991250038, 0.03286674991250038, 0.03286674991250038, 0.03286674991250038, 0.03286674991250038, 0.03286674991250038, 0.03286674991250038, 0.03286674991250038, 0.03286674991250038, 0.03286674991250038, 0.03286674991250038, 0.03286674991250038, 0.03286674991250038, 0.03286674991250038, 0.03286674991250038, 0.03286674991250038, 0.03286674991250038, 0.03286674991250038, 0.03286674991250038, 0.03286674991250038, 0.03286674991250038, 0.03286674991250038, 0.03286674991250038, 0.03286674991250038, 0.03286674991250038, 0.03286674991250038, 0.03286674991250038]}, "_wandb": {"runtime": 414}}