{"epoch": 37, "loss": 252274896.0, "_timestamp": 1678381899.1759799, "_runtime": 147.3341028690338, "_step": 36, "parameters/value_func.nn.0.weight": {"_type": "histogram", "values": [1.0, 2.0, 3.0, 2.0, 0.0, 0.0, 1.0, 1.0, 2.0, 3.0, 3.0, 2.0, 4.0, 5.0, 2.0, 2.0, 6.0, 4.0, 6.0, 8.0, 5.0, 9.0, 8.0, 6.0, 12.0, 10.0, 17.0, 17.0, 23.0, 30.0, 31.0, 34.0, 44.0, 38.0, 38.0, 33.0, 29.0, 25.0, 26.0, 13.0, 23.0, 12.0, 13.0, 10.0, 7.0, 9.0, 13.0, 7.0, 5.0, 6.0, 4.0, 8.0, 6.0, 1.0, 0.0, 2.0, 3.0, 0.0, 1.0, 0.0, 2.0, 2.0, 0.0, 1.0], "bins": [-1.1918718814849854, -1.1563620567321777, -1.1208521127700806, -1.085342288017273, -1.0498323440551758, -1.0143225193023682, -0.9788126945495605, -0.9433028101921082, -0.9077929258346558, -0.8722830414772034, -0.836773157119751, -0.8012633323669434, -0.765753448009491, -0.7302435636520386, -0.694733738899231, -0.6592238545417786, -0.6237139701843262, -0.5882040858268738, -0.5526942014694214, -0.5171843767166138, -0.4816744923591614, -0.446164608001709, -0.410654753446579, -0.375144898891449, -0.3396350145339966, -0.3041251301765442, -0.2686152756214142, -0.23310540616512299, -0.1975955367088318, -0.1620856672525406, -0.1265757977962494, -0.09106592833995819, -0.05555593967437744, -0.020046070218086243, 0.015463799238204956, 0.050973668694496155, 0.08648353815078735, 0.12199340760707855, 0.15750327706336975, 0.19301314651966095, 0.22852301597595215, 0.26403290033340454, 0.29954275488853455, 0.33505260944366455, 0.37056249380111694, 0.40607237815856934, 0.44158223271369934, 0.47709208726882935, 0.5126019716262817, 0.5481118559837341, 0.5836217403411865, 0.6191315650939941, 0.6546414494514465, 0.6901513338088989, 0.7256611585617065, 0.7611710429191589, 0.7966809272766113, 0.8321908116340637, 0.8677006959915161, 0.9032105207443237, 0.9387204051017761, 0.9742302894592285, 1.0097401142120361, 1.0452500581741333, 1.080759882926941]}, "parameters/value_func.nn.0.bias": {"_type": "histogram", "values": [1.0, 0.0, 0.0, 0.0, 0.0, 0.0, 1.0, 0.0, 0.0, 0.0, 1.0, 0.0, 0.0, 2.0, 0.0, 0.0, 0.0, 2.0, 0.0, 5.0, 0.0, 3.0, 3.0, 3.0, 1.0, 2.0, 2.0, 2.0, 1.0, 7.0, 3.0, 2.0, 8.0, 1.0, 6.0, 8.0, 1.0, 2.0, 1.0, 3.0, 9.0, 3.0, 4.0, 6.0, 3.0, 2.0, 4.0, 6.0, 4.0, 0.0, 2.0, 3.0, 0.0, 4.0, 0.0, 2.0, 1.0, 0.0, 0.0, 2.0, 0.0, 1.0, 0.0, 1.0], "bins": [-0.7707566022872925, -0.7505217790603638, -0.7302870154380798, -0.7100521922111511, -0.6898174285888672, -0.6695826053619385, -0.6493478417396545, -0.6291130185127258, -0.6088782548904419, -0.5886434316635132, -0.5684086680412292, -0.5481738448143005, -0.5279390811920166, -0.5077042579650879, -0.48746946454048157, -0.46723467111587524, -0.44699984788894653, -0.4267650544643402, -0.4065302610397339, -0.38629546761512756, -0.36606067419052124, -0.34582585096359253, -0.3255910575389862, -0.3053562641143799, -0.28512147068977356, -0.26488667726516724, -0.2446518838405609, -0.2244170755147934, -0.20418228209018707, -0.18394748866558075, -0.16371268033981323, -0.1434778869152069, -0.12324315309524536, -0.10300835967063904, -0.08277355879545212, -0.0625387579202652, -0.042303964495658875, -0.02206917107105255, -0.001834370195865631, 0.01840043067932129, 0.03863522410392761, 0.058870021253824234, 0.07910481840372086, 0.09933961927890778, 0.1195744127035141, 0.13980920612812042, 0.16004401445388794, 0.18027880787849426, 0.20051360130310059, 0.2207483947277069, 0.24098318815231323, 0.26121798157691956, 0.2814527750015259, 0.3016875982284546, 0.3219223916530609, 0.34215718507766724, 0.36239197850227356, 0.3826267719268799, 0.4028615653514862, 0.42309635877609253, 0.44333118200302124, 0.4635659456253052, 0.4838007688522339, 0.5040355920791626, 0.5242703557014465]}, "parameters/value_func.nn.2.weight": {"_type": "histogram", "values": [2.0, 0.0, 0.0, 1.0, 1.0, 0.0, 2.0, 3.0, 0.0, 0.0, 1.0, 4.0, 2.0, 1.0, 2.0, 1.0, 3.0, 2.0, 3.0, 3.0, 6.0, 4.0, 3.0, 2.0, 3.0, 7.0, 2.0, 6.0, 4.0, 5.0, 7.0, 6.0, 1.0, 3.0, 4.0, 0.0, 6.0, 4.0, 4.0, 2.0, 0.0, 1.0, 2.0, 1.0, 1.0, 2.0, 0.0, 1.0, 0.0, 0.0, 2.0, 1.0, 0.0, 0.0, 0.0, 1.0, 0.0, 0.0, 1.0, 1.0, 2.0, 0.0, 0.0, 2.0], "bins": [-0.5162208080291748, -0.49932998418807983, -0.4824391305446625, -0.4655482769012451, -0.44865745306015015, -0.4317666292190552, -0.4148757755756378, -0.39798492193222046, -0.3810940980911255, -0.3642032742500305, -0.34731242060661316, -0.3304215669631958, -0.31353074312210083, -0.29663991928100586, -0.2797490656375885, -0.26285821199417114, -0.24596738815307617, -0.22907654941082, -0.21218571066856384, -0.19529487192630768, -0.1784040331840515, -0.16151319444179535, -0.14462235569953918, -0.12773151695728302, -0.11084067821502686, -0.09394983947277069, -0.07705900073051453, -0.06016816198825836, -0.0432773232460022, -0.026386484503746033, -0.009495645761489868, 0.007395192980766296, 0.024286091327667236, 0.0411769300699234, 0.058067768812179565, 0.07495860755443573, 0.0918494462966919, 0.10874028503894806, 0.12563112378120422, 0.1425219625234604, 0.15941280126571655, 0.17630364000797272, 0.19319447875022888, 0.21008531749248505, 0.2269761562347412, 0.24386699497699738, 0.26075783371925354, 0.2776486873626709, 0.29453951120376587, 0.31143033504486084, 0.3283211886882782, 0.34521204233169556, 0.3621028661727905, 0.3789936900138855, 0.39588454365730286, 0.4127753973007202, 0.4296662211418152, 0.44655704498291016, 0.4634478986263275, 0.4803387522697449, 0.49722957611083984, 0.5141203999519348, 0.5310112237930298, 0.5479021072387695, 0.5647929310798645]}, "parameters/value_func.nn.2.bias": {"_type": "histogram", "values": [0.0, 0.0, 0.0, 0.0, 0.0, 0.0, 0.0, 0.0, 0.0, 0.0, 0.0, 0.0, 0.0, 0.0, 0.0, 0.0, 0.0, 0.0, 0.0, 0.0, 0.0, 0.0, 0.0, 0.0, 0.0, 0.0, 0.0, 0.0, 0.0, 0.0, 0.0, 0.0, 1.0, 0.0, 0.0, 0.0, 0.0, 0.0, 0.0, 0.0, 0.0, 0.0, 0.0, 0.0, 0.0, 0.0, 0.0, 0.0, 0.0, 0.0, 0.0, 0.0, 0.0, 0.0, 0.0, 0.0, 0.0, 0.0, 0.0, 0.0, 0.0, 0.0, 0.0, 0.0], "bins": [-0.6327998042106628, -0.6327998042106628, -0.6327998042106628, -0.6327998042106628, -0.6327998042106628, -0.6327998042106628, -0.6327998042106628, -0.6327998042106628, -0.6327998042106628, -0.6327998042106628, -0.6327998042106628, -0.6327998042106628, -0.6327998042106628, -0.6327998042106628, -0.6327998042106628, -0.6327998042106628, -0.6327998042106628, -0.6327998042106628, -0.6327998042106628, -0.6327998042106628, -0.6327998042106628, -0.6327998042106628, -0.6327998042106628, -0.6327998042106628, -0.6327998042106628, -0.6327998042106628, -0.6327998042106628, -0.6327998042106628, -0.6327998042106628, -0.6327998042106628, -0.6327998042106628, -0.6327998042106628, -0.6327998042106628, -0.6327998042106628, -0.6327998042106628, -0.6327998042106628, -0.6327998042106628, -0.6327998042106628, -0.6327998042106628, -0.6327998042106628, -0.6327998042106628, -0.6327998042106628, -0.6327998042106628, -0.6327998042106628, -0.6327998042106628, -0.6327998042106628, -0.6327998042106628, -0.6327998042106628, -0.6327998042106628, -0.6327998042106628, -0.6327998042106628, -0.6327998042106628, -0.6327998042106628, -0.6327998042106628, -0.6327998042106628, -0.6327998042106628, -0.6327998042106628, -0.6327998042106628, -0.6327998042106628, -0.6327998042106628, -0.6327998042106628, -0.6327998042106628, -0.6327998042106628, -0.6327998042106628, -0.6327998042106628]}, "_wandb": {"runtime": 149}}