{"epoch": 132, "loss": 10617873408.0, "_timestamp": 1678388601.6569102, "_runtime": 193.04073810577393, "_step": 130, "parameters/value_func.nn.0.weight": {"_type": "histogram", "values": [1.0, 1.0, 1.0, 4.0, 0.0, 2.0, 2.0, 3.0, 2.0, 5.0, 7.0, 13.0, 10.0, 8.0, 12.0, 9.0, 3.0, 18.0, 10.0, 15.0, 24.0, 16.0, 27.0, 20.0, 20.0, 24.0, 30.0, 24.0, 30.0, 19.0, 22.0, 20.0, 18.0, 17.0, 14.0, 15.0, 18.0, 20.0, 10.0, 11.0, 12.0, 5.0, 13.0, 7.0, 6.0, 18.0, 14.0, 2.0, 5.0, 5.0, 7.0, 6.0, 2.0, 3.0, 0.0, 2.0, 0.0, 2.0, 1.0, 2.0, 0.0, 0.0, 1.0, 2.0], "bins": [-0.8142085075378418, -0.785717785358429, -0.7572271227836609, -0.728736400604248, -0.7002456784248352, -0.6717550158500671, -0.6432642936706543, -0.6147736310958862, -0.5862829089164734, -0.5577921867370605, -0.5293015241622925, -0.5008108019828796, -0.4723201096057892, -0.44382941722869873, -0.4153386950492859, -0.38684800267219543, -0.3583572804927826, -0.32986658811569214, -0.3013758659362793, -0.27288517355918884, -0.2443944811820984, -0.21590377390384674, -0.1874130666255951, -0.15892237424850464, -0.130431666970253, -0.10194096714258194, -0.07345026731491089, -0.04495956003665924, -0.01646886020898819, 0.012021839618682861, 0.04051254689693451, 0.06900323927402496, 0.09749394655227661, 0.12598465383052826, 0.1544753462076187, 0.18296605348587036, 0.21145674586296082, 0.23994745314121246, 0.2684381604194641, 0.29692885279655457, 0.325419545173645, 0.3539102375507355, 0.3824009597301483, 0.41089165210723877, 0.4393823444843292, 0.4678730368614197, 0.4963637590408325, 0.5248544216156006, 0.5533452033996582, 0.581835925579071, 0.6103265881538391, 0.638817310333252, 0.6673080325126648, 0.6957986950874329, 0.7242894172668457, 0.7527800798416138, 0.7812708020210266, 0.8097615242004395, 0.8382521867752075, 0.8667429089546204, 0.8952336311340332, 0.9237242937088013, 0.9522150158882141, 0.980705738067627, 1.009196400642395]}, "parameters/value_func.nn.0.bias": {"_type": "histogram", "values": [2.0, 0.0, 1.0, 2.0, 0.0, 0.0, 2.0, 1.0, 1.0, 3.0, 3.0, 3.0, 2.0, 2.0, 3.0, 7.0, 10.0, 11.0, 7.0, 10.0, 4.0, 5.0, 7.0, 5.0, 6.0, 5.0, 1.0, 3.0, 4.0, 1.0, 2.0, 2.0, 2.0, 0.0, 1.0, 1.0, 1.0, 0.0, 0.0, 0.0, 0.0, 0.0, 0.0, 0.0, 0.0, 0.0, 0.0, 0.0, 1.0, 0.0, 0.0, 0.0, 0.0, 1.0, 0.0, 1.0, 0.0, 1.0, 2.0, 0.0, 1.0, 0.0, 0.0, 1.0], "bins": [-0.39238107204437256, -0.3746069073677063, -0.35683274269104004, -0.3390585780143738, -0.3212844133377075, -0.30351024866104126, -0.285736083984375, -0.26796191930770874, -0.2501877546310425, -0.23241358995437622, -0.21463942527770996, -0.1968652606010437, -0.17909109592437744, -0.16131693124771118, -0.14354276657104492, -0.12576860189437866, -0.1079944372177124, -0.09022027254104614, -0.07244610786437988, -0.05467194318771362, -0.03689777851104736, -0.019123613834381104, -0.0013494491577148438, 0.016424715518951416, 0.034198880195617676, 0.051973044872283936, 0.0697472095489502, 0.08752137422561646, 0.10529553890228271, 0.12306970357894897, 0.14084386825561523, 0.1586180329322815, 0.17639225721359253, 0.1941664218902588, 0.21194058656692505, 0.2297147512435913, 0.24748891592025757, 0.26526308059692383, 0.2830372452735901, 0.30081140995025635, 0.3185855746269226, 0.33635973930358887, 0.3541339039802551, 0.3719080686569214, 0.38968223333358765, 0.4074563980102539, 0.42523056268692017, 0.4430047273635864, 0.4607788920402527, 0.47855305671691895, 0.4963272213935852, 0.5141013860702515, 0.5318755507469177, 0.549649715423584, 0.5674238801002502, 0.5851980447769165, 0.6029722094535828, 0.620746374130249, 0.6385205388069153, 0.6562947034835815, 0.6740688681602478, 0.6918430328369141, 0.7096171975135803, 0.7273913621902466, 0.7451655268669128]}, "parameters/value_func.nn.2.weight": {"_type": "histogram", "values": [2.0, 0.0, 0.0, 2.0, 0.0, 0.0, 2.0, 0.0, 2.0, 0.0, 0.0, 0.0, 1.0, 2.0, 4.0, 1.0, 3.0, 5.0, 2.0, 8.0, 5.0, 2.0, 8.0, 7.0, 3.0, 11.0, 7.0, 7.0, 11.0, 2.0, 1.0, 2.0, 1.0, 4.0, 1.0, 0.0, 1.0, 1.0, 2.0, 2.0, 0.0, 1.0, 3.0, 0.0, 2.0, 0.0, 1.0, 0.0, 0.0, 0.0, 0.0, 0.0, 2.0, 0.0, 0.0, 0.0, 0.0, 0.0, 1.0, 2.0, 1.0, 1.0, 1.0, 1.0], "bins": [-0.8557749390602112, -0.8321872353553772, -0.8085994720458984, -0.7850117683410645, -0.7614240050315857, -0.7378363013267517, -0.714248538017273, -0.690660834312439, -0.667073130607605, -0.643485426902771, -0.6198976635932922, -0.5963099598884583, -0.5727221965789795, -0.5491344928741455, -0.5255467891693115, -0.5019590258598328, -0.478371262550354, -0.45478352904319763, -0.43119579553604126, -0.4076080918312073, -0.3840203285217285, -0.36043262481689453, -0.33684489130973816, -0.3132571578025818, -0.2896694242954254, -0.26608169078826904, -0.24249395728111267, -0.2189062386751175, -0.19531850516796112, -0.17173077166080475, -0.14814305305480957, -0.1245553195476532, -0.10096758604049683, -0.07737985253334045, -0.05379212647676468, -0.030204400420188904, -0.006616666913032532, 0.01697106659412384, 0.04055878520011902, 0.06414651870727539, 0.08773425221443176, 0.11132198572158813, 0.1349097192287445, 0.15849743783473969, 0.18208517134189606, 0.20567290484905243, 0.2292606234550476, 0.252848356962204, 0.27643609046936035, 0.3000238239765167, 0.3236115574836731, 0.3471992611885071, 0.37078702449798584, 0.3943747282028198, 0.4179624617099762, 0.44155019521713257, 0.46513792872428894, 0.4887256622314453, 0.5123133659362793, 0.5359011292457581, 0.559488832950592, 0.5830765962600708, 0.6066642999649048, 0.6302520036697388, 0.6538397669792175]}, "parameters/value_func.nn.2.bias": {"_type": "histogram", "values": [0.0, 0.0, 0.0, 0.0, 0.0, 0.0, 0.0, 0.0, 0.0, 0.0, 0.0, 0.0, 0.0, 0.0, 0.0, 0.0, 0.0, 0.0, 0.0, 0.0, 0.0, 0.0, 0.0, 0.0, 0.0, 0.0, 0.0, 0.0, 0.0, 0.0, 0.0, 0.0, 1.0, 0.0, 0.0, 0.0, 0.0, 0.0, 0.0, 0.0, 0.0, 0.0, 0.0, 0.0, 0.0, 0.0, 0.0, 0.0, 0.0, 0.0, 0.0, 0.0, 0.0, 0.0, 0.0, 0.0, 0.0, 0.0, 0.0, 0.0, 0.0, 0.0, 0.0, 0.0], "bins": [-0.2269924432039261, -0.2269924432039261, -0.2269924432039261, -0.2269924432039261, -0.2269924432039261, -0.2269924432039261, -0.2269924432039261, -0.2269924432039261, -0.2269924432039261, -0.2269924432039261, -0.2269924432039261, -0.2269924432039261, -0.2269924432039261, -0.2269924432039261, -0.2269924432039261, -0.2269924432039261, -0.2269924432039261, -0.2269924432039261, -0.2269924432039261, -0.2269924432039261, -0.2269924432039261, -0.2269924432039261, -0.2269924432039261, -0.2269924432039261, -0.2269924432039261, -0.2269924432039261, -0.2269924432039261, -0.2269924432039261, -0.2269924432039261, -0.2269924432039261, -0.2269924432039261, -0.2269924432039261, -0.2269924432039261, -0.2269924432039261, -0.2269924432039261, -0.2269924432039261, -0.2269924432039261, -0.2269924432039261, -0.2269924432039261, -0.2269924432039261, -0.2269924432039261, -0.2269924432039261, -0.2269924432039261, -0.2269924432039261, -0.2269924432039261, -0.2269924432039261, -0.2269924432039261, -0.2269924432039261, -0.2269924432039261, -0.2269924432039261, -0.2269924432039261, -0.2269924432039261, -0.2269924432039261, -0.2269924432039261, -0.2269924432039261, -0.2269924432039261, -0.2269924432039261, -0.2269924432039261, -0.2269924432039261, -0.2269924432039261, -0.2269924432039261, -0.2269924432039261, -0.2269924432039261, -0.2269924432039261, -0.2269924432039261]}, "_wandb": {"runtime": 193}}