{"epoch": 7, "loss": 1852374400.0, "_timestamp": 1678805022.5896418, "_runtime": 25.332286834716797, "_step": 5, "parameters/value_func.nn.0.weight": {"_type": "histogram", "values": [2.0, 6.0, 2.0, 3.0, 2.0, 2.0, 4.0, 0.0, 4.0, 4.0, 8.0, 8.0, 3.0, 6.0, 10.0, 7.0, 2.0, 8.0, 8.0, 6.0, 3.0, 5.0, 5.0, 7.0, 2.0, 5.0, 8.0, 8.0, 7.0, 8.0, 3.0, 6.0, 8.0, 5.0, 7.0, 8.0, 10.0, 4.0, 5.0, 2.0, 4.0, 4.0, 2.0, 3.0, 7.0, 11.0, 6.0, 8.0, 5.0, 4.0, 3.0, 5.0, 4.0, 5.0, 6.0, 3.0, 5.0, 3.0, 1.0, 1.0, 4.0, 5.0, 7.0, 3.0], "bins": [-0.3431379199028015, -0.3324968218803406, -0.32185569405555725, -0.3112145960330963, -0.3005734980106354, -0.28993237018585205, -0.2792912721633911, -0.2686501741409302, -0.25800904631614685, -0.24736793339252472, -0.23672683537006378, -0.22608572244644165, -0.21544460952281952, -0.2048034965991974, -0.19416239857673645, -0.18352128565311432, -0.17288018763065338, -0.16223907470703125, -0.1515979766845703, -0.14095686376094818, -0.13031575083732605, -0.11967464536428452, -0.10903353989124298, -0.09839242696762085, -0.08775132149457932, -0.07711021602153778, -0.06646910309791565, -0.055827997624874115, -0.04518688842654228, -0.03454577922821045, -0.023904673755168915, -0.013263560831546783, -0.002622455358505249, 0.00801865290850401, 0.018659761175513268, 0.02930086851119995, 0.039941977709531784, 0.05058308690786362, 0.06122419238090515, 0.07186530530452728, 0.08250641077756882, 0.09314751625061035, 0.10378862917423248, 0.11442973464727402, 0.12507084012031555, 0.13571195304393768, 0.14635306596755981, 0.15699416399002075, 0.16763527691364288, 0.17827638983726501, 0.18891748785972595, 0.19955860078334808, 0.21019971370697021, 0.22084081172943115, 0.23148192465305328, 0.24212303757667542, 0.25276413559913635, 0.2634052336215973, 0.2740463614463806, 0.28468745946884155, 0.2953285574913025, 0.3059696853160858, 0.31661078333854675, 0.3272519111633301, 0.337893009185791]}, "parameters/value_func.nn.0.bias": {"_type": "histogram", "values": [22.0, 3.0, 0.0, 2.0, 1.0, 0.0, 1.0, 0.0, 0.0, 0.0, 1.0, 1.0, 0.0, 0.0, 0.0, 0.0, 0.0, 2.0, 0.0, 0.0, 0.0, 0.0, 0.0, 0.0, 1.0, 0.0, 0.0, 0.0, 2.0, 0.0, 1.0, 0.0, 0.0, 0.0, 1.0, 0.0, 0.0, 0.0, 1.0, 0.0, 0.0, 2.0, 1.0, 0.0, 0.0, 0.0, 1.0, 0.0, 0.0, 0.0, 0.0, 0.0, 0.0, 0.0, 1.0, 0.0, 0.0, 2.0, 0.0, 0.0, 3.0, 0.0, 3.0, 12.0], "bins": [-0.050123389810323715, -0.04855817183852196, -0.0469929538667202, -0.04542773962020874, -0.04386252164840698, -0.042297303676605225, -0.04073208570480347, -0.03916686773300171, -0.03760164976119995, -0.03603643178939819, -0.034471213817596436, -0.03290599584579468, -0.03134078159928322, -0.02977556362748146, -0.028210345655679703, -0.026645127683877945, -0.025079913437366486, -0.023514695465564728, -0.02194947935640812, -0.02038426138460636, -0.018819045275449753, -0.017253827303647995, -0.015688609331846237, -0.014123392291367054, -0.01255817525088787, -0.010992958210408688, -0.009427741169929504, -0.007862523198127747, -0.006297306157648563, -0.00473208911716938, -0.0031668711453676224, -0.0016016541048884392, -3.644078969955444e-05, 0.0015287764836102724, 0.0030939937569200993, 0.00465921126306057, 0.006224428303539753, 0.007789645344018936, 0.009354863315820694, 0.010920080356299877, 0.01248529739677906, 0.014050514437258244, 0.015615731477737427, 0.017180949449539185, 0.018746167421340942, 0.02031138353049755, 0.02187660150229931, 0.023441817611455917, 0.025007035583257675, 0.026572253555059433, 0.02813746966421604, 0.0297026876360178, 0.03126790374517441, 0.032833121716976166, 0.034398339688777924, 0.03596355766057968, 0.03752877563238144, 0.0390939936041832, 0.040659211575984955, 0.04222442954778671, 0.04378964379429817, 0.04535486176609993, 0.04692007973790169, 0.048485297709703445, 0.050050511956214905]}, "parameters/value_func.nn.2.weight": {"_type": "histogram", "values": [2.0, 0.0, 0.0, 0.0, 0.0, 2.0, 0.0, 1.0, 2.0, 0.0, 0.0, 2.0, 3.0, 1.0, 2.0, 1.0, 0.0, 1.0, 1.0, 0.0, 1.0, 3.0, 3.0, 0.0, 2.0, 1.0, 4.0, 1.0, 0.0, 2.0, 0.0, 1.0, 1.0, 0.0, 2.0, 1.0, 1.0, 0.0, 1.0, 0.0, 2.0, 1.0, 0.0, 3.0, 0.0, 2.0, 0.0, 2.0, 2.0, 0.0, 2.0, 0.0, 1.0, 0.0, 1.0, 1.0, 0.0, 0.0, 1.0, 0.0, 2.0, 0.0, 1.0, 1.0], "bins": [-0.31512364745140076, -0.304867148399353, -0.2946106791496277, -0.28435418009757996, -0.2740976810455322, -0.2638412117958069, -0.25358471274375916, -0.24332822859287262, -0.23307174444198608, -0.22281526029109955, -0.212558776140213, -0.20230227708816528, -0.19204579293727875, -0.1817893087863922, -0.17153280973434448, -0.16127632558345795, -0.1510198414325714, -0.14076335728168488, -0.13050687313079834, -0.12025037407875061, -0.10999388992786407, -0.09973740577697754, -0.0894809141755104, -0.07922442257404327, -0.06896793842315674, -0.058711450546979904, -0.04845496267080307, -0.038198474794626236, -0.027941986918449402, -0.017685499042272568, -0.007429011166095734, 0.002827480435371399, 0.013083994388580322, 0.023340482264757156, 0.03359697014093399, 0.043853458017110825, 0.05410994589328766, 0.0643664300441742, 0.07462292164564133, 0.08487941324710846, 0.095135897397995, 0.10539238154888153, 0.11564887315034866, 0.1259053647518158, 0.13616184890270233, 0.14641833305358887, 0.1566748321056366, 0.16693131625652313, 0.17718780040740967, 0.1874442845582962, 0.19770076870918274, 0.20795726776123047, 0.218213751912117, 0.22847023606300354, 0.23872673511505127, 0.2489832192659378, 0.25923970341682434, 0.26949620246887207, 0.2797526717185974, 0.29000917077064514, 0.30026566982269287, 0.3105221390724182, 0.32077863812446594, 0.33103513717651367, 0.341291606426239]}, "parameters/value_func.nn.2.bias": {"_type": "histogram", "values": [0.0, 0.0, 0.0, 0.0, 0.0, 0.0, 0.0, 0.0, 0.0, 0.0, 0.0, 0.0, 0.0, 0.0, 0.0, 0.0, 0.0, 0.0, 0.0, 0.0, 0.0, 0.0, 0.0, 0.0, 0.0, 0.0, 0.0, 0.0, 0.0, 0.0, 0.0, 0.0, 1.0, 0.0, 0.0, 0.0, 0.0, 0.0, 0.0, 0.0, 0.0, 0.0, 0.0, 0.0, 0.0, 0.0, 0.0, 0.0, 0.0, 0.0, 0.0, 0.0, 0.0, 0.0, 0.0, 0.0, 0.0, 0.0, 0.0, 0.0, 0.0, 0.0, 0.0, 0.0], "bins": [-0.049874529242515564, -0.049874529242515564, -0.049874529242515564, -0.049874529242515564, -0.049874529242515564, -0.049874529242515564, -0.049874529242515564, -0.049874529242515564, -0.049874529242515564, -0.049874529242515564, -0.049874529242515564, -0.049874529242515564, -0.049874529242515564, -0.049874529242515564, -0.049874529242515564, -0.049874529242515564, -0.049874529242515564, -0.049874529242515564, -0.049874529242515564, -0.049874529242515564, -0.049874529242515564, -0.049874529242515564, -0.049874529242515564, -0.049874529242515564, -0.049874529242515564, -0.049874529242515564, -0.049874529242515564, -0.049874529242515564, -0.049874529242515564, -0.049874529242515564, -0.049874529242515564, -0.049874529242515564, -0.049874529242515564, -0.049874529242515564, -0.049874529242515564, -0.049874529242515564, -0.049874529242515564, -0.049874529242515564, -0.049874529242515564, -0.049874529242515564, -0.049874529242515564, -0.049874529242515564, -0.049874529242515564, -0.049874529242515564, -0.049874529242515564, -0.049874529242515564, -0.049874529242515564, -0.049874529242515564, -0.049874529242515564, -0.049874529242515564, -0.049874529242515564, -0.049874529242515564, -0.049874529242515564, -0.049874529242515564, -0.049874529242515564, -0.049874529242515564, -0.049874529242515564, -0.049874529242515564, -0.049874529242515564, -0.049874529242515564, -0.049874529242515564, -0.049874529242515564, -0.049874529242515564, -0.049874529242515564, -0.049874529242515564]}, "_wandb": {"runtime": 25}}