{"parameters/value_func.nn.0.weight": {"_type": "histogram", "values": [1.0, 0.0, 1.0, 0.0, 1.0, 1.0, 4.0, 2.0, 3.0, 4.0, 3.0, 6.0, 4.0, 7.0, 8.0, 7.0, 3.0, 2.0, 9.0, 4.0, 5.0, 1.0, 4.0, 14.0, 7.0, 4.0, 8.0, 5.0, 8.0, 12.0, 14.0, 5.0, 10.0, 10.0, 9.0, 11.0, 12.0, 8.0, 10.0, 7.0, 9.0, 3.0, 5.0, 5.0, 11.0, 3.0, 2.0, 1.0, 5.0, 4.0, 3.0, 5.0, 7.0, 2.0, 3.0, 3.0, 2.0, 4.0, 2.0, 3.0, 2.0, 0.0, 1.0, 1.0], "bins": [-0.5148879885673523, -0.498833566904068, -0.4827791452407837, -0.4667247533798218, -0.4506703317165375, -0.4346159100532532, -0.41856151819229126, -0.40250709652900696, -0.38645267486572266, -0.37039825320243835, -0.35434383153915405, -0.33828943967819214, -0.32223501801490784, -0.30618059635162354, -0.2901262044906616, -0.2740717828273773, -0.258017361164093, -0.24196293950080872, -0.2259085327386856, -0.2098541259765625, -0.1937997043132782, -0.1777452826499939, -0.1616908758878708, -0.14563646912574768, -0.12958204746246338, -0.11352763324975967, -0.09747321903705597, -0.08141880482435226, -0.06536439061164856, -0.049309976398944855, -0.03325556218624115, -0.017201147973537445, -0.0011467933654785156, 0.01490762084722519, 0.030962035059928894, 0.0470164492726326, 0.0630708634853363, 0.07912527769804001, 0.09517969191074371, 0.11123410612344742, 0.12728852033615112, 0.14334294199943542, 0.15939734876155853, 0.17545175552368164, 0.19150617718696594, 0.20756059885025024, 0.22361500561237335, 0.23966941237449646, 0.25572383403778076, 0.27177825570106506, 0.28783267736434937, 0.3038870692253113, 0.3199414908885956, 0.3359959125518799, 0.3520503044128418, 0.3681047260761261, 0.3841591477394104, 0.4002135694026947, 0.416267991065979, 0.4323223829269409, 0.4483768045902252, 0.4644312262535095, 0.48048561811447144, 0.49654003977775574, 0.51259446144104]}, "_timestamp": 1678804747.8074865, "parameters/value_func.nn.0.bias": {"_type": "histogram", "values": [1.0, 0.0, 0.0, 1.0, 2.0, 5.0, 2.0, 4.0, 0.0, 1.0, 2.0, 1.0, 1.0, 0.0, 2.0, 0.0, 2.0, 3.0, 1.0, 3.0, 0.0, 1.0, 3.0, 0.0, 1.0, 1.0, 0.0, 0.0, 1.0, 1.0, 0.0, 0.0, 0.0, 1.0, 0.0, 0.0, 0.0, 0.0, 0.0, 0.0, 0.0, 0.0, 1.0, 1.0, 1.0, 1.0, 0.0, 0.0, 0.0, 0.0, 0.0, 0.0, 2.0, 3.0, 2.0, 1.0, 2.0, 2.0, 2.0, 1.0, 3.0, 0.0, 0.0, 2.0], "bins": [-0.23775701224803925, -0.23035883903503418, -0.2229606807231903, -0.21556250751018524, -0.20816433429718018, -0.2007661610841751, -0.19336798787117004, -0.18596982955932617, -0.1785716563463211, -0.17117348313331604, -0.16377532482147217, -0.1563771516084671, -0.14897897839546204, -0.14158080518245697, -0.1341826319694519, -0.12678447365760803, -0.11938630044460297, -0.1119881272315979, -0.10458996146917343, -0.09719179570674896, -0.0897936224937439, -0.08239544928073883, -0.07499728351831436, -0.06759911775588989, -0.06020094454288483, -0.05280277505517006, -0.04540460556745529, -0.038006436079740524, -0.030608266592025757, -0.02321009710431099, -0.015811927616596222, -0.008413758128881454, -0.0010156035423278809, 0.006382565945386887, 0.013780735433101654, 0.02117890492081642, 0.02857707440853119, 0.035975243896245956, 0.043373413383960724, 0.05077158287167549, 0.05816975235939026, 0.06556792557239532, 0.0729660913348198, 0.08036425709724426, 0.08776243031024933, 0.0951606035232544, 0.10255876928567886, 0.10995693504810333, 0.1173551082611084, 0.12475328147411346, 0.13215145468711853, 0.1395496129989624, 0.14694778621196747, 0.15434595942497253, 0.1617441177368164, 0.16914229094982147, 0.17654046416282654, 0.1839386373758316, 0.19133681058883667, 0.19873496890068054, 0.2061331421136856, 0.21353131532669067, 0.22092947363853455, 0.2283276468515396, 0.23572582006454468]}, "parameters/value_func.nn.2.weight": {"_type": "histogram", "values": [1.0, 0.0, 0.0, 0.0, 0.0, 2.0, 2.0, 1.0, 4.0, 1.0, 4.0, 1.0, 1.0, 4.0, 1.0, 1.0, 1.0, 0.0, 0.0, 2.0, 0.0, 0.0, 0.0, 0.0, 2.0, 2.0, 0.0, 1.0, 1.0, 1.0, 1.0, 0.0, 0.0, 1.0, 1.0, 1.0, 2.0, 0.0, 2.0, 0.0, 1.0, 4.0, 0.0, 0.0, 1.0, 1.0, 1.0, 1.0, 1.0, 1.0, 2.0, 0.0, 2.0, 1.0, 1.0, 1.0, 1.0, 0.0, 1.0, 0.0, 1.0, 0.0, 0.0, 2.0], "bins": [-0.4602322280406952, -0.44631996750831604, -0.4324076771736145, -0.41849541664123535, -0.4045831561088562, -0.39067089557647705, -0.3767586052417755, -0.36284634470939636, -0.3489340543746948, -0.3350217938423157, -0.32110950350761414, -0.307197242975235, -0.29328498244285583, -0.2793726921081543, -0.26546043157577515, -0.251548171043396, -0.23763591051101685, -0.2237236350774765, -0.20981137454509735, -0.195899099111557, -0.18198683857917786, -0.1680745631456375, -0.15416228771209717, -0.14025002717971802, -0.12633775174617767, -0.11242548376321793, -0.09851321578025818, -0.08460094034671783, -0.07068867236375809, -0.05677640438079834, -0.042864128947257996, -0.02895186096429825, -0.015039592981338501, -0.0011273231357336044, 0.012784946709871292, 0.026697218418121338, 0.040609486401081085, 0.05452175438404083, 0.06843402981758118, 0.08234629780054092, 0.09625856578350067, 0.11017083376646042, 0.12408310174942017, 0.1379953771829605, 0.15190765261650085, 0.16581991314888, 0.17973218858242035, 0.1936444640159607, 0.20755672454833984, 0.2214689999818802, 0.23538126051425934, 0.24929353594779968, 0.26320579648017883, 0.27711808681488037, 0.2910303473472595, 0.30494260787963867, 0.3188548684120178, 0.332767128944397, 0.3466794192790985, 0.36059167981147766, 0.3745039403438568, 0.38841623067855835, 0.4023284912109375, 0.41624075174331665, 0.4301530420780182]}, "parameters/value_func.nn.2.bias": {"_type": "histogram", "values": [0.0, 0.0, 0.0, 0.0, 0.0, 0.0, 0.0, 0.0, 0.0, 0.0, 0.0, 0.0, 0.0, 0.0, 0.0, 0.0, 0.0, 0.0, 0.0, 0.0, 0.0, 0.0, 0.0, 0.0, 0.0, 0.0, 0.0, 0.0, 0.0, 0.0, 0.0, 0.0, 1.0, 0.0, 0.0, 0.0, 0.0, 0.0, 0.0, 0.0, 0.0, 0.0, 0.0, 0.0, 0.0, 0.0, 0.0, 0.0, 0.0, 0.0, 0.0, 0.0, 0.0, 0.0, 0.0, 0.0, 0.0, 0.0, 0.0, 0.0, 0.0, 0.0, 0.0, 0.0], "bins": [-0.21479474008083344, -0.21479474008083344, -0.21479474008083344, -0.21479474008083344, -0.21479474008083344, -0.21479474008083344, -0.21479474008083344, -0.21479474008083344, -0.21479474008083344, -0.21479474008083344, -0.21479474008083344, -0.21479474008083344, -0.21479474008083344, -0.21479474008083344, -0.21479474008083344, -0.21479474008083344, -0.21479474008083344, -0.21479474008083344, -0.21479474008083344, -0.21479474008083344, -0.21479474008083344, -0.21479474008083344, -0.21479474008083344, -0.21479474008083344, -0.21479474008083344, -0.21479474008083344, -0.21479474008083344, -0.21479474008083344, -0.21479474008083344, -0.21479474008083344, -0.21479474008083344, -0.21479474008083344, -0.21479474008083344, -0.21479474008083344, -0.21479474008083344, -0.21479474008083344, -0.21479474008083344, -0.21479474008083344, -0.21479474008083344, -0.21479474008083344, -0.21479474008083344, -0.21479474008083344, -0.21479474008083344, -0.21479474008083344, -0.21479474008083344, -0.21479474008083344, -0.21479474008083344, -0.21479474008083344, -0.21479474008083344, -0.21479474008083344, -0.21479474008083344, -0.21479474008083344, -0.21479474008083344, -0.21479474008083344, -0.21479474008083344, -0.21479474008083344, -0.21479474008083344, -0.21479474008083344, -0.21479474008083344, -0.21479474008083344, -0.21479474008083344, -0.21479474008083344, -0.21479474008083344, -0.21479474008083344, -0.21479474008083344]}, "epoch": 26, "loss": 1776086272.0, "_runtime": 119.2373366355896, "_step": 25, "_wandb": {"runtime": 120}}