{"epoch": 151, "loss": 31194750.0, "_timestamp": 1678380564.809089, "_runtime": 599.9329349994659, "_step": 151, "parameters/value_func.nn.0.weight": {"_type": "histogram", "values": [3.0, 2.0, 4.0, 4.0, 4.0, 5.0, 5.0, 5.0, 7.0, 5.0, 4.0, 2.0, 5.0, 11.0, 7.0, 5.0, 6.0, 10.0, 9.0, 13.0, 11.0, 12.0, 9.0, 15.0, 19.0, 32.0, 29.0, 35.0, 29.0, 32.0, 25.0, 22.0, 12.0, 23.0, 24.0, 19.0, 17.0, 18.0, 15.0, 13.0, 13.0, 13.0, 8.0, 14.0, 4.0, 4.0, 6.0, 7.0, 3.0, 5.0, 9.0, 3.0, 5.0, 5.0, 2.0, 1.0, 3.0, 3.0, 1.0, 1.0, 0.0, 1.0, 1.0, 1.0], "bins": [-0.7533923983573914, -0.7288039922714233, -0.7042155861854553, -0.6796271800994873, -0.6550387740135193, -0.6304503679275513, -0.6058619022369385, -0.5812735557556152, -0.5566850900650024, -0.5320966839790344, -0.5075082778930664, -0.4829198718070984, -0.45833146572113037, -0.43374305963516235, -0.40915462374687195, -0.38456621766090393, -0.3599778413772583, -0.3353894352912903, -0.31080102920532227, -0.28621262311935425, -0.26162421703338623, -0.23703579604625702, -0.2124473750591278, -0.1878589689731598, -0.16327056288719177, -0.13868215680122375, -0.11409374326467514, -0.08950532972812653, -0.06491692364215851, -0.04032851755619049, -0.01574009656906128, 0.008848309516906738, 0.03343677520751953, 0.05802518501877785, 0.08261359483003616, 0.10720200836658478, 0.1317904144525528, 0.1563788205385208, 0.18096724152565002, 0.20555564761161804, 0.23014405369758606, 0.2547324597835541, 0.2793208658695221, 0.3039093017578125, 0.3284977078437805, 0.35308611392974854, 0.37767452001571655, 0.40226292610168457, 0.4268513321876526, 0.4514397382736206, 0.4760281443595886, 0.5006165504455566, 0.5252049565315247, 0.5497933626174927, 0.5743818283081055, 0.5989701747894287, 0.6235586404800415, 0.6481470465660095, 0.6727354526519775, 0.6973238587379456, 0.7219122648239136, 0.7465006709098816, 0.7710890769958496, 0.7956775426864624, 0.8202658891677856]}, "parameters/value_func.nn.0.bias": {"_type": "histogram", "values": [1.0, 0.0, 1.0, 0.0, 0.0, 2.0, 0.0, 1.0, 0.0, 2.0, 2.0, 2.0, 0.0, 1.0, 1.0, 1.0, 0.0, 0.0, 1.0, 0.0, 1.0, 1.0, 0.0, 0.0, 2.0, 2.0, 4.0, 2.0, 4.0, 0.0, 4.0, 7.0, 2.0, 7.0, 1.0, 2.0, 4.0, 6.0, 6.0, 0.0, 4.0, 1.0, 8.0, 4.0, 4.0, 4.0, 4.0, 0.0, 2.0, 1.0, 2.0, 4.0, 2.0, 2.0, 2.0, 1.0, 2.0, 3.0, 3.0, 0.0, 1.0, 0.0, 3.0, 1.0], "bins": [-0.5946334600448608, -0.5782545804977417, -0.5618756413459778, -0.5454967617988586, -0.5291178226470947, -0.5127389430999756, -0.49636003375053406, -0.47998112440109253, -0.463602215051651, -0.4472233057022095, -0.43084439635276794, -0.4144654870033264, -0.3980866074562073, -0.38170766830444336, -0.3653287887573242, -0.3489498794078827, -0.33257097005844116, -0.31619206070899963, -0.2998131513595581, -0.2834342420101166, -0.26705533266067505, -0.2506764531135559, -0.23429754376411438, -0.21791863441467285, -0.20153972506523132, -0.1851608157157898, -0.16878190636634827, -0.15240301191806793, -0.1360241025686264, -0.11964519321918488, -0.10326629132032394, -0.08688738942146301, -0.0705084502696991, -0.05412954464554787, -0.03775063902139664, -0.021371733397245407, -0.004992827773094177, 0.011386081576347351, 0.027764983475208282, 0.044143885374069214, 0.06052279472351074, 0.07690170407295227, 0.0932806059718132, 0.10965950787067413, 0.12603841722011566, 0.1424173265695572, 0.15879622101783752, 0.17517513036727905, 0.19155403971672058, 0.2079329490661621, 0.22431185841560364, 0.24069075286388397, 0.2570696473121643, 0.2734485864639282, 0.28982746601104736, 0.3062063753604889, 0.3225852847099304, 0.33896419405937195, 0.3553431034088135, 0.371722012758255, 0.38810092210769653, 0.4044798016548157, 0.4208587110042572, 0.43723762035369873, 0.45361652970314026]}, "parameters/value_func.nn.2.weight": {"_type": "histogram", "values": [1.0, 0.0, 0.0, 0.0, 1.0, 1.0, 0.0, 1.0, 1.0, 3.0, 1.0, 0.0, 0.0, 1.0, 1.0, 2.0, 0.0, 2.0, 3.0, 0.0, 5.0, 7.0, 4.0, 4.0, 2.0, 4.0, 3.0, 6.0, 4.0, 3.0, 3.0, 2.0, 1.0, 2.0, 5.0, 4.0, 4.0, 0.0, 3.0, 2.0, 2.0, 3.0, 3.0, 1.0, 2.0, 4.0, 1.0, 3.0, 2.0, 1.0, 1.0, 1.0, 1.0, 2.0, 1.0, 1.0, 3.0, 0.0, 2.0, 3.0, 1.0, 1.0, 1.0, 2.0], "bins": [-0.7245303392410278, -0.7036381959915161, -0.6827460527420044, -0.6618539094924927, -0.640961766242981, -0.6200695633888245, -0.5991774201393127, -0.578285276889801, -0.5573931336402893, -0.5365009903907776, -0.5156088471412659, -0.49471667408943176, -0.47382453083992004, -0.4529323875904083, -0.4320402145385742, -0.4111480712890625, -0.3902559280395508, -0.36936378479003906, -0.34847164154052734, -0.32757946848869324, -0.3066873252391815, -0.2857951819896698, -0.2649030089378357, -0.24401086568832397, -0.22311872243881226, -0.20222657918930054, -0.18133442103862762, -0.1604422628879547, -0.139550119638443, -0.11865796893835068, -0.09776581823825836, -0.07687366008758545, -0.05598151683807373, -0.035089366137981415, -0.014197215437889099, 0.0066949352622032166, 0.027587085962295532, 0.04847923666238785, 0.06937138736248016, 0.09026354551315308, 0.1111556887626648, 0.1320478320121765, 0.15293999016284943, 0.17383214831352234, 0.19472429156303406, 0.21561643481254578, 0.2365085929632187, 0.2574007511138916, 0.2782928943634033, 0.29918503761291504, 0.32007718086242676, 0.34096935391426086, 0.3618614971637726, 0.3827536404132843, 0.4036458134651184, 0.4245379567146301, 0.44543009996414185, 0.46632224321365356, 0.4872143864631653, 0.508106529712677, 0.5289987325668335, 0.5498908758163452, 0.5707830190658569, 0.5916751623153687, 0.6125673055648804]}, "parameters/value_func.nn.2.bias": {"_type": "histogram", "values": [0.0, 0.0, 0.0, 0.0, 0.0, 0.0, 0.0, 0.0, 0.0, 0.0, 0.0, 0.0, 0.0, 0.0, 0.0, 0.0, 0.0, 0.0, 0.0, 0.0, 0.0, 0.0, 0.0, 0.0, 0.0, 0.0, 0.0, 0.0, 0.0, 0.0, 0.0, 0.0, 1.0, 0.0, 0.0, 0.0, 0.0, 0.0, 0.0, 0.0, 0.0, 0.0, 0.0, 0.0, 0.0, 0.0, 0.0, 0.0, 0.0, 0.0, 0.0, 0.0, 0.0, 0.0, 0.0, 0.0, 0.0, 0.0, 0.0, 0.0, 0.0, 0.0, 0.0, 0.0], "bins": [-0.14011250436306, -0.14011250436306, -0.14011250436306, -0.14011250436306, -0.14011250436306, -0.14011250436306, -0.14011250436306, -0.14011250436306, -0.14011250436306, -0.14011250436306, -0.14011250436306, -0.14011250436306, -0.14011250436306, -0.14011250436306, -0.14011250436306, -0.14011250436306, -0.14011250436306, -0.14011250436306, -0.14011250436306, -0.14011250436306, -0.14011250436306, -0.14011250436306, -0.14011250436306, -0.14011250436306, -0.14011250436306, -0.14011250436306, -0.14011250436306, -0.14011250436306, -0.14011250436306, -0.14011250436306, -0.14011250436306, -0.14011250436306, -0.14011250436306, -0.14011250436306, -0.14011250436306, -0.14011250436306, -0.14011250436306, -0.14011250436306, -0.14011250436306, -0.14011250436306, -0.14011250436306, -0.14011250436306, -0.14011250436306, -0.14011250436306, -0.14011250436306, -0.14011250436306, -0.14011250436306, -0.14011250436306, -0.14011250436306, -0.14011250436306, -0.14011250436306, -0.14011250436306, -0.14011250436306, -0.14011250436306, -0.14011250436306, -0.14011250436306, -0.14011250436306, -0.14011250436306, -0.14011250436306, -0.14011250436306, -0.14011250436306, -0.14011250436306, -0.14011250436306, -0.14011250436306, -0.14011250436306]}, "_wandb": {"runtime": 601}}