{"parameters/value_func.nn.0.weight": {"_type": "histogram", "values": [2.0, 4.0, 2.0, 3.0, 5.0, 2.0, 2.0, 2.0, 3.0, 5.0, 9.0, 2.0, 5.0, 3.0, 10.0, 3.0, 6.0, 6.0, 5.0, 5.0, 9.0, 7.0, 3.0, 9.0, 5.0, 6.0, 4.0, 6.0, 3.0, 6.0, 7.0, 7.0, 6.0, 8.0, 4.0, 8.0, 4.0, 9.0, 6.0, 11.0, 3.0, 9.0, 2.0, 6.0, 4.0, 8.0, 6.0, 6.0, 6.0, 6.0, 2.0, 9.0, 6.0, 4.0, 3.0, 2.0, 3.0, 5.0, 3.0, 2.0, 0.0, 3.0, 4.0, 6.0], "bins": [-0.35969844460487366, -0.3484558165073395, -0.3372131586074829, -0.32597053050994873, -0.31472790241241455, -0.303485244512558, -0.2922426164150238, -0.28099995851516724, -0.26975733041763306, -0.2585147023200989, -0.2472720444202423, -0.23602941632270813, -0.22478677332401276, -0.21354413032531738, -0.2023015022277832, -0.19105885922908783, -0.17981621623039246, -0.16857357323169708, -0.1573309302330017, -0.14608830213546753, -0.13484565913677216, -0.12360301613807678, -0.112360380589962, -0.10111774504184723, -0.08987510204315186, -0.07863245904445648, -0.0673898234963417, -0.05614718422293663, -0.044904544949531555, -0.03366190567612648, -0.022419266402721405, -0.011176630854606628, 6.601214408874512e-05, 0.01130865141749382, 0.022551290690898895, 0.03379392996430397, 0.045036569237709045, 0.05627920851111412, 0.0675218477845192, 0.07876448333263397, 0.09000712633132935, 0.10124976933002472, 0.1124924048781395, 0.12373504042625427, 0.13497768342494965, 0.14622032642364502, 0.1574629545211792, 0.16870559751987457, 0.17994824051856995, 0.19119088351726532, 0.2024335265159607, 0.21367615461349487, 0.22491879761219025, 0.23616144061088562, 0.2474040687084198, 0.25864672660827637, 0.26988935470581055, 0.2811319828033447, 0.2923746407032013, 0.3036172688007355, 0.31485992670059204, 0.3261025547981262, 0.3373451828956604, 0.3485878109931946, 0.35983046889305115]}, "_timestamp": 1678804806.5780942, "parameters/value_func.nn.0.bias": {"_type": "histogram", "values": [11.0, 9.0, 4.0, 3.0, 1.0, 1.0, 0.0, 1.0, 0.0, 0.0, 0.0, 0.0, 0.0, 0.0, 1.0, 1.0, 0.0, 0.0, 1.0, 0.0, 0.0, 0.0, 0.0, 0.0, 0.0, 0.0, 0.0, 0.0, 0.0, 0.0, 1.0, 0.0, 0.0, 0.0, 0.0, 0.0, 0.0, 0.0, 0.0, 0.0, 0.0, 0.0, 1.0, 0.0, 0.0, 0.0, 0.0, 1.0, 1.0, 1.0, 0.0, 1.0, 1.0, 0.0, 1.0, 1.0, 0.0, 0.0, 0.0, 2.0, 0.0, 3.0, 4.0, 13.0], "bins": [-0.07029788941144943, -0.06810023635625839, -0.06590257585048676, -0.06370492279529572, -0.06150726228952408, -0.05930960923433304, -0.0571119524538517, -0.05491429567337036, -0.05271663889288902, -0.050518982112407684, -0.048321325331926346, -0.04612366855144501, -0.04392601549625397, -0.04172835499048233, -0.03953070193529129, -0.03733304515480995, -0.03513538837432861, -0.032937731593847275, -0.030740074813365936, -0.028542419895529747, -0.02634476311504841, -0.02414710633456707, -0.02194945141673088, -0.019751794636249542, -0.017554137855768204, -0.015356481075286865, -0.013158825226128101, -0.010961169376969337, -0.008763512596487999, -0.0065658558160066605, -0.004368199966847897, -0.0021705441176891327, 2.7105212211608887e-05, 0.00222476152703166, 0.004422417841851711, 0.0066200741566717625, 0.008817730471491814, 0.011015387251973152, 0.013213043101131916, 0.01541069895029068, 0.01760835573077202, 0.019806012511253357, 0.022003669291734695, 0.024201324209570885, 0.026398980990052223, 0.02859663777053356, 0.03079429268836975, 0.03299194946885109, 0.03518960624933243, 0.037387263029813766, 0.039584919810295105, 0.041782576590776443, 0.04398023337125778, 0.04617788642644882, 0.04837554320693016, 0.0505731999874115, 0.05277085676789284, 0.054968513548374176, 0.057166170328855515, 0.05936382710933685, 0.06156148016452789, 0.06375914067029953, 0.06595679372549057, 0.06815445423126221, 0.07035210728645325]}, "parameters/value_func.nn.2.weight": {"_type": "histogram", "values": [1.0, 3.0, 0.0, 2.0, 0.0, 1.0, 1.0, 0.0, 0.0, 1.0, 1.0, 2.0, 3.0, 2.0, 0.0, 0.0, 0.0, 1.0, 1.0, 0.0, 1.0, 2.0, 1.0, 0.0, 2.0, 1.0, 0.0, 1.0, 0.0, 0.0, 2.0, 2.0, 2.0, 1.0, 1.0, 0.0, 0.0, 1.0, 2.0, 2.0, 0.0, 3.0, 0.0, 0.0, 3.0, 1.0, 1.0, 1.0, 2.0, 1.0, 1.0, 3.0, 1.0, 0.0, 2.0, 0.0, 1.0, 0.0, 1.0, 0.0, 1.0, 0.0, 0.0, 2.0], "bins": [-0.3443196415901184, -0.33350086212158203, -0.32268205285072327, -0.3118632733821869, -0.3010444939136505, -0.29022568464279175, -0.27940690517425537, -0.268588125705719, -0.2577693462371826, -0.24695055186748505, -0.23613177239894867, -0.2253129780292511, -0.21449419856071472, -0.20367540419101715, -0.19285660982131958, -0.1820378303527832, -0.17121902108192444, -0.16040022671222687, -0.1495814472436905, -0.13876265287399292, -0.12794387340545654, -0.11712507903575897, -0.1063062846660614, -0.09548749774694443, -0.08466871082782745, -0.07384992390871048, -0.0630311369895935, -0.052212342619895935, -0.04139355570077896, -0.030574768781661987, -0.019755974411964417, -0.008937187492847443, 0.001881629228591919, 0.012700418010354042, 0.023519206792116165, 0.03433799743652344, 0.04515678435564041, 0.055975571274757385, 0.06679436564445496, 0.07761315256357193, 0.0884319394826889, 0.09925072640180588, 0.11006951332092285, 0.12088830769062042, 0.131707102060318, 0.14252588152885437, 0.15334467589855194, 0.1641634702682495, 0.1749822497367859, 0.18580104410648346, 0.19661982357501984, 0.2074386179447174, 0.21825739741325378, 0.22907619178295135, 0.23989498615264893, 0.2507137656211853, 0.2615325450897217, 0.27235132455825806, 0.2831701338291168, 0.2939889132976532, 0.3048076927661896, 0.31562650203704834, 0.3264452815055847, 0.3372640609741211, 0.34808287024497986]}, "parameters/value_func.nn.2.bias": {"_type": "histogram", "values": [0.0, 0.0, 0.0, 0.0, 0.0, 0.0, 0.0, 0.0, 0.0, 0.0, 0.0, 0.0, 0.0, 0.0, 0.0, 0.0, 0.0, 0.0, 0.0, 0.0, 0.0, 0.0, 0.0, 0.0, 0.0, 0.0, 0.0, 0.0, 0.0, 0.0, 0.0, 0.0, 1.0, 0.0, 0.0, 0.0, 0.0, 0.0, 0.0, 0.0, 0.0, 0.0, 0.0, 0.0, 0.0, 0.0, 0.0, 0.0, 0.0, 0.0, 0.0, 0.0, 0.0, 0.0, 0.0, 0.0, 0.0, 0.0, 0.0, 0.0, 0.0, 0.0, 0.0, 0.0], "bins": [-0.06972040235996246, -0.06972040235996246, -0.06972040235996246, -0.06972040235996246, -0.06972040235996246, -0.06972040235996246, -0.06972040235996246, -0.06972040235996246, -0.06972040235996246, -0.06972040235996246, -0.06972040235996246, -0.06972040235996246, -0.06972040235996246, -0.06972040235996246, -0.06972040235996246, -0.06972040235996246, -0.06972040235996246, -0.06972040235996246, -0.06972040235996246, -0.06972040235996246, -0.06972040235996246, -0.06972040235996246, -0.06972040235996246, -0.06972040235996246, -0.06972040235996246, -0.06972040235996246, -0.06972040235996246, -0.06972040235996246, -0.06972040235996246, -0.06972040235996246, -0.06972040235996246, -0.06972040235996246, -0.06972040235996246, -0.06972040235996246, -0.06972040235996246, -0.06972040235996246, -0.06972040235996246, -0.06972040235996246, -0.06972040235996246, -0.06972040235996246, -0.06972040235996246, -0.06972040235996246, -0.06972040235996246, -0.06972040235996246, -0.06972040235996246, -0.06972040235996246, -0.06972040235996246, -0.06972040235996246, -0.06972040235996246, -0.06972040235996246, -0.06972040235996246, -0.06972040235996246, -0.06972040235996246, -0.06972040235996246, -0.06972040235996246, -0.06972040235996246, -0.06972040235996246, -0.06972040235996246, -0.06972040235996246, -0.06972040235996246, -0.06972040235996246, -0.06972040235996246, -0.06972040235996246, -0.06972040235996246, -0.06972040235996246]}, "epoch": 9, "loss": 1832752000.0, "_runtime": 36.96799826622009, "_step": 7, "_wandb": {"runtime": 37}}