{"epoch": 102, "loss": 112848672.0, "_timestamp": 1678377561.3870304, "_runtime": 387.6255633831024, "_step": 102, "parameters/value_func.nn.0.weight": {"_type": "histogram", "values": [1.0, 2.0, 3.0, 1.0, 3.0, 6.0, 4.0, 11.0, 6.0, 7.0, 4.0, 9.0, 7.0, 8.0, 7.0, 4.0, 8.0, 10.0, 13.0, 14.0, 5.0, 7.0, 11.0, 17.0, 16.0, 15.0, 10.0, 19.0, 7.0, 13.0, 20.0, 29.0, 23.0, 27.0, 29.0, 27.0, 13.0, 21.0, 15.0, 14.0, 16.0, 31.0, 13.0, 13.0, 16.0, 7.0, 6.0, 12.0, 9.0, 8.0, 9.0, 5.0, 6.0, 3.0, 3.0, 3.0, 3.0, 1.0, 1.0, 3.0, 1.0, 2.0, 1.0, 2.0], "bins": [-0.7061766386032104, -0.6861029267311096, -0.6660292744636536, -0.6459555625915527, -0.6258818507194519, -0.6058081388473511, -0.585734486579895, -0.5656607747077942, -0.5455870628356934, -0.5255133509635925, -0.5054396986961365, -0.48536598682403564, -0.4652922749519348, -0.44521859288215637, -0.42514491081237793, -0.4050711989402771, -0.38499754667282104, -0.3649238646030426, -0.3448501527309418, -0.32477647066116333, -0.3047027587890625, -0.28462907671928406, -0.2645553946495056, -0.24448169767856598, -0.22440800070762634, -0.2043343037366867, -0.18426060676574707, -0.16418692469596863, -0.144113227725029, -0.12403953075408936, -0.10396584123373032, -0.08389215171337128, -0.06381851434707642, -0.04374482110142708, -0.02367112785577774, -0.0035974346101284027, 0.016476258635520935, 0.03654995560646057, 0.05662364512681961, 0.07669733464717865, 0.09677103161811829, 0.11684472858905792, 0.13691842555999756, 0.156992107629776, 0.17706580460071564, 0.19713950157165527, 0.21721318364143372, 0.23728688061237335, 0.257360577583313, 0.27743425965309143, 0.29750797152519226, 0.3175816535949707, 0.33765536546707153, 0.35772904753685, 0.3778027296066284, 0.39787644147872925, 0.4179501235485077, 0.43802380561828613, 0.45809751749038696, 0.4781711995601654, 0.49824488162994385, 0.5183185935020447, 0.5383923053741455, 0.5584659576416016, 0.5785396695137024]}, "parameters/value_func.nn.0.bias": {"_type": "histogram", "values": [2.0, 2.0, 0.0, 0.0, 0.0, 0.0, 3.0, 0.0, 0.0, 3.0, 2.0, 2.0, 5.0, 2.0, 7.0, 2.0, 4.0, 2.0, 1.0, 2.0, 5.0, 1.0, 1.0, 0.0, 1.0, 0.0, 0.0, 0.0, 1.0, 0.0, 2.0, 0.0, 0.0, 4.0, 1.0, 0.0, 0.0, 0.0, 0.0, 2.0, 1.0, 0.0, 0.0, 1.0, 0.0, 4.0, 3.0, 0.0, 2.0, 4.0, 1.0, 3.0, 6.0, 2.0, 8.0, 4.0, 6.0, 8.0, 7.0, 1.0, 2.0, 3.0, 1.0, 4.0], "bins": [-0.2846589982509613, -0.27226659655570984, -0.2598741948604584, -0.24748177826404572, -0.23508937656879425, -0.22269697487354279, -0.21030455827713013, -0.19791215658187866, -0.1855197548866272, -0.17312735319137573, -0.16073495149612427, -0.1483425348997116, -0.13595013320446014, -0.12355773150920868, -0.11116532236337662, -0.09877291321754456, -0.08638051152229309, -0.07398810982704163, -0.061595700681209564, -0.0492032952606678, -0.03681088984012604, -0.024418484419584274, -0.012026078999042511, 0.0003663301467895508, 0.012758731842041016, 0.02515113726258278, 0.03754354268312454, 0.049935948103666306, 0.06232835352420807, 0.07472075521945953, 0.0871131643652916, 0.09950557351112366, 0.11189800500869751, 0.12429040670394897, 0.13668280839920044, 0.1490752249956131, 0.16146762669086456, 0.17386002838611603, 0.1862524449825287, 0.19864484667778015, 0.21103724837303162, 0.22342965006828308, 0.23582205176353455, 0.2482144683599472, 0.26060688495635986, 0.27299928665161133, 0.2853916883468628, 0.29778409004211426, 0.3101764917373657, 0.3225688934326172, 0.33496129512786865, 0.3473536968231201, 0.3597460985183716, 0.37213853001594543, 0.3845309317111969, 0.39692333340644836, 0.40931573510169983, 0.4217081367969513, 0.43410053849220276, 0.4464929401874542, 0.4588853716850281, 0.47127777338027954, 0.483670175075531, 0.49606257677078247, 0.5084549784660339]}, "parameters/value_func.nn.2.weight": {"_type": "histogram", "values": [2.0, 1.0, 2.0, 1.0, 2.0, 2.0, 4.0, 2.0, 2.0, 4.0, 1.0, 4.0, 11.0, 5.0, 6.0, 2.0, 2.0, 8.0, 3.0, 5.0, 1.0, 1.0, 1.0, 0.0, 4.0, 1.0, 3.0, 0.0, 2.0, 0.0, 3.0, 2.0, 1.0, 2.0, 3.0, 4.0, 0.0, 3.0, 1.0, 3.0, 5.0, 1.0, 2.0, 1.0, 1.0, 1.0, 2.0, 2.0, 1.0, 0.0, 0.0, 0.0, 1.0, 0.0, 1.0, 0.0, 1.0, 1.0, 1.0, 0.0, 0.0, 1.0, 1.0, 1.0], "bins": [-0.6339574456214905, -0.6167692542076111, -0.5995810031890869, -0.5823928117752075, -0.5652045607566833, -0.548016369342804, -0.5308281183242798, -0.5136399269104004, -0.4964516758918762, -0.47926345467567444, -0.46207523345947266, -0.4448870122432709, -0.4276987910270691, -0.4105105698108673, -0.3933223485946655, -0.37613415718078613, -0.35894593596458435, -0.34175771474838257, -0.3245694935321808, -0.307381272315979, -0.2901930510997772, -0.27300482988357544, -0.25581663846969604, -0.23862840235233307, -0.2214401811361313, -0.2042519599199295, -0.18706373870372772, -0.16987553238868713, -0.15268731117248535, -0.13549908995628357, -0.11831086874008179, -0.10112264752388, -0.08393442630767822, -0.06674620509147644, -0.04955798760056496, -0.03236977010965347, -0.01518154889345169, 0.0020066723227500916, 0.019194886088371277, 0.03638310730457306, 0.05357132852077484, 0.07075954973697662, 0.0879477709531784, 0.10513598471879959, 0.12232420593500137, 0.13951241970062256, 0.15670064091682434, 0.17388886213302612, 0.1910770833492279, 0.2082653045654297, 0.22545352578163147, 0.24264174699783325, 0.25982996821403503, 0.2770181894302368, 0.2942063808441162, 0.3113946318626404, 0.3285828232765198, 0.34577104449272156, 0.36295926570892334, 0.3801474869251251, 0.3973357081413269, 0.4145239293575287, 0.43171215057373047, 0.44890034198760986, 0.46608859300613403]}, "parameters/value_func.nn.2.bias": {"_type": "histogram", "values": [0.0, 0.0, 0.0, 0.0, 0.0, 0.0, 0.0, 0.0, 0.0, 0.0, 0.0, 0.0, 0.0, 0.0, 0.0, 0.0, 0.0, 0.0, 0.0, 0.0, 0.0, 0.0, 0.0, 0.0, 0.0, 0.0, 0.0, 0.0, 0.0, 0.0, 0.0, 0.0, 1.0, 0.0, 0.0, 0.0, 0.0, 0.0, 0.0, 0.0, 0.0, 0.0, 0.0, 0.0, 0.0, 0.0, 0.0, 0.0, 0.0, 0.0, 0.0, 0.0, 0.0, 0.0, 0.0, 0.0, 0.0, 0.0, 0.0, 0.0, 0.0, 0.0, 0.0, 0.0], "bins": [-0.3172540068626404, -0.3172540068626404, -0.3172540068626404, -0.3172540068626404, -0.3172540068626404, -0.3172540068626404, -0.3172540068626404, -0.3172540068626404, -0.3172540068626404, -0.3172540068626404, -0.3172540068626404, -0.3172540068626404, -0.3172540068626404, -0.3172540068626404, -0.3172540068626404, -0.3172540068626404, -0.3172540068626404, -0.3172540068626404, -0.3172540068626404, -0.3172540068626404, -0.3172540068626404, -0.3172540068626404, -0.3172540068626404, -0.3172540068626404, -0.3172540068626404, -0.3172540068626404, -0.3172540068626404, -0.3172540068626404, -0.3172540068626404, -0.3172540068626404, -0.3172540068626404, -0.3172540068626404, -0.3172540068626404, -0.3172540068626404, -0.3172540068626404, -0.3172540068626404, -0.3172540068626404, -0.3172540068626404, -0.3172540068626404, -0.3172540068626404, -0.3172540068626404, -0.3172540068626404, -0.3172540068626404, -0.3172540068626404, -0.3172540068626404, -0.3172540068626404, -0.3172540068626404, -0.3172540068626404, -0.3172540068626404, -0.3172540068626404, -0.3172540068626404, -0.3172540068626404, -0.3172540068626404, -0.3172540068626404, -0.3172540068626404, -0.3172540068626404, -0.3172540068626404, -0.3172540068626404, -0.3172540068626404, -0.3172540068626404, -0.3172540068626404, -0.3172540068626404, -0.3172540068626404, -0.3172540068626404, -0.3172540068626404]}, "_wandb": {"runtime": 386}}