{"parameters/value_func.nn.0.weight": {"_type": "histogram", "values": [4.0, 5.0, 8.0, 4.0, 5.0, 7.0, 6.0, 5.0, 6.0, 5.0, 8.0, 8.0, 10.0, 15.0, 19.0, 13.0, 17.0, 16.0, 10.0, 10.0, 18.0, 11.0, 10.0, 17.0, 10.0, 8.0, 8.0, 11.0, 8.0, 14.0, 19.0, 12.0, 16.0, 11.0, 12.0, 12.0, 7.0, 9.0, 14.0, 14.0, 14.0, 10.0, 7.0, 7.0, 13.0, 10.0, 21.0, 11.0, 14.0, 12.0, 11.0, 9.0, 15.0, 7.0, 5.0, 8.0, 5.0, 2.0, 6.0, 5.0, 8.0, 7.0, 5.0, 6.0], "bins": [-0.27084389328956604, -0.2623496353626251, -0.2538553476333618, -0.2453610897064209, -0.23686683177947998, -0.22837257385253906, -0.21987830102443695, -0.21138402819633484, -0.20288977026939392, -0.194395512342453, -0.1859012395143509, -0.17740696668624878, -0.16891270875930786, -0.16041845083236694, -0.15192417800426483, -0.14342990517616272, -0.1349356472492218, -0.12644138932228088, -0.11794711649417877, -0.10945285111665726, -0.10095858573913574, -0.09246432036161423, -0.08397005498409271, -0.0754757896065712, -0.06698152422904968, -0.05848725885152817, -0.04999299347400665, -0.04149872809648514, -0.03300446271896362, -0.024510197341442108, -0.016015931963920593, -0.007521666586399078, 0.0009725689888000488, 0.009466834366321564, 0.01796109974384308, 0.026455365121364594, 0.03494963049888611, 0.04344389587640762, 0.05193816125392914, 0.06043242663145065, 0.06892669200897217, 0.07742095738649368, 0.0859152227640152, 0.09440948814153671, 0.10290375351905823, 0.11139801889657974, 0.11989228427410126, 0.12838655710220337, 0.1368808150291443, 0.1453750729560852, 0.15386934578418732, 0.16236361861228943, 0.17085787653923035, 0.17935213446617126, 0.18784640729427338, 0.1963406801223755, 0.2048349380493164, 0.21332919597625732, 0.22182346880435944, 0.23031774163246155, 0.23881199955940247, 0.24730625748634338, 0.2558005452156067, 0.2642948031425476, 0.2727890610694885]}, "_timestamp": 1678804203.999848, "parameters/value_func.nn.0.bias": {"_type": "histogram", "values": [10.0, 6.0, 7.0, 2.0, 2.0, 3.0, 3.0, 2.0, 1.0, 1.0, 1.0, 2.0, 1.0, 0.0, 0.0, 0.0, 2.0, 1.0, 2.0, 1.0, 1.0, 0.0, 1.0, 0.0, 2.0, 0.0, 1.0, 1.0, 1.0, 1.0, 2.0, 0.0, 1.0, 4.0, 0.0, 0.0, 2.0, 2.0, 4.0, 2.0, 1.0, 1.0, 1.0, 1.0, 1.0, 1.0, 2.0, 1.0, 0.0, 2.0, 2.0, 0.0, 3.0, 4.0, 4.0, 2.0, 4.0, 4.0, 1.0, 1.0, 2.0, 2.0, 3.0, 13.0], "bins": [-0.061322104185819626, -0.05940130725502968, -0.05748050659894943, -0.055559709668159485, -0.05363891273736954, -0.05171811208128929, -0.049797315150499344, -0.0478765144944191, -0.04595571756362915, -0.0440349206328392, -0.04211411997675896, -0.04019332304596901, -0.03827252238988876, -0.036351725459098816, -0.03443092852830887, -0.03251013159751892, -0.030589330941438675, -0.028668532148003578, -0.02674773335456848, -0.024826936423778534, -0.022906137630343437, -0.02098533883690834, -0.019064541906118393, -0.017143743112683296, -0.0152229443192482, -0.013302145525813103, -0.01138134766370058, -0.009460549801588058, -0.007539751008152962, -0.005618952214717865, -0.003698154352605343, -0.0017773564904928207, 0.00014343857765197754, 0.002064236905425787, 0.003985035233199596, 0.005905833560973406, 0.007826631888747215, 0.009747430682182312, 0.011668228544294834, 0.013589026406407356, 0.015509825199842453, 0.01743062399327755, 0.019351422786712646, 0.021272219717502594, 0.02319301851093769, 0.025113817304372787, 0.027034614235162735, 0.02895541302859783, 0.03087621182203293, 0.032797008752822876, 0.03471780940890312, 0.03663860633969307, 0.038559406995773315, 0.04048020392656326, 0.04240100085735321, 0.04432179778814316, 0.046242598444223404, 0.04816339537501335, 0.0500841960310936, 0.052004992961883545, 0.05392578989267349, 0.05584659054875374, 0.057767387479543686, 0.05968818813562393, 0.06160898506641388]}, "parameters/value_func.nn.2.weight": {"_type": "histogram", "values": [1.0, 1.0, 1.0, 4.0, 1.0, 0.0, 1.0, 2.0, 2.0, 0.0, 2.0, 2.0, 1.0, 1.0, 3.0, 2.0, 3.0, 1.0, 2.0, 3.0, 2.0, 1.0, 2.0, 2.0, 1.0, 0.0, 2.0, 3.0, 2.0, 3.0, 1.0, 4.0, 1.0, 1.0, 1.0, 2.0, 2.0, 1.0, 2.0, 1.0, 3.0, 4.0, 2.0, 1.0, 4.0, 3.0, 5.0, 5.0, 4.0, 1.0, 4.0, 3.0, 1.0, 1.0, 1.0, 0.0, 1.0, 6.0, 2.0, 4.0, 0.0, 1.0, 3.0, 2.0], "bins": [-0.27606257796287537, -0.2676864266395569, -0.2593102753162384, -0.2509341239929199, -0.24255798757076263, -0.23418185114860535, -0.22580569982528687, -0.21742954850196838, -0.2090533971786499, -0.20067724585533142, -0.19230110943317413, -0.18392495810985565, -0.17554880678653717, -0.16717267036437988, -0.1587965190410614, -0.15042036771774292, -0.14204423129558563, -0.13366807997226715, -0.12529194355010986, -0.11691579222679138, -0.1085396409034729, -0.10016349703073502, -0.09178735315799713, -0.08341120183467865, -0.07503505796194077, -0.06665891408920288, -0.0582827627658844, -0.049906618893146515, -0.04153047129511833, -0.03315432369709015, -0.024778179824352264, -0.01640203222632408, -0.008025884628295898, 0.00035026203840970993, 0.008726408705115318, 0.017102554440498352, 0.025478702038526535, 0.03385484963655472, 0.0422309935092926, 0.050607141107320786, 0.05898328870534897, 0.06735943257808685, 0.07573558390140533, 0.08411172777414322, 0.0924878716468811, 0.10086402297019958, 0.10924016684293747, 0.11761631071567535, 0.12599246203899384, 0.13436861336231232, 0.1427447497844696, 0.15112090110778809, 0.15949705243110657, 0.16787320375442505, 0.17624934017658234, 0.18462549149990082, 0.1930016279220581, 0.2013777792453766, 0.20975391566753387, 0.21813006699085236, 0.22650621831417084, 0.23488235473632812, 0.2432585060596466, 0.2516346573829651, 0.26001080870628357]}, "parameters/value_func.nn.2.bias": {"_type": "histogram", "values": [0.0, 0.0, 0.0, 0.0, 0.0, 0.0, 0.0, 0.0, 0.0, 0.0, 0.0, 0.0, 0.0, 0.0, 0.0, 0.0, 0.0, 0.0, 0.0, 0.0, 0.0, 0.0, 0.0, 0.0, 0.0, 0.0, 0.0, 0.0, 0.0, 0.0, 0.0, 0.0, 1.0, 0.0, 0.0, 0.0, 0.0, 0.0, 0.0, 0.0, 0.0, 0.0, 0.0, 0.0, 0.0, 0.0, 0.0, 0.0, 0.0, 0.0, 0.0, 0.0, 0.0, 0.0, 0.0, 0.0, 0.0, 0.0, 0.0, 0.0, 0.0, 0.0, 0.0, 0.0], "bins": [-0.05960001051425934, -0.05960001051425934, -0.05960001051425934, -0.05960001051425934, -0.05960001051425934, -0.05960001051425934, -0.05960001051425934, -0.05960001051425934, -0.05960001051425934, -0.05960001051425934, -0.05960001051425934, -0.05960001051425934, -0.05960001051425934, -0.05960001051425934, -0.05960001051425934, -0.05960001051425934, -0.05960001051425934, -0.05960001051425934, -0.05960001051425934, -0.05960001051425934, -0.05960001051425934, -0.05960001051425934, -0.05960001051425934, -0.05960001051425934, -0.05960001051425934, -0.05960001051425934, -0.05960001051425934, -0.05960001051425934, -0.05960001051425934, -0.05960001051425934, -0.05960001051425934, -0.05960001051425934, -0.05960001051425934, -0.05960001051425934, -0.05960001051425934, -0.05960001051425934, -0.05960001051425934, -0.05960001051425934, -0.05960001051425934, -0.05960001051425934, -0.05960001051425934, -0.05960001051425934, -0.05960001051425934, -0.05960001051425934, -0.05960001051425934, -0.05960001051425934, -0.05960001051425934, -0.05960001051425934, -0.05960001051425934, -0.05960001051425934, -0.05960001051425934, -0.05960001051425934, -0.05960001051425934, -0.05960001051425934, -0.05960001051425934, -0.05960001051425934, -0.05960001051425934, -0.05960001051425934, -0.05960001051425934, -0.05960001051425934, -0.05960001051425934, -0.05960001051425934, -0.05960001051425934, -0.05960001051425934, -0.05960001051425934]}, "epoch": 17, "loss": 1844697984.0, "_runtime": 70.01569199562073, "_step": 15, "_wandb": {"runtime": 69}}