{"parameters/value_func.nn.0.weight": {"_type": "histogram", "values": [16.0, 17.0, 15.0, 11.0, 10.0, 9.0, 9.0, 7.0, 8.0, 12.0, 7.0, 14.0, 7.0, 10.0, 14.0, 4.0, 5.0, 10.0, 9.0, 15.0, 10.0, 15.0, 7.0, 8.0, 9.0, 14.0, 10.0, 6.0, 13.0, 18.0, 7.0, 7.0, 14.0, 6.0, 9.0, 3.0, 9.0, 9.0, 8.0, 12.0, 6.0, 7.0, 8.0, 6.0, 12.0, 14.0, 10.0, 9.0, 13.0, 7.0, 11.0, 8.0, 10.0, 14.0, 9.0, 9.0, 6.0, 14.0, 11.0, 12.0, 11.0, 10.0, 9.0, 11.0], "bins": [-0.21221467852592468, -0.2055860161781311, -0.19895736873149872, -0.19232870638370514, -0.18570005893707275, -0.17907139658927917, -0.1724427342414856, -0.1658140867948532, -0.15918543934822083, -0.15255677700042725, -0.14592812955379486, -0.13929946720600128, -0.1326708197593689, -0.12604215741157532, -0.11941350251436234, -0.11278484761714935, -0.10615618526935577, -0.09952753037214279, -0.09289887547492981, -0.08627021312713623, -0.07964156568050385, -0.07301290333271027, -0.06638424843549728, -0.0597555935382843, -0.05312693864107132, -0.04649828374385834, -0.039869628846645355, -0.033240970224142075, -0.026612315326929092, -0.01998366042971611, -0.01335500180721283, -0.006726346909999847, -9.767711162567139e-05, 0.006530978716909885, 0.013159634545445442, 0.019788291305303574, 0.026416946202516556, 0.03304560109972954, 0.03967425972223282, 0.0463029146194458, 0.05293156951665878, 0.059560224413871765, 0.06618887931108475, 0.07281753420829773, 0.07944619655609131, 0.0860748440027237, 0.09270350635051727, 0.09933216124773026, 0.10596081614494324, 0.11258947104215622, 0.1192181259393692, 0.12584678828716278, 0.13247543573379517, 0.13910409808158875, 0.14573276042938232, 0.1523614078760147, 0.1589900553226471, 0.16561871767044067, 0.17224736511707306, 0.17887602746486664, 0.18550467491149902, 0.1921333372592926, 0.19876199960708618, 0.20539064705371857, 0.21201930940151215]}, "_timestamp": 1678384724.6308703, "parameters/value_func.nn.0.bias": {"_type": "histogram", "values": [0.0, 0.0, 0.0, 0.0, 0.0, 0.0, 0.0, 0.0, 0.0, 0.0, 0.0, 0.0, 0.0, 0.0, 0.0, 0.0, 0.0, 0.0, 0.0, 0.0, 0.0, 0.0, 0.0, 0.0, 0.0, 0.0, 0.0, 0.0, 0.0, 0.0, 0.0, 0.0, 128.0, 0.0, 0.0, 0.0, 0.0, 0.0, 0.0, 0.0, 0.0, 0.0, 0.0, 0.0, 0.0, 0.0, 0.0, 0.0, 0.0, 0.0, 0.0, 0.0, 0.0, 0.0, 0.0, 0.0, 0.0, 0.0, 0.0, 0.0, 0.0, 0.0, 0.0, 0.0], "bins": [0.0, 0.0, 0.0, 0.0, 0.0, 0.0, 0.0, 0.0, 0.0, 0.0, 0.0, 0.0, 0.0, 0.0, 0.0, 0.0, 0.0, 0.0, 0.0, 0.0, 0.0, 0.0, 0.0, 0.0, 0.0, 0.0, 0.0, 0.0, 0.0, 0.0, 0.0, 0.0, 0.0, 0.0, 0.0, 0.0, 0.0, 0.0, 0.0, 0.0, 0.0, 0.0, 0.0, 0.0, 0.0, 0.0, 0.0, 0.0, 0.0, 0.0, 0.0, 0.0, 0.0, 0.0, 0.0, 0.0, 0.0, 0.0, 0.0, 0.0, 0.0, 0.0, 0.0, 0.0, 0.0]}, "parameters/value_func.nn.2.weight": {"_type": "histogram", "values": [2.0, 2.0, 0.0, 2.0, 4.0, 2.0, 3.0, 2.0, 3.0, 1.0, 5.0, 0.0, 1.0, 5.0, 1.0, 2.0, 1.0, 2.0, 2.0, 2.0, 0.0, 2.0, 1.0, 0.0, 1.0, 0.0, 4.0, 2.0, 3.0, 3.0, 1.0, 5.0, 3.0, 2.0, 2.0, 0.0, 0.0, 5.0, 3.0, 3.0, 1.0, 1.0, 3.0, 3.0, 5.0, 2.0, 3.0, 3.0, 1.0, 5.0, 0.0, 1.0, 1.0, 1.0, 3.0, 1.0, 3.0, 2.0, 2.0, 0.0, 1.0, 1.0, 1.0, 2.0], "bins": [-0.21095338463783264, -0.2043028324842453, -0.19765228033065796, -0.1910017430782318, -0.18435119092464447, -0.17770063877105713, -0.1710500866174698, -0.16439953446388245, -0.1577489972114563, -0.15109844505786896, -0.14444789290428162, -0.13779735565185547, -0.13114680349826813, -0.12449625134468079, -0.11784569919109344, -0.1111951470375061, -0.10454459488391876, -0.09789404273033142, -0.09124349802732468, -0.08459294587373734, -0.07794240117073059, -0.07129184901714325, -0.06464129686355591, -0.057990748435258865, -0.05134020000696182, -0.04468965157866478, -0.03803910315036774, -0.031388550996780396, -0.024738002568483353, -0.01808745414018631, -0.011436901986598969, -0.004786353558301926, 0.0018641948699951172, 0.008514744229614735, 0.015165293589234352, 0.021815843880176544, 0.028466392308473587, 0.03511694073677063, 0.04176749289035797, 0.048418041318655014, 0.05506858974695206, 0.0617191381752491, 0.06836968660354614, 0.07502023875713348, 0.08167079091072083, 0.08832133561372757, 0.09497188776731491, 0.10162243247032166, 0.108272984623909, 0.11492353677749634, 0.12157408148050308, 0.12822464108467102, 0.13487517833709717, 0.1415257304906845, 0.14817628264427185, 0.1548268347978592, 0.16147738695144653, 0.16812793910503387, 0.17477849125862122, 0.18142902851104736, 0.1880795806646347, 0.19473013281822205, 0.2013806849718094, 0.20803123712539673, 0.21468177437782288]}, "parameters/value_func.nn.2.bias": {"_type": "histogram", "values": [0.0, 0.0, 0.0, 0.0, 0.0, 0.0, 0.0, 0.0, 0.0, 0.0, 0.0, 0.0, 0.0, 0.0, 0.0, 0.0, 0.0, 0.0, 0.0, 0.0, 0.0, 0.0, 0.0, 0.0, 0.0, 0.0, 0.0, 0.0, 0.0, 0.0, 0.0, 0.0, 1.0, 0.0, 0.0, 0.0, 0.0, 0.0, 0.0, 0.0, 0.0, 0.0, 0.0, 0.0, 0.0, 0.0, 0.0, 0.0, 0.0, 0.0, 0.0, 0.0, 0.0, 0.0, 0.0, 0.0, 0.0, 0.0, 0.0, 0.0, 0.0, 0.0, 0.0, 0.0], "bins": [0.0, 0.0, 0.0, 0.0, 0.0, 0.0, 0.0, 0.0, 0.0, 0.0, 0.0, 0.0, 0.0, 0.0, 0.0, 0.0, 0.0, 0.0, 0.0, 0.0, 0.0, 0.0, 0.0, 0.0, 0.0, 0.0, 0.0, 0.0, 0.0, 0.0, 0.0, 0.0, 0.0, 0.0, 0.0, 0.0, 0.0, 0.0, 0.0, 0.0, 0.0, 0.0, 0.0, 0.0, 0.0, 0.0, 0.0, 0.0, 0.0, 0.0, 0.0, 0.0, 0.0, 0.0, 0.0, 0.0, 0.0, 0.0, 0.0, 0.0, 0.0, 0.0, 0.0, 0.0, 0.0]}, "epoch": 1, "loss": 73852534784.0, "_runtime": 6.875436305999756, "_step": 0, "_wandb": {"runtime": 18}}