{"epoch": 1, "loss": 43783516160.0, "_timestamp": 1678382312.0545032, "_runtime": 6.153081178665161, "_step": 0, "_wandb": {"runtime": 134}}