{"epoch": 17, "loss": 1875687552.0, "_timestamp": 1678804983.456408, "_runtime": 60.270488023757935, "_step": 15, "parameters/value_func.nn.0.weight": {"_type": "histogram", "values": [2.0, 4.0, 1.0, 4.0, 8.0, 4.0, 4.0, 7.0, 5.0, 5.0, 11.0, 9.0, 10.0, 11.0, 9.0, 11.0, 8.0, 8.0, 10.0, 10.0, 10.0, 17.0, 13.0, 16.0, 19.0, 15.0, 13.0, 18.0, 12.0, 16.0, 16.0, 14.0, 17.0, 14.0, 16.0, 12.0, 20.0, 12.0, 18.0, 15.0, 9.0, 9.0, 10.0, 7.0, 6.0, 9.0, 11.0, 6.0, 14.0, 11.0, 11.0, 8.0, 9.0, 8.0, 10.0, 6.0, 9.0, 11.0, 4.0, 8.0, 6.0, 7.0, 4.0, 3.0], "bins": [-0.3433130085468292, -0.3326749801635742, -0.3220369219779968, -0.3113988935947418, -0.3007608652114868, -0.2901228368282318, -0.2794848084449768, -0.2688467502593994, -0.2582087218761444, -0.2475706934928894, -0.2369326502084732, -0.226294606924057, -0.215656578540802, -0.205018550157547, -0.1943805068731308, -0.1837424635887146, -0.1731044352054596, -0.1624664068222046, -0.1518283635377884, -0.1411903202533722, -0.1305522918701172, -0.11991425603628159, -0.10927622020244598, -0.09863818436861038, -0.08800014853477478, -0.07736211270093918, -0.06672407686710358, -0.056086041033267975, -0.04544800519943237, -0.03480996936559677, -0.02417193353176117, -0.013533897697925568, -0.002895861864089966, 0.007742173969745636, 0.018380209803581238, 0.02901824563741684, 0.03965628147125244, 0.05029431730508804, 0.060932353138923645, 0.07157038897275925, 0.08220842480659485, 0.09284646064043045, 0.10348449647426605, 0.11412253230810165, 0.12476056814193726, 0.13539859652519226, 0.14603663980960846, 0.15667468309402466, 0.16731271147727966, 0.17795073986053467, 0.18858878314495087, 0.19922682642936707, 0.20986485481262207, 0.22050288319587708, 0.23114092648029327, 0.24177896976470947, 0.2524169981479645, 0.2630550265312195, 0.2736930847167969, 0.2843311131000519, 0.2949691414833069, 0.3056071698665619, 0.3162451982498169, 0.3268832564353943, 0.3375212848186493]}, "parameters/value_func.nn.0.bias": {"_type": "histogram", "values": [5.0, 4.0, 3.0, 4.0, 6.0, 2.0, 5.0, 4.0, 2.0, 3.0, 2.0, 1.0, 2.0, 0.0, 0.0, 1.0, 1.0, 1.0, 2.0, 0.0, 2.0, 0.0, 1.0, 2.0, 1.0, 1.0, 1.0, 1.0, 0.0, 0.0, 0.0, 2.0, 0.0, 2.0, 1.0, 2.0, 0.0, 0.0, 0.0, 1.0, 0.0, 0.0, 0.0, 3.0, 4.0, 2.0, 1.0, 2.0, 0.0, 1.0, 3.0, 1.0, 3.0, 2.0, 3.0, 6.0, 2.0, 1.0, 2.0, 2.0, 3.0, 3.0, 8.0, 11.0], "bins": [-0.15455056726932526, -0.14973029494285583, -0.1449100375175476, -0.14008976519107819, -0.13526949286460876, -0.13044922053813934, -0.12562896311283112, -0.1208086907863617, -0.11598841845989227, -0.11116815358400345, -0.10634788125753403, -0.1015276163816452, -0.09670734405517578, -0.09188707917928696, -0.08706681430339813, -0.08224654197692871, -0.07742627710103989, -0.07260601222515106, -0.06778573989868164, -0.06296547502279282, -0.058145202696323395, -0.05332493782043457, -0.04850466921925545, -0.043684400618076324, -0.0388641320168972, -0.03404386341571808, -0.029223594814538956, -0.024403328076004982, -0.01958305947482586, -0.014762790873646736, -0.009942524135112762, -0.0051222555339336395, -0.0003019869327545166, 0.004518281202763319, 0.009338549338281155, 0.014158817008137703, 0.018979085609316826, 0.02379935421049595, 0.028619620949029922, 0.033439889550209045, 0.03826015815138817, 0.04308042675256729, 0.047900695353746414, 0.05272096395492554, 0.05754122883081436, 0.06236150115728378, 0.06718176603317261, 0.07200203835964203, 0.07682230323553085, 0.08164256811141968, 0.0864628404378891, 0.09128310531377792, 0.09610337764024734, 0.10092364251613617, 0.10574391484260559, 0.11056417971849442, 0.11538444459438324, 0.12020470947027206, 0.1250249743461609, 0.1298452466726303, 0.13466551899909973, 0.13948579132556915, 0.14430604875087738, 0.1491263210773468, 0.15394659340381622]}, "parameters/value_func.nn.2.weight": {"_type": "histogram", "values": [1.0, 0.0, 2.0, 3.0, 4.0, 1.0, 1.0, 1.0, 2.0, 3.0, 2.0, 3.0, 3.0, 1.0, 1.0, 1.0, 3.0, 1.0, 2.0, 3.0, 2.0, 1.0, 8.0, 2.0, 4.0, 1.0, 0.0, 2.0, 2.0, 1.0, 0.0, 2.0, 0.0, 5.0, 2.0, 2.0, 3.0, 6.0, 2.0, 3.0, 6.0, 1.0, 4.0, 0.0, 4.0, 1.0, 1.0, 1.0, 0.0, 2.0, 1.0, 1.0, 0.0, 1.0, 3.0, 1.0, 4.0, 4.0, 2.0, 3.0, 0.0, 0.0, 0.0, 2.0], "bins": [-0.3532942533493042, -0.34297046065330505, -0.3326466381549835, -0.3223228454589844, -0.31199902296066284, -0.3016752302646637, -0.29135140776634216, -0.281027615070343, -0.2707037925720215, -0.26037999987602234, -0.2500561773777008, -0.23973236978054047, -0.22940856218338013, -0.21908476948738098, -0.20876096189022064, -0.1984371542930603, -0.18811336159706116, -0.17778955399990082, -0.16746574640274048, -0.15714193880558014, -0.1468181312084198, -0.13649433851242065, -0.12617053091526031, -0.11584672331809998, -0.10552291572093964, -0.0951991081237793, -0.08487530052661896, -0.07455150038003922, -0.06422769278287888, -0.053903885185718536, -0.043580081313848495, -0.033256277441978455, -0.022932469844818115, -0.012608664110302925, -0.002284858375787735, 0.008038947358727455, 0.018362753093242645, 0.028686560690402985, 0.039010364562273026, 0.049334168434143066, 0.059657976031303406, 0.06998178362846375, 0.08030559122562408, 0.09062939137220383, 0.10095319896936417, 0.1112770065665245, 0.12160080671310425, 0.1319246143102646, 0.14224842190742493, 0.15257222950458527, 0.1628960371017456, 0.17321984469890594, 0.18354365229606628, 0.19386744499206543, 0.20419125258922577, 0.2145150601863861, 0.22483886778354645, 0.2351626753807068, 0.24548648297786713, 0.25581029057502747, 0.2661340832710266, 0.27645790576934814, 0.2867816984653473, 0.29710549116134644, 0.30742931365966797]}, "parameters/value_func.nn.2.bias": {"_type": "histogram", "values": [0.0, 0.0, 0.0, 0.0, 0.0, 0.0, 0.0, 0.0, 0.0, 0.0, 0.0, 0.0, 0.0, 0.0, 0.0, 0.0, 0.0, 0.0, 0.0, 0.0, 0.0, 0.0, 0.0, 0.0, 0.0, 0.0, 0.0, 0.0, 0.0, 0.0, 0.0, 0.0, 1.0, 0.0, 0.0, 0.0, 0.0, 0.0, 0.0, 0.0, 0.0, 0.0, 0.0, 0.0, 0.0, 0.0, 0.0, 0.0, 0.0, 0.0, 0.0, 0.0, 0.0, 0.0, 0.0, 0.0, 0.0, 0.0, 0.0, 0.0, 0.0, 0.0, 0.0, 0.0], "bins": [-0.1447153240442276, -0.1447153240442276, -0.1447153240442276, -0.1447153240442276, -0.1447153240442276, -0.1447153240442276, -0.1447153240442276, -0.1447153240442276, -0.1447153240442276, -0.1447153240442276, -0.1447153240442276, -0.1447153240442276, -0.1447153240442276, -0.1447153240442276, -0.1447153240442276, -0.1447153240442276, -0.1447153240442276, -0.1447153240442276, -0.1447153240442276, -0.1447153240442276, -0.1447153240442276, -0.1447153240442276, -0.1447153240442276, -0.1447153240442276, -0.1447153240442276, -0.1447153240442276, -0.1447153240442276, -0.1447153240442276, -0.1447153240442276, -0.1447153240442276, -0.1447153240442276, -0.1447153240442276, -0.1447153240442276, -0.1447153240442276, -0.1447153240442276, -0.1447153240442276, -0.1447153240442276, -0.1447153240442276, -0.1447153240442276, -0.1447153240442276, -0.1447153240442276, -0.1447153240442276, -0.1447153240442276, -0.1447153240442276, -0.1447153240442276, -0.1447153240442276, -0.1447153240442276, -0.1447153240442276, -0.1447153240442276, -0.1447153240442276, -0.1447153240442276, -0.1447153240442276, -0.1447153240442276, -0.1447153240442276, -0.1447153240442276, -0.1447153240442276, -0.1447153240442276, -0.1447153240442276, -0.1447153240442276, -0.1447153240442276, -0.1447153240442276, -0.1447153240442276, -0.1447153240442276, -0.1447153240442276, -0.1447153240442276]}, "_wandb": {"runtime": 60}}