{"epoch": 29, "loss": 1854985728.0, "_timestamp": 1678805446.3131557, "_runtime": 111.22191762924194, "_step": 28, "parameters/value_func.nn.0.weight": {"_type": "histogram", "values": [2.0, 0.0, 0.0, 0.0, 1.0, 2.0, 0.0, 3.0, 3.0, 2.0, 1.0, 1.0, 2.0, 1.0, 0.0, 0.0, 3.0, 3.0, 1.0, 1.0, 3.0, 2.0, 2.0, 5.0, 3.0, 2.0, 3.0, 5.0, 2.0, 7.0, 6.0, 5.0, 5.0, 7.0, 5.0, 7.0, 2.0, 4.0, 3.0, 3.0, 4.0, 3.0, 6.0, 4.0, 2.0, 3.0, 2.0, 2.0, 3.0, 2.0, 2.0, 2.0, 0.0, 2.0, 2.0, 2.0, 6.0, 0.0, 0.0, 3.0, 1.0, 0.0, 1.0, 1.0], "bins": [-0.6821639537811279, -0.6620720624923706, -0.6419801115989685, -0.6218882203102112, -0.6017962694168091, -0.5817043781280518, -0.5616124868392944, -0.5415205955505371, -0.521428644657135, -0.5013367533683777, -0.4812448024749756, -0.46115291118621826, -0.44106099009513855, -0.42096906900405884, -0.4008771777153015, -0.3807852566242218, -0.3606933355331421, -0.3406014144420624, -0.32050949335098267, -0.30041760206222534, -0.28032568097114563, -0.2602337598800659, -0.2401418536901474, -0.22004994750022888, -0.19995802640914917, -0.17986610531806946, -0.15977419912815094, -0.13968229293823242, -0.11959037184715271, -0.0994984582066536, -0.07940654456615448, -0.05931463837623596, -0.039222657680511475, -0.01913074404001236, 0.0009611696004867554, 0.02105308324098587, 0.041144996881484985, 0.0612369105219841, 0.08132882416248322, 0.10142073035240173, 0.12151265144348145, 0.14160457253456116, 0.16169647872447968, 0.1817883849143982, 0.2018803060054779, 0.22197222709655762, 0.24206413328647614, 0.26215603947639465, 0.28224796056747437, 0.3023398816585541, 0.3224318027496338, 0.3425236940383911, 0.3626156151294708, 0.38270753622055054, 0.40279942750930786, 0.4228913486003876, 0.4429832696914673, 0.463075190782547, 0.4831671118736267, 0.503259003162384, 0.5233509540557861, 0.5434428453445435, 0.5635347366333008, 0.5836266279220581, 0.6037185788154602]}, "parameters/value_func.nn.0.bias": {"_type": "histogram", "values": [2.0, 0.0, 0.0, 0.0, 0.0, 2.0, 0.0, 1.0, 2.0, 1.0, 3.0, 3.0, 0.0, 0.0, 1.0, 2.0, 0.0, 0.0, 1.0, 0.0, 1.0, 0.0, 0.0, 0.0, 0.0, 0.0, 0.0, 0.0, 1.0, 0.0, 0.0, 0.0, 0.0, 0.0, 0.0, 0.0, 0.0, 0.0, 0.0, 0.0, 0.0, 1.0, 0.0, 1.0, 0.0, 0.0, 0.0, 0.0, 0.0, 1.0, 0.0, 1.0, 0.0, 0.0, 0.0, 1.0, 0.0, 3.0, 0.0, 2.0, 0.0, 1.0, 0.0, 1.0], "bins": [-0.2834307849407196, -0.27462029457092285, -0.2658098042011261, -0.25699931383132935, -0.2481888234615326, -0.23937833309173584, -0.23056785762310028, -0.22175736725330353, -0.21294687688350677, -0.20413638651371002, -0.19532589614391327, -0.18651540577411652, -0.17770493030548096, -0.1688944399356842, -0.16008394956588745, -0.1512734591960907, -0.14246296882629395, -0.1336524784564972, -0.12484198808670044, -0.11603150516748428, -0.10722101479768753, -0.09841052442789078, -0.08960004150867462, -0.08078955113887787, -0.07197906076908112, -0.06316857039928436, -0.05435808375477791, -0.045547597110271454, -0.0367371067404747, -0.027926616370677948, -0.019116129726171494, -0.010305643081665039, -0.0014951527118682861, 0.0073153357952833176, 0.01612582430243492, 0.024936312809586525, 0.03374680131673813, 0.04255729168653488, 0.051367778331041336, 0.06017826497554779, 0.06898875534534454, 0.0777992457151413, 0.08660973608493805, 0.0954202190041542, 0.10423070937395096, 0.11304119974374771, 0.12185168266296387, 0.13066217303276062, 0.13947266340255737, 0.14828315377235413, 0.15709364414215088, 0.16590413451194763, 0.17471462488174438, 0.18352511525154114, 0.1923355907201767, 0.20114608108997345, 0.2099565714597702, 0.21876706182956696, 0.2275775521993637, 0.23638804256916046, 0.24519851803779602, 0.2540090084075928, 0.2628194987773895, 0.2716299891471863, 0.28044047951698303]}, "parameters/value_func.nn.2.weight": {"_type": "histogram", "values": [2.0, 0.0, 0.0, 0.0, 1.0, 0.0, 0.0, 1.0, 1.0, 0.0, 2.0, 0.0, 3.0, 0.0, 0.0, 0.0, 0.0, 1.0, 0.0, 0.0, 0.0, 0.0, 0.0, 1.0, 0.0, 0.0, 1.0, 0.0, 0.0, 2.0, 0.0, 0.0, 3.0, 0.0, 1.0, 1.0, 0.0, 0.0, 2.0, 1.0, 1.0, 0.0, 0.0, 1.0, 0.0, 1.0, 1.0, 0.0, 0.0, 1.0, 0.0, 1.0, 0.0, 0.0, 0.0, 0.0, 1.0, 0.0, 1.0, 0.0, 0.0, 0.0, 0.0, 1.0], "bins": [-0.6707021594047546, -0.6511908769607544, -0.6316795945167542, -0.6121683716773987, -0.5926570892333984, -0.5731458067893982, -0.553634524345398, -0.5341232419013977, -0.5146119594573975, -0.4951006770133972, -0.47558942437171936, -0.4560781419277191, -0.43656688928604126, -0.417055606842041, -0.39754432439804077, -0.3780330419540405, -0.35852181911468506, -0.3390105366706848, -0.31949928402900696, -0.2999880015850067, -0.28047674894332886, -0.2609654664993286, -0.24145418405532837, -0.22194291651248932, -0.20243164896965027, -0.18292038142681122, -0.16340911388397217, -0.14389783143997192, -0.12438656389713287, -0.10487529635429382, -0.08536402136087418, -0.06585274636745453, -0.046341538429260254, -0.026830267161130905, -0.007318995893001556, 0.012192275375127792, 0.03170354664325714, 0.05121481418609619, 0.07072608917951584, 0.09023736417293549, 0.10974863171577454, 0.1292598992586136, 0.14877116680145264, 0.16828244924545288, 0.18779371678829193, 0.20730498433113098, 0.22681626677513123, 0.24632753431797028, 0.2658388018608093, 0.28535008430480957, 0.3048613369464874, 0.32437261939048767, 0.3438838720321655, 0.36339515447616577, 0.382906436920166, 0.40241771936416626, 0.4219289720058441, 0.44144025444984436, 0.4609515070915222, 0.48046278953552246, 0.4999740719795227, 0.519485354423523, 0.5389965772628784, 0.5585078597068787, 0.5780191421508789]}, "parameters/value_func.nn.2.bias": {"_type": "histogram", "values": [0.0, 0.0, 0.0, 0.0, 0.0, 0.0, 0.0, 0.0, 0.0, 0.0, 0.0, 0.0, 0.0, 0.0, 0.0, 0.0, 0.0, 0.0, 0.0, 0.0, 0.0, 0.0, 0.0, 0.0, 0.0, 0.0, 0.0, 0.0, 0.0, 0.0, 0.0, 0.0, 1.0, 0.0, 0.0, 0.0, 0.0, 0.0, 0.0, 0.0, 0.0, 0.0, 0.0, 0.0, 0.0, 0.0, 0.0, 0.0, 0.0, 0.0, 0.0, 0.0, 0.0, 0.0, 0.0, 0.0, 0.0, 0.0, 0.0, 0.0, 0.0, 0.0, 0.0, 0.0], "bins": [-0.26151418685913086, -0.26151418685913086, -0.26151418685913086, -0.26151418685913086, -0.26151418685913086, -0.26151418685913086, -0.26151418685913086, -0.26151418685913086, -0.26151418685913086, -0.26151418685913086, -0.26151418685913086, -0.26151418685913086, -0.26151418685913086, -0.26151418685913086, -0.26151418685913086, -0.26151418685913086, -0.26151418685913086, -0.26151418685913086, -0.26151418685913086, -0.26151418685913086, -0.26151418685913086, -0.26151418685913086, -0.26151418685913086, -0.26151418685913086, -0.26151418685913086, -0.26151418685913086, -0.26151418685913086, -0.26151418685913086, -0.26151418685913086, -0.26151418685913086, -0.26151418685913086, -0.26151418685913086, -0.26151418685913086, -0.26151418685913086, -0.26151418685913086, -0.26151418685913086, -0.26151418685913086, -0.26151418685913086, -0.26151418685913086, -0.26151418685913086, -0.26151418685913086, -0.26151418685913086, -0.26151418685913086, -0.26151418685913086, -0.26151418685913086, -0.26151418685913086, -0.26151418685913086, -0.26151418685913086, -0.26151418685913086, -0.26151418685913086, -0.26151418685913086, -0.26151418685913086, -0.26151418685913086, -0.26151418685913086, -0.26151418685913086, -0.26151418685913086, -0.26151418685913086, -0.26151418685913086, -0.26151418685913086, -0.26151418685913086, -0.26151418685913086, -0.26151418685913086, -0.26151418685913086, -0.26151418685913086, -0.26151418685913086]}, "_wandb": {"runtime": 111}}