{"epoch": 41, "loss": 1421085184.0, "_timestamp": 1678805740.0272584, "_runtime": 155.44507551193237, "_step": 39, "parameters/value_func.nn.0.weight": {"_type": "histogram", "values": [1.0, 1.0, 1.0, 2.0, 1.0, 0.0, 4.0, 2.0, 5.0, 2.0, 4.0, 3.0, 6.0, 10.0, 11.0, 10.0, 19.0, 14.0, 17.0, 29.0, 27.0, 36.0, 32.0, 39.0, 36.0, 31.0, 32.0, 38.0, 44.0, 35.0, 29.0, 43.0, 43.0, 70.0, 50.0, 46.0, 43.0, 33.0, 26.0, 34.0, 28.0, 43.0, 28.0, 33.0, 25.0, 19.0, 23.0, 23.0, 29.0, 26.0, 14.0, 16.0, 14.0, 11.0, 6.0, 6.0, 6.0, 11.0, 3.0, 4.0, 0.0, 1.0, 0.0, 2.0], "bins": [-0.5072824954986572, -0.49236544966697693, -0.47744837403297424, -0.46253132820129395, -0.44761425256729126, -0.43269720673561096, -0.41778016090393066, -0.402863085269928, -0.3879460096359253, -0.373028963804245, -0.3581118881702423, -0.343194842338562, -0.3282777667045593, -0.31336072087287903, -0.29844367504119873, -0.28352659940719604, -0.26860955357551575, -0.25369250774383545, -0.23877543210983276, -0.22385838627815247, -0.20894131064414978, -0.19402426481246948, -0.179107204079628, -0.1641901433467865, -0.149273082613945, -0.13435602188110352, -0.11943896114826202, -0.10452190786600113, -0.08960484713315964, -0.07468778640031815, -0.05977073311805725, -0.04485367238521576, -0.029936641454696655, -0.015019582584500313, -0.00010252371430397034, 0.014814533293247223, 0.029731594026088715, 0.044648654758930206, 0.0595657080411911, 0.07448276877403259, 0.08939982950687408, 0.10431689023971558, 0.11923395097255707, 0.13415101170539856, 0.14906805753707886, 0.16398513317108154, 0.17890217900276184, 0.19381923973560333, 0.20873630046844482, 0.22365336120128632, 0.2385704219341278, 0.2534874677658081, 0.2684045433998108, 0.2833215892314911, 0.2982386350631714, 0.3131557106971741, 0.32807278633117676, 0.34298983216285706, 0.35790690779685974, 0.37282395362854004, 0.3877410292625427, 0.402658075094223, 0.4175751209259033, 0.432492196559906, 0.4474092423915863]}, "parameters/value_func.nn.0.bias": {"_type": "histogram", "values": [1.0, 1.0, 1.0, 5.0, 3.0, 6.0, 10.0, 9.0, 8.0, 10.0, 11.0, 11.0, 5.0, 5.0, 3.0, 3.0, 3.0, 3.0, 3.0, 3.0, 2.0, 0.0, 6.0, 1.0, 1.0, 3.0, 3.0, 3.0, 3.0, 3.0, 2.0, 5.0, 4.0, 8.0, 3.0, 3.0, 2.0, 6.0, 6.0, 5.0, 4.0, 1.0, 4.0, 3.0, 3.0, 4.0, 5.0, 4.0, 6.0, 5.0, 5.0, 2.0, 3.0, 2.0, 2.0, 5.0, 7.0, 3.0, 5.0, 2.0, 3.0, 1.0, 2.0, 2.0], "bins": [-0.277357816696167, -0.2670685052871704, -0.25677919387817383, -0.24648988246917725, -0.23620055615901947, -0.2259112447500229, -0.2156219333410263, -0.20533260703086853, -0.19504329562187195, -0.18475398421287537, -0.17446467280387878, -0.1641753613948822, -0.15388603508472443, -0.14359672367572784, -0.13330741226673126, -0.12301809340715408, -0.1127287894487381, -0.10243947803974152, -0.09215015918016434, -0.08186084777116776, -0.07157152891159058, -0.061282217502593994, -0.05099290609359741, -0.04070358723402023, -0.03041427582502365, -0.02012496069073677, -0.00983564741909504, 0.0004536658525466919, 0.010742980986833572, 0.021032296121120453, 0.031321607530117035, 0.041610926389694214, 0.051900237798690796, 0.062189552932977676, 0.07247886806726456, 0.08276817947626114, 0.09305749833583832, 0.1033468097448349, 0.11363612115383148, 0.12392544001340866, 0.13421475887298584, 0.14450407028198242, 0.154793381690979, 0.16508269309997559, 0.17537201941013336, 0.18566133081912994, 0.19595064222812653, 0.2062399685382843, 0.2165292650461197, 0.22681857645511627, 0.23710788786411285, 0.24739721417427063, 0.2576865255832672, 0.2679758369922638, 0.2782651484012604, 0.28855445981025696, 0.29884377121925354, 0.3091330826282501, 0.3194223940372467, 0.3297117054462433, 0.34000101685523987, 0.35029035806655884, 0.3605796694755554, 0.370868980884552, 0.3811582922935486]}, "parameters/value_func.nn.2.weight": {"_type": "histogram", "values": [1.0, 0.0, 0.0, 0.0, 0.0, 0.0, 0.0, 0.0, 2.0, 0.0, 1.0, 0.0, 1.0, 1.0, 4.0, 3.0, 3.0, 7.0, 5.0, 7.0, 8.0, 4.0, 8.0, 4.0, 7.0, 8.0, 14.0, 5.0, 13.0, 6.0, 7.0, 10.0, 8.0, 7.0, 4.0, 6.0, 5.0, 10.0, 7.0, 6.0, 1.0, 3.0, 4.0, 6.0, 3.0, 7.0, 3.0, 3.0, 3.0, 4.0, 3.0, 3.0, 2.0, 5.0, 2.0, 4.0, 1.0, 2.0, 5.0, 4.0, 1.0, 1.0, 2.0, 2.0], "bins": [-0.42276015877723694, -0.41201695799827576, -0.4012737274169922, -0.390530526638031, -0.3797873258590698, -0.36904412508010864, -0.3583008944988251, -0.3475576937198639, -0.3368144631385803, -0.32607126235961914, -0.31532803177833557, -0.3045848309993744, -0.2938416302204132, -0.28309839963912964, -0.27235519886016846, -0.2616119980812073, -0.2508687973022461, -0.24012558162212372, -0.22938238084316254, -0.21863916516304016, -0.20789596438407898, -0.1971527487039566, -0.18640953302383423, -0.17566633224487305, -0.16492311656475067, -0.1541799008846283, -0.14343670010566711, -0.13269348442554474, -0.12195027619600296, -0.11120706796646118, -0.1004638522863388, -0.08972064405679703, -0.07897740602493286, -0.06823419779539108, -0.057490985840559006, -0.04674777388572693, -0.03600456565618515, -0.02526135742664337, -0.014518141746520996, -0.0037749335169792175, 0.006968274712562561, 0.01771148480474949, 0.028454694896936417, 0.039197906851768494, 0.04994111508131027, 0.06068432331085205, 0.07142753899097443, 0.0821707472205162, 0.09291395545005798, 0.10365716367959976, 0.11440037190914154, 0.12514358758926392, 0.1358867883682251, 0.14663000404834747, 0.15737321972846985, 0.16811642050743103, 0.1788596361875534, 0.18960285186767578, 0.20034605264663696, 0.21108926832675934, 0.2218324840068817, 0.2325756847858429, 0.24331890046596527, 0.25406211614608765, 0.26480531692504883]}, "parameters/value_func.nn.2.bias": {"_type": "histogram", "values": [0.0, 0.0, 0.0, 0.0, 0.0, 0.0, 0.0, 0.0, 0.0, 0.0, 0.0, 0.0, 0.0, 0.0, 0.0, 0.0, 0.0, 0.0, 0.0, 0.0, 0.0, 0.0, 0.0, 0.0, 0.0, 0.0, 0.0, 0.0, 0.0, 0.0, 0.0, 0.0, 1.0, 0.0, 0.0, 0.0, 0.0, 0.0, 0.0, 0.0, 0.0, 0.0, 0.0, 0.0, 0.0, 0.0, 0.0, 0.0, 0.0, 0.0, 0.0, 0.0, 0.0, 0.0, 0.0, 0.0, 0.0, 0.0, 0.0, 0.0, 0.0, 0.0, 0.0, 0.0], "bins": [-0.24121899902820587, -0.24121899902820587, -0.24121899902820587, -0.24121899902820587, -0.24121899902820587, -0.24121899902820587, -0.24121899902820587, -0.24121899902820587, -0.24121899902820587, -0.24121899902820587, -0.24121899902820587, -0.24121899902820587, -0.24121899902820587, -0.24121899902820587, -0.24121899902820587, -0.24121899902820587, -0.24121899902820587, -0.24121899902820587, -0.24121899902820587, -0.24121899902820587, -0.24121899902820587, -0.24121899902820587, -0.24121899902820587, -0.24121899902820587, -0.24121899902820587, -0.24121899902820587, -0.24121899902820587, -0.24121899902820587, -0.24121899902820587, -0.24121899902820587, -0.24121899902820587, -0.24121899902820587, -0.24121899902820587, -0.24121899902820587, -0.24121899902820587, -0.24121899902820587, -0.24121899902820587, -0.24121899902820587, -0.24121899902820587, -0.24121899902820587, -0.24121899902820587, -0.24121899902820587, -0.24121899902820587, -0.24121899902820587, -0.24121899902820587, -0.24121899902820587, -0.24121899902820587, -0.24121899902820587, -0.24121899902820587, -0.24121899902820587, -0.24121899902820587, -0.24121899902820587, -0.24121899902820587, -0.24121899902820587, -0.24121899902820587, -0.24121899902820587, -0.24121899902820587, -0.24121899902820587, -0.24121899902820587, -0.24121899902820587, -0.24121899902820587, -0.24121899902820587, -0.24121899902820587, -0.24121899902820587, -0.24121899902820587]}, "_wandb": {"runtime": 158}}