{"epoch": 20, "loss": 1955690240.0, "_timestamp": 1678376215.6136513, "_runtime": 84.95598721504211, "_step": 19, "parameters/value_func.nn.0.weight": {"_type": "histogram", "values": [6.0, 1.0, 5.0, 6.0, 2.0, 6.0, 13.0, 8.0, 10.0, 11.0, 9.0, 4.0, 10.0, 10.0, 14.0, 16.0, 15.0, 15.0, 8.0, 7.0, 14.0, 15.0, 12.0, 6.0, 19.0, 11.0, 20.0, 18.0, 11.0, 14.0, 9.0, 11.0, 11.0, 16.0, 9.0, 17.0, 10.0, 14.0, 11.0, 11.0, 6.0, 10.0, 13.0, 16.0, 11.0, 12.0, 11.0, 11.0, 19.0, 15.0, 14.0, 12.0, 10.0, 13.0, 3.0, 8.0, 6.0, 4.0, 3.0, 0.0, 3.0, 2.0, 0.0, 3.0], "bins": [-0.28226983547210693, -0.27334168553352356, -0.2644135057926178, -0.2554853558540344, -0.24655720591545105, -0.23762904107570648, -0.22870087623596191, -0.21977272629737854, -0.21084456145763397, -0.2019163966178894, -0.19298824667930603, -0.18406008183956146, -0.1751319169998169, -0.16620376706123352, -0.15727560222148895, -0.14834743738174438, -0.139419287443161, -0.13049112260341644, -0.12156297266483307, -0.1126348078250885, -0.10370665043592453, -0.09477849304676056, -0.08585032820701599, -0.07692217081785202, -0.06799401342868805, -0.05906585603952408, -0.05013769492506981, -0.04120953381061554, -0.03228137642145157, -0.023353219032287598, -0.014425057917833328, -0.005496896803379059, 0.003431260585784912, 0.012359419837594032, 0.021287579089403152, 0.030215738341212273, 0.03914389759302139, 0.048072054982185364, 0.05700021609663963, 0.0659283772110939, 0.07485653460025787, 0.08378469198942184, 0.09271284937858582, 0.10164101421833038, 0.11056917160749435, 0.11949732899665833, 0.1284254938364029, 0.13735365867614746, 0.14628180861473083, 0.1552099734544754, 0.16413812339305878, 0.17306628823280334, 0.18199443817138672, 0.1909226030111313, 0.19985076785087585, 0.20877891778945923, 0.2177070826292038, 0.22663524746894836, 0.23556339740753174, 0.2444915622472763, 0.2534197270870209, 0.26234787702560425, 0.2712760269641876, 0.2802042067050934, 0.28913235664367676]}, "parameters/value_func.nn.0.bias": {"_type": "histogram", "values": [3.0, 1.0, 2.0, 1.0, 3.0, 2.0, 2.0, 2.0, 1.0, 6.0, 6.0, 2.0, 0.0, 4.0, 6.0, 0.0, 0.0, 1.0, 2.0, 3.0, 0.0, 1.0, 3.0, 2.0, 1.0, 0.0, 2.0, 0.0, 2.0, 0.0, 3.0, 1.0, 0.0, 1.0, 4.0, 1.0, 1.0, 1.0, 4.0, 3.0, 0.0, 5.0, 0.0, 1.0, 1.0, 1.0, 1.0, 1.0, 2.0, 0.0, 2.0, 2.0, 2.0, 1.0, 3.0, 0.0, 2.0, 1.0, 3.0, 3.0, 4.0, 6.0, 3.0, 7.0], "bins": [-0.06979119032621384, -0.0674685537815094, -0.06514592468738556, -0.06282329559326172, -0.06050065904855728, -0.05817802622914314, -0.055855393409729004, -0.053532760590314865, -0.051210127770900726, -0.04888749495148659, -0.04656486213207245, -0.04424222931265831, -0.04191959649324417, -0.03959696367383003, -0.037274330854415894, -0.034951698035001755, -0.032629065215587616, -0.030306432396173477, -0.02798379957675934, -0.0256611667573452, -0.02333853393793106, -0.021015901118516922, -0.018693268299102783, -0.016370635479688644, -0.014048002660274506, -0.011725369840860367, -0.009402737021446228, -0.007080104202032089, -0.0047574713826179504, -0.0024348385632038116, -0.00011220574378967285, 0.002210427075624466, 0.004533059895038605, 0.0068556927144527435, 0.009178325533866882, 0.011500958353281021, 0.01382359117269516, 0.0161462239921093, 0.018468856811523438, 0.020791489630937576, 0.023114122450351715, 0.025436755269765854, 0.027759388089179993, 0.03008202090859413, 0.03240465372800827, 0.03472728654742241, 0.03704991936683655, 0.03937255218625069, 0.041695185005664825, 0.044017817825078964, 0.0463404506444931, 0.04866308346390724, 0.05098571628332138, 0.05330834910273552, 0.05563098192214966, 0.0579536147415638, 0.060276247560977936, 0.06259888410568237, 0.06492151319980621, 0.06724414229393005, 0.06956677883863449, 0.07188941538333893, 0.07421204447746277, 0.07653467357158661, 0.07885731011629105]}, "parameters/value_func.nn.2.weight": {"_type": "histogram", "values": [1.0, 0.0, 3.0, 0.0, 3.0, 4.0, 1.0, 1.0, 6.0, 1.0, 0.0, 2.0, 2.0, 4.0, 3.0, 2.0, 2.0, 2.0, 1.0, 1.0, 1.0, 2.0, 2.0, 0.0, 4.0, 2.0, 4.0, 0.0, 0.0, 2.0, 6.0, 3.0, 4.0, 1.0, 1.0, 1.0, 3.0, 2.0, 2.0, 3.0, 3.0, 1.0, 1.0, 2.0, 6.0, 3.0, 4.0, 2.0, 0.0, 4.0, 3.0, 1.0, 1.0, 4.0, 2.0, 0.0, 1.0, 1.0, 1.0, 1.0, 1.0, 1.0, 1.0, 2.0], "bins": [-0.26888108253479004, -0.26164939999580383, -0.25441768765449524, -0.24718600511550903, -0.23995430767536163, -0.23272262513637543, -0.22549092769622803, -0.21825924515724182, -0.21102754771709442, -0.20379585027694702, -0.19656416773796082, -0.18933247029781342, -0.18210077285766602, -0.1748690903186798, -0.1676373928785324, -0.160405695438385, -0.1531740128993988, -0.1459423154592514, -0.1387106329202652, -0.1314789354801178, -0.124247245490551, -0.11701555550098419, -0.10978385806083679, -0.10255216807126999, -0.09532046318054199, -0.08808877319097519, -0.08085707575082779, -0.07362538576126099, -0.06639369577169418, -0.05916200205683708, -0.05193030834197998, -0.04469861835241318, -0.037466928362846375, -0.030235236510634422, -0.02300354465842247, -0.01577185094356537, -0.008540159091353416, -0.0013084672391414642, 0.005923226475715637, 0.01315491646528244, 0.02038661018013954, 0.027618302032351494, 0.034849993884563446, 0.04208168759942055, 0.04931338131427765, 0.05654507130384445, 0.06377676129341125, 0.07100845873355865, 0.07824014872312546, 0.08547183871269226, 0.09270353615283966, 0.09993522614240646, 0.10716691613197327, 0.11439861357212067, 0.12163030356168747, 0.12886199355125427, 0.13609369099140167, 0.14332538843154907, 0.15055707097053528, 0.15778876841068268, 0.16502046585083008, 0.17225214838981628, 0.17948384582996368, 0.18671554327011108, 0.1939472258090973]}, "parameters/value_func.nn.2.bias": {"_type": "histogram", "values": [0.0, 0.0, 0.0, 0.0, 0.0, 0.0, 0.0, 0.0, 0.0, 0.0, 0.0, 0.0, 0.0, 0.0, 0.0, 0.0, 0.0, 0.0, 0.0, 0.0, 0.0, 0.0, 0.0, 0.0, 0.0, 0.0, 0.0, 0.0, 0.0, 0.0, 0.0, 0.0, 1.0, 0.0, 0.0, 0.0, 0.0, 0.0, 0.0, 0.0, 0.0, 0.0, 0.0, 0.0, 0.0, 0.0, 0.0, 0.0, 0.0, 0.0, 0.0, 0.0, 0.0, 0.0, 0.0, 0.0, 0.0, 0.0, 0.0, 0.0, 0.0, 0.0, 0.0, 0.0], "bins": [-0.07566890865564346, -0.07566890865564346, -0.07566890865564346, -0.07566890865564346, -0.07566890865564346, -0.07566890865564346, -0.07566890865564346, -0.07566890865564346, -0.07566890865564346, -0.07566890865564346, -0.07566890865564346, -0.07566890865564346, -0.07566890865564346, -0.07566890865564346, -0.07566890865564346, -0.07566890865564346, -0.07566890865564346, -0.07566890865564346, -0.07566890865564346, -0.07566890865564346, -0.07566890865564346, -0.07566890865564346, -0.07566890865564346, -0.07566890865564346, -0.07566890865564346, -0.07566890865564346, -0.07566890865564346, -0.07566890865564346, -0.07566890865564346, -0.07566890865564346, -0.07566890865564346, -0.07566890865564346, -0.07566890865564346, -0.07566890865564346, -0.07566890865564346, -0.07566890865564346, -0.07566890865564346, -0.07566890865564346, -0.07566890865564346, -0.07566890865564346, -0.07566890865564346, -0.07566890865564346, -0.07566890865564346, -0.07566890865564346, -0.07566890865564346, -0.07566890865564346, -0.07566890865564346, -0.07566890865564346, -0.07566890865564346, -0.07566890865564346, -0.07566890865564346, -0.07566890865564346, -0.07566890865564346, -0.07566890865564346, -0.07566890865564346, -0.07566890865564346, -0.07566890865564346, -0.07566890865564346, -0.07566890865564346, -0.07566890865564346, -0.07566890865564346, -0.07566890865564346, -0.07566890865564346, -0.07566890865564346, -0.07566890865564346]}, "_wandb": {"runtime": 84}}