{"epoch": 202, "loss": 2752171776.0, "_timestamp": 1678387867.276101, "_runtime": 306.62658500671387, "_step": 201, "parameters/value_func.nn.0.weight": {"_type": "histogram", "values": [1.0, 0.0, 0.0, 1.0, 0.0, 1.0, 3.0, 2.0, 4.0, 4.0, 5.0, 7.0, 5.0, 9.0, 17.0, 9.0, 11.0, 12.0, 5.0, 7.0, 13.0, 14.0, 17.0, 12.0, 11.0, 14.0, 25.0, 21.0, 13.0, 22.0, 24.0, 31.0, 26.0, 25.0, 24.0, 17.0, 17.0, 14.0, 11.0, 11.0, 19.0, 24.0, 17.0, 6.0, 13.0, 10.0, 12.0, 11.0, 14.0, 7.0, 6.0, 12.0, 3.0, 5.0, 5.0, 1.0, 1.0, 3.0, 1.0, 1.0, 1.0, 1.0, 1.0, 1.0], "bins": [-0.9737908840179443, -0.943556547164917, -0.9133222103118896, -0.8830878734588623, -0.8528535962104797, -0.8226192593574524, -0.792384922504425, -0.7621505856513977, -0.7319163084030151, -0.7016819715499878, -0.6714476346969604, -0.6412132978439331, -0.6109790205955505, -0.5807446837425232, -0.5505103468894958, -0.5202760100364685, -0.49004167318344116, -0.4598073363304138, -0.42957302927970886, -0.3993386924266815, -0.36910438537597656, -0.3388700485229492, -0.3086357116699219, -0.27840137481689453, -0.24816706776618958, -0.21793274581432343, -0.18769842386245728, -0.15746408700942993, -0.12722976505756378, -0.09699544310569763, -0.06676110625267029, -0.03652678430080414, -0.006292521953582764, 0.023941803723573685, 0.05417612940073013, 0.08441045880317688, 0.11464478075504303, 0.14487910270690918, 0.17511343955993652, 0.20534776151180267, 0.23558208346366882, 0.26581642031669617, 0.2960507273674011, 0.32628506422042847, 0.3565194010734558, 0.38675370812416077, 0.4169880449771881, 0.44722235202789307, 0.4774566888809204, 0.5076910257339478, 0.5379253625869751, 0.5681596994400024, 0.598393976688385, 0.6286283135414124, 0.6588626503944397, 0.689096987247467, 0.7193312644958496, 0.749565601348877, 0.7797999382019043, 0.8100342750549316, 0.8402685523033142, 0.8705028891563416, 0.9007372260093689, 0.9309715628623962, 0.9612058997154236]}, "parameters/value_func.nn.0.bias": {"_type": "histogram", "values": [1.0, 0.0, 1.0, 0.0, 1.0, 1.0, 0.0, 0.0, 0.0, 3.0, 3.0, 1.0, 4.0, 2.0, 1.0, 1.0, 2.0, 2.0, 0.0, 0.0, 1.0, 1.0, 0.0, 0.0, 0.0, 1.0, 0.0, 0.0, 0.0, 0.0, 0.0, 1.0, 1.0, 0.0, 0.0, 0.0, 1.0, 0.0, 1.0, 0.0, 3.0, 1.0, 3.0, 5.0, 0.0, 4.0, 2.0, 4.0, 5.0, 5.0, 10.0, 11.0, 7.0, 7.0, 12.0, 7.0, 4.0, 0.0, 2.0, 4.0, 1.0, 0.0, 0.0, 1.0], "bins": [-0.9037947654724121, -0.8872135877609253, -0.8706324100494385, -0.8540512919425964, -0.8374701142311096, -0.8208889365196228, -0.804307758808136, -0.787726640701294, -0.7711454629898071, -0.7545642852783203, -0.7379831075668335, -0.7214019894599915, -0.7048208117485046, -0.6882396340370178, -0.671658456325531, -0.655077338218689, -0.6384961605072021, -0.6219149827957153, -0.6053338050842285, -0.5887526869773865, -0.5721715092658997, -0.5555903315544128, -0.539009153842926, -0.522428035736084, -0.5058467984199524, -0.4892656207084656, -0.47268447279930115, -0.45610329508781433, -0.4395221471786499, -0.4229409694671631, -0.40635979175567627, -0.38977864384651184, -0.373197466135025, -0.3566162884235382, -0.3400351405143738, -0.32345396280288696, -0.30687281489372253, -0.2902916371822357, -0.2737104892730713, -0.2571293115615845, -0.24054814875125885, -0.22396698594093323, -0.2073858231306076, -0.19080466032028198, -0.17422348260879517, -0.15764233469963074, -0.14106115698814392, -0.1244799941778183, -0.10789883136749268, -0.09131766855716705, -0.07473650574684143, -0.05815533548593521, -0.04157417267560959, -0.024993009865283966, -0.008411839604377747, 0.008169323205947876, 0.0247504860162735, 0.04133164882659912, 0.05791281536221504, 0.07449398189783096, 0.09107514470815659, 0.10765630751848221, 0.12423747777938843, 0.14081864058971405, 0.15739980340003967]}, "parameters/value_func.nn.2.weight": {"_type": "histogram", "values": [2.0, 0.0, 0.0, 0.0, 0.0, 0.0, 1.0, 4.0, 3.0, 1.0, 3.0, 8.0, 7.0, 14.0, 5.0, 8.0, 10.0, 9.0, 2.0, 1.0, 1.0, 0.0, 0.0, 0.0, 2.0, 1.0, 1.0, 0.0, 1.0, 2.0, 3.0, 1.0, 0.0, 2.0, 0.0, 0.0, 1.0, 0.0, 1.0, 2.0, 0.0, 0.0, 0.0, 3.0, 1.0, 2.0, 2.0, 2.0, 2.0, 1.0, 2.0, 3.0, 2.0, 4.0, 0.0, 0.0, 0.0, 1.0, 2.0, 1.0, 2.0, 1.0, 0.0, 1.0], "bins": [-0.9055930972099304, -0.8748841285705566, -0.8441752195358276, -0.8134662508964539, -0.7827572822570801, -0.7520483732223511, -0.7213394045829773, -0.6906304359436035, -0.6599215269088745, -0.6292125582695007, -0.5985036492347717, -0.567794680595398, -0.5370857119560242, -0.5063767433166504, -0.4756678342819214, -0.4449588656425476, -0.41424989700317383, -0.38354095816612244, -0.35283198952674866, -0.32212305068969727, -0.2914140820503235, -0.2607051432132721, -0.2299962043762207, -0.19928725063800812, -0.16857829689979553, -0.13786934316158295, -0.10716039687395096, -0.07645145058631897, -0.045742496848106384, -0.015033543109893799, 0.015675395727157593, 0.04638434946537018, 0.07709336280822754, 0.10780231654644012, 0.1385112702846527, 0.1692202091217041, 0.1999291628599167, 0.23063811659812927, 0.26134705543518066, 0.29205602407455444, 0.32276496291160583, 0.3534739017486572, 0.384182870388031, 0.4148918092250824, 0.4456007480621338, 0.47630971670150757, 0.5070186853408813, 0.5377275943756104, 0.5684365630149841, 0.5991455316543579, 0.6298544406890869, 0.6605634093284607, 0.6912723779678345, 0.7219812870025635, 0.7526902556419373, 0.783399224281311, 0.81410813331604, 0.8448171019554138, 0.8755260109901428, 0.9062349796295166, 0.9369439482688904, 0.9676529169082642, 0.9983618259429932, 1.0290707349777222, 1.0597797632217407]}, "parameters/value_func.nn.2.bias": {"_type": "histogram", "values": [0.0, 0.0, 0.0, 0.0, 0.0, 0.0, 0.0, 0.0, 0.0, 0.0, 0.0, 0.0, 0.0, 0.0, 0.0, 0.0, 0.0, 0.0, 0.0, 0.0, 0.0, 0.0, 0.0, 0.0, 0.0, 0.0, 0.0, 0.0, 0.0, 0.0, 0.0, 1.0, 0.0, 0.0, 0.0, 0.0, 0.0, 0.0, 0.0, 0.0, 0.0, 0.0, 0.0, 0.0, 0.0, 0.0, 0.0, 0.0, 0.0, 0.0, 0.0, 0.0, 0.0, 0.0, 0.0, 0.0, 0.0, 0.0, 0.0, 0.0, 0.0, 0.0, 0.0, 0.0], "bins": [-0.10132449120283127, -0.10132449120283127, -0.10132449120283127, -0.10132449120283127, -0.10132449120283127, -0.10132449120283127, -0.10132449120283127, -0.10132449120283127, -0.10132449120283127, -0.10132449120283127, -0.10132449120283127, -0.10132449120283127, -0.10132449120283127, -0.10132449120283127, -0.10132449120283127, -0.10132449120283127, -0.10132449120283127, -0.10132449120283127, -0.10132449120283127, -0.10132449120283127, -0.10132449120283127, -0.10132449120283127, -0.10132449120283127, -0.10132449120283127, -0.10132449120283127, -0.10132449120283127, -0.10132449120283127, -0.10132449120283127, -0.10132449120283127, -0.10132449120283127, -0.10132449120283127, -0.10132449120283127, -0.10132449120283127, -0.10132449120283127, -0.10132449120283127, -0.10132449120283127, -0.10132449120283127, -0.10132449120283127, -0.10132449120283127, -0.10132449120283127, -0.10132449120283127, -0.10132449120283127, -0.10132449120283127, -0.10132449120283127, -0.10132449120283127, -0.10132449120283127, -0.10132449120283127, -0.10132449120283127, -0.10132449120283127, -0.10132449120283127, -0.10132449120283127, -0.10132449120283127, -0.10132449120283127, -0.10132449120283127, -0.10132449120283127, -0.10132449120283127, -0.10132449120283127, -0.10132449120283127, -0.10132449120283127, -0.10132449120283127, -0.10132449120283127, -0.10132449120283127, -0.10132449120283127, -0.10132449120283127, -0.10132449120283127]}, "_wandb": {"runtime": 305}}