{"epoch": 9, "loss": 2718801408.0, "_timestamp": 1678806191.8553073, "_runtime": 21.49168038368225, "_step": 7, "parameters/value_func.nn.0.weight": {"_type": "histogram", "values": [1.0, 1.0, 3.0, 1.0, 1.0, 1.0, 7.0, 1.0, 1.0, 6.0, 4.0, 7.0, 10.0, 9.0, 11.0, 11.0, 16.0, 12.0, 9.0, 17.0, 7.0, 17.0, 12.0, 20.0, 28.0, 25.0, 22.0, 26.0, 33.0, 19.0, 23.0, 30.0, 25.0, 11.0, 16.0, 13.0, 14.0, 19.0, 18.0, 14.0, 18.0, 19.0, 5.0, 17.0, 6.0, 8.0, 7.0, 6.0, 7.0, 5.0, 2.0, 2.0, 2.0, 5.0, 1.0, 3.0, 1.0, 2.0, 0.0, 1.0, 0.0, 0.0, 0.0, 2.0], "bins": [-0.39078205823898315, -0.377761572599411, -0.36474111676216125, -0.3517206311225891, -0.33870017528533936, -0.3256796896457672, -0.31265920400619507, -0.2996387481689453, -0.28661829233169556, -0.2735978066921234, -0.26057735085487366, -0.2475568652153015, -0.23453640937805176, -0.22151592373847961, -0.20849545300006866, -0.19547498226165771, -0.18245449662208557, -0.16943402588367462, -0.15641355514526367, -0.14339306950569153, -0.13037261366844177, -0.11735213547945023, -0.10433165729045868, -0.09131118655204773, -0.07829071581363678, -0.06527024507522583, -0.05224977061152458, -0.039229296147823334, -0.026208825409412384, -0.013188354671001434, -0.0001678764820098877, 0.012852594256401062, 0.025873035192489624, 0.038893505930900574, 0.05191398039460182, 0.06493445485830307, 0.07795492559671402, 0.09097539633512497, 0.10399587452411652, 0.11701634526252747, 0.13003681600093842, 0.14305728673934937, 0.15607775747776031, 0.16909822821617126, 0.1821187138557434, 0.19513916969299316, 0.2081596553325653, 0.22118012607097626, 0.2342005968093872, 0.24722106754779816, 0.2602415382862091, 0.27326202392578125, 0.286282479763031, 0.29930296540260315, 0.3123234510421753, 0.32534390687942505, 0.3383643627166748, 0.35138484835624695, 0.3644053041934967, 0.37742578983306885, 0.3904462456703186, 0.40346673130989075, 0.4164872169494629, 0.42950767278671265, 0.4425281584262848]}, "parameters/value_func.nn.0.bias": {"_type": "histogram", "values": [14.0, 8.0, 9.0, 3.0, 7.0, 4.0, 3.0, 0.0, 3.0, 2.0, 2.0, 0.0, 0.0, 1.0, 1.0, 0.0, 0.0, 0.0, 0.0, 0.0, 0.0, 2.0, 1.0, 1.0, 1.0, 1.0, 0.0, 1.0, 3.0, 1.0, 1.0, 1.0, 2.0, 0.0, 2.0, 3.0, 1.0, 0.0, 1.0, 0.0, 2.0, 3.0, 1.0, 1.0, 2.0, 0.0, 0.0, 0.0, 0.0, 0.0, 1.0, 1.0, 0.0, 1.0, 0.0, 1.0, 0.0, 2.0, 3.0, 2.0, 1.0, 3.0, 4.0, 21.0], "bins": [-0.09830927848815918, -0.09522226452827454, -0.0921352431178093, -0.08904822915792465, -0.08596121519804001, -0.08287419378757477, -0.07978717982769012, -0.07670016586780548, -0.07361314445734024, -0.0705261304974556, -0.06743910908699036, -0.06435209512710571, -0.06126507744193077, -0.05817805975675583, -0.055091045796871185, -0.05200402811169624, -0.0489170141518116, -0.04582999646663666, -0.042742982506752014, -0.03965596482157707, -0.03656894713640213, -0.03348193317651749, -0.030394915491342545, -0.027307897806167603, -0.02422088198363781, -0.021133866161108017, -0.018046848475933075, -0.014959832653403282, -0.011872815899550915, -0.008785799145698547, -0.005698783323168755, -0.0026117656379938126, 0.0004752501845359802, 0.003562266705557704, 0.006649283226579428, 0.009736299514770508, 0.012823316268622875, 0.015910333022475243, 0.018997348845005035, 0.022084366530179977, 0.02517138235270977, 0.028258398175239563, 0.031345415860414505, 0.03443243354558945, 0.03751944750547409, 0.04060646519064903, 0.043693482875823975, 0.04678049683570862, 0.04986751452088356, 0.0529545322060585, 0.056041546165943146, 0.05912856385111809, 0.06221558153629303, 0.06530259549617767, 0.06838960945606232, 0.07147663086652756, 0.0745636448264122, 0.07765065878629684, 0.08073768019676208, 0.08382469415664673, 0.08691170811653137, 0.08999872952699661, 0.09308574348688126, 0.0961727648973465, 0.09925977885723114]}, "parameters/value_func.nn.2.weight": {"_type": "histogram", "values": [1.0, 0.0, 0.0, 0.0, 0.0, 0.0, 0.0, 0.0, 0.0, 0.0, 0.0, 0.0, 2.0, 0.0, 0.0, 0.0, 1.0, 0.0, 0.0, 1.0, 2.0, 2.0, 1.0, 1.0, 3.0, 2.0, 3.0, 2.0, 1.0, 5.0, 6.0, 3.0, 4.0, 2.0, 7.0, 9.0, 4.0, 7.0, 2.0, 2.0, 3.0, 3.0, 8.0, 6.0, 5.0, 5.0, 4.0, 5.0, 3.0, 3.0, 2.0, 1.0, 3.0, 0.0, 1.0, 1.0, 0.0, 0.0, 0.0, 0.0, 0.0, 0.0, 1.0, 1.0], "bins": [-0.4963277280330658, -0.4846433103084564, -0.47295889258384705, -0.46127447485923767, -0.4495900571346283, -0.4379056394100189, -0.42622122168540955, -0.41453680396080017, -0.4028523862361908, -0.3911679685115814, -0.37948355078697205, -0.36779913306236267, -0.3561147153377533, -0.3444302976131439, -0.33274587988853455, -0.32106146216392517, -0.3093770146369934, -0.29769259691238403, -0.28600817918777466, -0.2743237614631653, -0.2626393437385559, -0.25095492601394653, -0.23927050828933716, -0.22758609056472778, -0.2159016728401184, -0.20421725511550903, -0.19253283739089966, -0.18084841966629028, -0.1691640019416809, -0.15747958421707153, -0.14579516649246216, -0.13411074876785278, -0.12242633104324341, -0.11074191331863403, -0.09905749559402466, -0.08737307786941528, -0.07568866014480591, -0.06400424242019653, -0.05231981724500656, -0.040635399520397186, -0.02895098179578781, -0.017266564071178436, -0.005582144483923912, 0.006102275103330612, 0.017786692827939987, 0.029471110552549362, 0.041155532002449036, 0.05283994972705841, 0.06452436745166779, 0.07620878517627716, 0.08789320290088654, 0.09957762062549591, 0.11126203835010529, 0.12294645607471466, 0.13463088870048523, 0.1463153064250946, 0.15799972414970398, 0.16968414187431335, 0.18136855959892273, 0.1930529773235321, 0.20473739504814148, 0.21642181277275085, 0.22810623049736023, 0.2397906482219696, 0.251475065946579]}, "parameters/value_func.nn.2.bias": {"_type": "histogram", "values": [0.0, 0.0, 0.0, 0.0, 0.0, 0.0, 0.0, 0.0, 0.0, 0.0, 0.0, 0.0, 0.0, 0.0, 0.0, 0.0, 0.0, 0.0, 0.0, 0.0, 0.0, 0.0, 0.0, 0.0, 0.0, 0.0, 0.0, 0.0, 0.0, 0.0, 0.0, 1.0, 0.0, 0.0, 0.0, 0.0, 0.0, 0.0, 0.0, 0.0, 0.0, 0.0, 0.0, 0.0, 0.0, 0.0, 0.0, 0.0, 0.0, 0.0, 0.0, 0.0, 0.0, 0.0, 0.0, 0.0, 0.0, 0.0, 0.0, 0.0, 0.0, 0.0, 0.0, 0.0], "bins": [-0.09690838307142258, -0.09690838307142258, -0.09690838307142258, -0.09690838307142258, -0.09690838307142258, -0.09690838307142258, -0.09690838307142258, -0.09690838307142258, -0.09690838307142258, -0.09690838307142258, -0.09690838307142258, -0.09690838307142258, -0.09690838307142258, -0.09690838307142258, -0.09690838307142258, -0.09690838307142258, -0.09690838307142258, -0.09690838307142258, -0.09690838307142258, -0.09690838307142258, -0.09690838307142258, -0.09690838307142258, -0.09690838307142258, -0.09690838307142258, -0.09690838307142258, -0.09690838307142258, -0.09690838307142258, -0.09690838307142258, -0.09690838307142258, -0.09690838307142258, -0.09690838307142258, -0.09690838307142258, -0.09690838307142258, -0.09690838307142258, -0.09690838307142258, -0.09690838307142258, -0.09690838307142258, -0.09690838307142258, -0.09690838307142258, -0.09690838307142258, -0.09690838307142258, -0.09690838307142258, -0.09690838307142258, -0.09690838307142258, -0.09690838307142258, -0.09690838307142258, -0.09690838307142258, -0.09690838307142258, -0.09690838307142258, -0.09690838307142258, -0.09690838307142258, -0.09690838307142258, -0.09690838307142258, -0.09690838307142258, -0.09690838307142258, -0.09690838307142258, -0.09690838307142258, -0.09690838307142258, -0.09690838307142258, -0.09690838307142258, -0.09690838307142258, -0.09690838307142258, -0.09690838307142258, -0.09690838307142258, -0.09690838307142258]}, "_wandb": {"runtime": 22}}