{"epoch": 31, "loss": 710987584.0, "_timestamp": 1678804519.3319, "_runtime": 140.01632499694824, "_step": 29, "parameters/value_func.nn.0.weight": {"_type": "histogram", "values": [1.0, 2.0, 2.0, 2.0, 2.0, 0.0, 2.0, 3.0, 2.0, 1.0, 4.0, 2.0, 2.0, 4.0, 3.0, 4.0, 4.0, 0.0, 1.0, 3.0, 6.0, 5.0, 6.0, 6.0, 4.0, 3.0, 10.0, 9.0, 12.0, 8.0, 6.0, 16.0, 12.0, 15.0, 12.0, 4.0, 6.0, 9.0, 9.0, 6.0, 14.0, 4.0, 7.0, 4.0, 4.0, 8.0, 3.0, 8.0, 7.0, 4.0, 2.0, 6.0, 3.0, 3.0, 3.0, 5.0, 4.0, 3.0, 2.0, 6.0, 3.0, 2.0, 2.0, 5.0], "bins": [-0.5294570922851562, -0.5140101313591003, -0.49856317043304443, -0.48311617970466614, -0.46766921877861023, -0.4522222578525543, -0.436775267124176, -0.4213283061981201, -0.4058813452720642, -0.3904343843460083, -0.3749874234199524, -0.3595404326915741, -0.3440934717655182, -0.3286465108394623, -0.313199520111084, -0.2977525591850281, -0.28230559825897217, -0.26685863733291626, -0.25141167640686035, -0.23596468567848206, -0.22051772475242615, -0.20507076382637024, -0.18962378799915314, -0.17417681217193604, -0.15872985124588013, -0.14328289031982422, -0.12783591449260712, -0.11238894611597061, -0.0969419777393341, -0.0814950093626976, -0.0660480409860611, -0.05060107260942459, -0.035154104232788086, -0.01970713585615158, -0.004260167479515076, 0.01118680089712143, 0.026633769273757935, 0.04208073765039444, 0.057527706027030945, 0.07297467440366745, 0.08842164278030396, 0.10386861115694046, 0.11931557953357697, 0.13476255536079407, 0.15020951628684998, 0.16565647721290588, 0.18110345304012299, 0.1965504288673401, 0.211997389793396, 0.2274443507194519, 0.242891326546669, 0.2583383023738861, 0.273785263299942, 0.2892322242259979, 0.3046792149543762, 0.32012617588043213, 0.33557313680648804, 0.35102009773254395, 0.36646705865859985, 0.38191404938697815, 0.39736101031303406, 0.41280797123908997, 0.42825496196746826, 0.44370192289352417, 0.4591488838195801]}, "parameters/value_func.nn.0.bias": {"_type": "histogram", "values": [1.0, 0.0, 0.0, 2.0, 1.0, 1.0, 0.0, 1.0, 1.0, 0.0, 2.0, 0.0, 2.0, 1.0, 1.0, 1.0, 0.0, 3.0, 3.0, 0.0, 2.0, 2.0, 2.0, 0.0, 0.0, 1.0, 2.0, 1.0, 1.0, 1.0, 2.0, 1.0, 1.0, 1.0, 1.0, 0.0, 0.0, 4.0, 2.0, 0.0, 1.0, 1.0, 0.0, 2.0, 0.0, 2.0, 1.0, 0.0, 0.0, 2.0, 0.0, 1.0, 1.0, 0.0, 0.0, 0.0, 2.0, 3.0, 2.0, 0.0, 1.0, 0.0, 0.0, 1.0], "bins": [-0.21829159557819366, -0.2108527421951294, -0.20341388881206512, -0.19597503542900085, -0.1885361671447754, -0.18109732866287231, -0.17365846037864685, -0.16621960699558258, -0.1587807536125183, -0.15134190022945404, -0.14390304684638977, -0.1364641934633255, -0.12902534008026123, -0.12158647924661636, -0.1141476184129715, -0.10670876502990723, -0.09926991164684296, -0.09183105826377869, -0.08439220488071442, -0.07695334404706955, -0.06951449066400528, -0.06207563728094101, -0.05463678017258644, -0.04719792306423187, -0.0397590696811676, -0.03232021629810333, -0.024881359189748764, -0.017442503944039345, -0.010003648698329926, -0.0025647953152656555, 0.004874061793088913, 0.012312918901443481, 0.019751787185668945, 0.027190642431378365, 0.034629497677087784, 0.04206835478544235, 0.04950720816850662, 0.05694606155157089, 0.06438492238521576, 0.07182377576828003, 0.0792626291513443, 0.08670148253440857, 0.09414033591747284, 0.1015791967511177, 0.10901805013418198, 0.11645690351724625, 0.12389576435089111, 0.13133461773395538, 0.13877347111701965, 0.14621232450008392, 0.1536511778831482, 0.16109003126621246, 0.16852888464927673, 0.1759677529335022, 0.18340660631656647, 0.19084545969963074, 0.198284313082695, 0.20572316646575928, 0.21316201984882355, 0.22060087323188782, 0.22803974151611328, 0.23547857999801636, 0.24291744828224182, 0.2503563165664673, 0.25779515504837036]}, "parameters/value_func.nn.2.weight": {"_type": "histogram", "values": [2.0, 0.0, 3.0, 1.0, 0.0, 2.0, 0.0, 2.0, 2.0, 2.0, 2.0, 2.0, 1.0, 2.0, 0.0, 1.0, 1.0, 2.0, 1.0, 1.0, 5.0, 0.0, 1.0, 1.0, 0.0, 0.0, 1.0, 1.0, 0.0, 0.0, 1.0, 2.0, 0.0, 1.0, 1.0, 1.0, 2.0, 0.0, 1.0, 1.0, 1.0, 0.0, 1.0, 1.0, 2.0, 1.0, 1.0, 0.0, 1.0, 1.0, 1.0, 2.0, 0.0, 2.0, 0.0, 0.0, 1.0, 0.0, 0.0, 1.0, 0.0, 1.0, 0.0, 1.0], "bins": [-0.5158840417861938, -0.5012297630310059, -0.48657554388046265, -0.47192129492759705, -0.45726704597473145, -0.44261279702186584, -0.42795854806900024, -0.41330426931381226, -0.39865005016326904, -0.38399580121040344, -0.36934155225753784, -0.35468730330467224, -0.34003305435180664, -0.32537880539894104, -0.31072455644607544, -0.29607027769088745, -0.28141602873802185, -0.26676177978515625, -0.25210753083229065, -0.23745328187942505, -0.22279903292655945, -0.20814478397369385, -0.19349052011966705, -0.17883627116680145, -0.16418202221393585, -0.14952777326107025, -0.13487352430820465, -0.12021926790475845, -0.10556501895189285, -0.09091076999902725, -0.07625651359558105, -0.061602264642715454, -0.046948015689849854, -0.03229376673698425, -0.017639514058828354, -0.002985261380672455, 0.011668987572193146, 0.026323236525058746, 0.040977492928504944, 0.055631741881370544, 0.07028599083423615, 0.08494023978710175, 0.09959448873996735, 0.11424874514341354, 0.12890300154685974, 0.14355725049972534, 0.15821149945259094, 0.17286574840545654, 0.18751999735832214, 0.20217424631118774, 0.21682849526405334, 0.23148274421691895, 0.24613699316978455, 0.26079124212265015, 0.27544552087783813, 0.29009974002838135, 0.30475401878356934, 0.31940826773643494, 0.33406251668930054, 0.34871676564216614, 0.36337101459503174, 0.37802526354789734, 0.39267951250076294, 0.4073337912559509, 0.42198801040649414]}, "parameters/value_func.nn.2.bias": {"_type": "histogram", "values": [0.0, 0.0, 0.0, 0.0, 0.0, 0.0, 0.0, 0.0, 0.0, 0.0, 0.0, 0.0, 0.0, 0.0, 0.0, 0.0, 0.0, 0.0, 0.0, 0.0, 0.0, 0.0, 0.0, 0.0, 0.0, 0.0, 0.0, 0.0, 0.0, 0.0, 0.0, 0.0, 1.0, 0.0, 0.0, 0.0, 0.0, 0.0, 0.0, 0.0, 0.0, 0.0, 0.0, 0.0, 0.0, 0.0, 0.0, 0.0, 0.0, 0.0, 0.0, 0.0, 0.0, 0.0, 0.0, 0.0, 0.0, 0.0, 0.0, 0.0, 0.0, 0.0, 0.0, 0.0], "bins": [-0.2212103307247162, -0.2212103307247162, -0.2212103307247162, -0.2212103307247162, -0.2212103307247162, -0.2212103307247162, -0.2212103307247162, -0.2212103307247162, -0.2212103307247162, -0.2212103307247162, -0.2212103307247162, -0.2212103307247162, -0.2212103307247162, -0.2212103307247162, -0.2212103307247162, -0.2212103307247162, -0.2212103307247162, -0.2212103307247162, -0.2212103307247162, -0.2212103307247162, -0.2212103307247162, -0.2212103307247162, -0.2212103307247162, -0.2212103307247162, -0.2212103307247162, -0.2212103307247162, -0.2212103307247162, -0.2212103307247162, -0.2212103307247162, -0.2212103307247162, -0.2212103307247162, -0.2212103307247162, -0.2212103307247162, -0.2212103307247162, -0.2212103307247162, -0.2212103307247162, -0.2212103307247162, -0.2212103307247162, -0.2212103307247162, -0.2212103307247162, -0.2212103307247162, -0.2212103307247162, -0.2212103307247162, -0.2212103307247162, -0.2212103307247162, -0.2212103307247162, -0.2212103307247162, -0.2212103307247162, -0.2212103307247162, -0.2212103307247162, -0.2212103307247162, -0.2212103307247162, -0.2212103307247162, -0.2212103307247162, -0.2212103307247162, -0.2212103307247162, -0.2212103307247162, -0.2212103307247162, -0.2212103307247162, -0.2212103307247162, -0.2212103307247162, -0.2212103307247162, -0.2212103307247162, -0.2212103307247162, -0.2212103307247162]}, "_wandb": {"runtime": 139}}