{"parameters/value_func.nn.0.weight": {"_type": "histogram", "values": [4.0, 5.0, 5.0, 3.0, 6.0, 2.0, 2.0, 2.0, 2.0, 1.0, 2.0, 3.0, 4.0, 7.0, 5.0, 6.0, 8.0, 5.0, 5.0, 1.0, 13.0, 7.0, 7.0, 9.0, 6.0, 2.0, 9.0, 7.0, 2.0, 7.0, 9.0, 2.0, 8.0, 4.0, 7.0, 9.0, 3.0, 7.0, 7.0, 12.0, 4.0, 6.0, 4.0, 4.0, 6.0, 8.0, 4.0, 8.0, 7.0, 4.0, 2.0, 2.0, 5.0, 3.0, 7.0, 3.0, 2.0, 4.0, 8.0, 3.0, 1.0, 3.0, 4.0, 3.0], "bins": [-0.374708890914917, -0.3628942370414734, -0.3510795831680298, -0.3392649292945862, -0.3274502754211426, -0.315635621547699, -0.30382096767425537, -0.29200631380081177, -0.28019165992736816, -0.26837700605392456, -0.25656235218048096, -0.24474769830703735, -0.23293304443359375, -0.22111839056015015, -0.20930375158786774, -0.19748909771442413, -0.18567445874214172, -0.17385980486869812, -0.16204515099525452, -0.1502304971218109, -0.1384158432483673, -0.1266011893749237, -0.1147865504026413, -0.10297189652919769, -0.09115724265575409, -0.07934258878231049, -0.06752793490886688, -0.055713288486003876, -0.04389863461256027, -0.03208398073911667, -0.020269334316253662, -0.008454680442810059, 0.0033599436283111572, 0.015174595639109612, 0.026989247649908066, 0.03880389779806137, 0.050618551671504974, 0.06243320554494858, 0.07424785196781158, 0.08606250584125519, 0.09787715971469879, 0.1096918135881424, 0.121506467461586, 0.1333211064338684, 0.145135760307312, 0.15695041418075562, 0.16876506805419922, 0.18057972192764282, 0.19239437580108643, 0.20420902967453003, 0.21602368354797363, 0.22783833742141724, 0.23965299129486084, 0.25146764516830444, 0.26328229904174805, 0.27509695291519165, 0.28691160678863525, 0.29872626066207886, 0.31054091453552246, 0.32235556840896606, 0.33417022228240967, 0.34598487615585327, 0.3577995300292969, 0.3696141839027405, 0.3814288079738617]}, "_timestamp": 1678804589.8389933, "parameters/value_func.nn.0.bias": {"_type": "histogram", "values": [8.0, 1.0, 4.0, 1.0, 2.0, 0.0, 0.0, 2.0, 0.0, 0.0, 0.0, 2.0, 1.0, 0.0, 0.0, 0.0, 0.0, 0.0, 0.0, 0.0, 0.0, 0.0, 0.0, 0.0, 1.0, 0.0, 1.0, 0.0, 1.0, 2.0, 3.0, 1.0, 1.0, 0.0, 0.0, 0.0, 0.0, 0.0, 0.0, 0.0, 0.0, 0.0, 1.0, 0.0, 0.0, 0.0, 1.0, 0.0, 0.0, 0.0, 0.0, 2.0, 1.0, 1.0, 0.0, 0.0, 2.0, 1.0, 1.0, 3.0, 4.0, 2.0, 4.0, 10.0], "bins": [-0.0917397066950798, -0.08885882794857025, -0.0859779492020607, -0.08309707045555115, -0.0802161917090416, -0.07733531296253204, -0.07445444166660309, -0.07157356292009354, -0.06869268417358398, -0.06581180542707443, -0.06293092668056488, -0.06005004793405533, -0.057169172912836075, -0.05428829416632652, -0.05140741541981697, -0.04852654039859772, -0.04564565792679787, -0.042764779180288315, -0.03988390043377876, -0.03700302541255951, -0.03412214666604996, -0.031241267919540405, -0.028360389173030853, -0.02547951228916645, -0.0225986335426569, -0.019717754796147346, -0.016836877912282944, -0.013955999165773392, -0.011075121350586414, -0.008194243535399437, -0.005313364788889885, -0.002432487905025482, 0.0004483908414840698, 0.003329268889501691, 0.006210146937519312, 0.009091025218367577, 0.011971903033554554, 0.014852780848741531, 0.017733659595251083, 0.020614536479115486, 0.023495415225625038, 0.02637629397213459, 0.029257170855998993, 0.032138049602508545, 0.0350189283490181, 0.03789980709552765, 0.0407806858420372, 0.043661560863256454, 0.046542439609766006, 0.04942331835627556, 0.05230419710278511, 0.055185072124004364, 0.058065950870513916, 0.06094682961702347, 0.06382770836353302, 0.06670858711004257, 0.06958946585655212, 0.07247034460306168, 0.07535122334957123, 0.07823210209608078, 0.08111298084259033, 0.08399385213851929, 0.08687473833560944, 0.08975560963153839, 0.09263648837804794]}, "parameters/value_func.nn.2.weight": {"_type": "histogram", "values": [1.0, 1.0, 1.0, 0.0, 0.0, 2.0, 0.0, 1.0, 3.0, 0.0, 0.0, 1.0, 1.0, 1.0, 1.0, 1.0, 0.0, 3.0, 1.0, 2.0, 1.0, 1.0, 2.0, 1.0, 0.0, 1.0, 1.0, 2.0, 0.0, 1.0, 2.0, 1.0, 2.0, 1.0, 3.0, 0.0, 1.0, 0.0, 3.0, 0.0, 2.0, 1.0, 1.0, 0.0, 0.0, 1.0, 1.0, 2.0, 4.0, 1.0, 0.0, 1.0, 0.0, 1.0, 0.0, 0.0, 2.0, 0.0, 0.0, 0.0, 0.0, 0.0, 1.0, 3.0], "bins": [-0.37544363737106323, -0.3635190725326538, -0.3515945374965668, -0.33966997265815735, -0.3277454376220703, -0.3158208727836609, -0.30389630794525146, -0.29197177290916443, -0.2800472378730774, -0.26812267303466797, -0.25619813799858093, -0.2442735731601715, -0.23234903812408447, -0.22042447328567505, -0.20849992334842682, -0.1965753734111786, -0.18465080857276917, -0.17272625863552094, -0.1608017086982727, -0.14887714385986328, -0.13695260882377625, -0.12502804398536682, -0.11310349404811859, -0.10117894411087036, -0.08925439417362213, -0.0773298442363739, -0.06540529429912567, -0.053480736911296844, -0.041556186974048615, -0.029631637036800385, -0.017707079648971558, -0.005782529711723328, 0.00614205002784729, 0.01806660182774067, 0.02999115362763405, 0.04191570729017258, 0.05384025722742081, 0.06576480716466904, 0.07768936455249786, 0.0896139144897461, 0.10153846442699432, 0.11346301436424255, 0.12538756430149078, 0.137312114238739, 0.14923667907714844, 0.16116121411323547, 0.1730857789516449, 0.18501032888889313, 0.19693487882614136, 0.2088594287633896, 0.22078397870063782, 0.23270854353904724, 0.24463307857513428, 0.2565576434135437, 0.2684822082519531, 0.28040674328804016, 0.2923312783241272, 0.3042558431625366, 0.31618037819862366, 0.3281049430370331, 0.3400294780731201, 0.35195404291152954, 0.36387860774993896, 0.375803142786026, 0.3877277076244354]}, "parameters/value_func.nn.2.bias": {"_type": "histogram", "values": [0.0, 0.0, 0.0, 0.0, 0.0, 0.0, 0.0, 0.0, 0.0, 0.0, 0.0, 0.0, 0.0, 0.0, 0.0, 0.0, 0.0, 0.0, 0.0, 0.0, 0.0, 0.0, 0.0, 0.0, 0.0, 0.0, 0.0, 0.0, 0.0, 0.0, 0.0, 0.0, 1.0, 0.0, 0.0, 0.0, 0.0, 0.0, 0.0, 0.0, 0.0, 0.0, 0.0, 0.0, 0.0, 0.0, 0.0, 0.0, 0.0, 0.0, 0.0, 0.0, 0.0, 0.0, 0.0, 0.0, 0.0, 0.0, 0.0, 0.0, 0.0, 0.0, 0.0, 0.0], "bins": [-0.09061840176582336, -0.09061840176582336, -0.09061840176582336, -0.09061840176582336, -0.09061840176582336, -0.09061840176582336, -0.09061840176582336, -0.09061840176582336, -0.09061840176582336, -0.09061840176582336, -0.09061840176582336, -0.09061840176582336, -0.09061840176582336, -0.09061840176582336, -0.09061840176582336, -0.09061840176582336, -0.09061840176582336, -0.09061840176582336, -0.09061840176582336, -0.09061840176582336, -0.09061840176582336, -0.09061840176582336, -0.09061840176582336, -0.09061840176582336, -0.09061840176582336, -0.09061840176582336, -0.09061840176582336, -0.09061840176582336, -0.09061840176582336, -0.09061840176582336, -0.09061840176582336, -0.09061840176582336, -0.09061840176582336, -0.09061840176582336, -0.09061840176582336, -0.09061840176582336, -0.09061840176582336, -0.09061840176582336, -0.09061840176582336, -0.09061840176582336, -0.09061840176582336, -0.09061840176582336, -0.09061840176582336, -0.09061840176582336, -0.09061840176582336, -0.09061840176582336, -0.09061840176582336, -0.09061840176582336, -0.09061840176582336, -0.09061840176582336, -0.09061840176582336, -0.09061840176582336, -0.09061840176582336, -0.09061840176582336, -0.09061840176582336, -0.09061840176582336, -0.09061840176582336, -0.09061840176582336, -0.09061840176582336, -0.09061840176582336, -0.09061840176582336, -0.09061840176582336, -0.09061840176582336, -0.09061840176582336, -0.09061840176582336]}, "epoch": 12, "loss": 1792231296.0, "_runtime": 52.51514029502869, "_step": 10, "_wandb": {"runtime": 54}}