{"epoch": 41, "loss": 473678675968.0, "_timestamp": 1678305199.43746, "_runtime": 162.46350002288818, "_step": 40, "parameters/value_func.nn.0.weight": {"_type": "histogram", "values": [1.0, 0.0, 1.0, 1.0, 3.0, 0.0, 5.0, 6.0, 5.0, 9.0, 6.0, 6.0, 3.0, 5.0, 8.0, 12.0, 6.0, 4.0, 9.0, 4.0, 8.0, 5.0, 14.0, 14.0, 13.0, 22.0, 22.0, 17.0, 21.0, 20.0, 24.0, 19.0, 19.0, 17.0, 23.0, 13.0, 18.0, 17.0, 13.0, 17.0, 20.0, 17.0, 27.0, 10.0, 7.0, 15.0, 11.0, 12.0, 6.0, 12.0, 5.0, 7.0, 11.0, 6.0, 5.0, 3.0, 9.0, 4.0, 8.0, 2.0, 5.0, 4.0, 2.0, 2.0], "bins": [-0.3733859360218048, -0.3624281585216522, -0.35147035121917725, -0.34051257371902466, -0.3295547664165497, -0.3185969889163971, -0.3076391816139221, -0.29668140411376953, -0.28572362661361694, -0.27476584911346436, -0.2638080418109894, -0.2528502643108368, -0.241892471909523, -0.23093467950820923, -0.21997688710689545, -0.20901909470558167, -0.19806130230426788, -0.1871035099029541, -0.17614571750164032, -0.16518792510032654, -0.15423014760017395, -0.14327235519886017, -0.1323145627975464, -0.1213567778468132, -0.11039898544549942, -0.09944119304418564, -0.08848340809345245, -0.07752561569213867, -0.06656782329082489, -0.055610038340091705, -0.044652245938777924, -0.03369446098804474, -0.022736668586730957, -0.0117788789793849, -0.0008210893720388412, 0.010136701166629791, 0.021094489842653275, 0.03205227851867676, 0.04301007091999054, 0.053967855870723724, 0.0649256482720375, 0.07588344067335129, 0.08684122562408447, 0.09779901802539825, 0.10875681042671204, 0.11971459537744522, 0.1306723952293396, 0.1416301727294922, 0.15258796513080597, 0.16354575753211975, 0.17450354993343353, 0.18546134233474731, 0.1964191198348999, 0.20737691223621368, 0.21833470463752747, 0.22929248213768005, 0.24025028944015503, 0.2512080669403076, 0.2621658742427826, 0.2731236517429352, 0.28408145904541016, 0.29503923654556274, 0.30599701404571533, 0.3169548213481903, 0.3279125988483429]}, "parameters/value_func.nn.0.bias": {"_type": "histogram", "values": [1.0, 0.0, 0.0, 1.0, 1.0, 0.0, 0.0, 3.0, 3.0, 5.0, 0.0, 4.0, 6.0, 3.0, 3.0, 1.0, 3.0, 9.0, 2.0, 2.0, 4.0, 4.0, 0.0, 4.0, 3.0, 1.0, 3.0, 1.0, 2.0, 2.0, 3.0, 0.0, 0.0, 1.0, 1.0, 1.0, 2.0, 0.0, 2.0, 2.0, 1.0, 2.0, 1.0, 1.0, 1.0, 4.0, 2.0, 5.0, 4.0, 10.0, 3.0, 2.0, 2.0, 0.0, 0.0, 2.0, 2.0, 2.0, 0.0, 0.0, 0.0, 0.0, 0.0, 1.0], "bins": [-0.13284844160079956, -0.12850987911224365, -0.12417132407426834, -0.11983276903629303, -0.11549421399831772, -0.11115565896034241, -0.1068170964717865, -0.10247854143381119, -0.09813998639583588, -0.09380143135786057, -0.08946286886930466, -0.08512431383132935, -0.08078575879335403, -0.07644720375537872, -0.07210864126682281, -0.0677700862288475, -0.0634315237402916, -0.059092964977025986, -0.054754409939050674, -0.050415851175785065, -0.04607729613780975, -0.041738737374544144, -0.037400178611278534, -0.03306162357330322, -0.028723064810037613, -0.024384507909417152, -0.020045951008796692, -0.015707392245531082, -0.011368835344910622, -0.007030278444290161, -0.0026917196810245514, 0.0016468372195959091, 0.00598539412021637, 0.01032395102083683, 0.014662508852779865, 0.0190010666847229, 0.02333962358534336, 0.02767818048596382, 0.03201673924922943, 0.03635529428720474, 0.04069385305047035, 0.04503241181373596, 0.04937096685171127, 0.05370952561497688, 0.05804808437824249, 0.062386639416217804, 0.06672519445419312, 0.07106375694274902, 0.07540231198072433, 0.07974086701869965, 0.08407942950725555, 0.08841798454523087, 0.09275653958320618, 0.09709510207176208, 0.1014336571097374, 0.10577221214771271, 0.11011077463626862, 0.11444932967424393, 0.11878789216279984, 0.12312644720077515, 0.12746500968933105, 0.13180355727672577, 0.13614211976528168, 0.14048068225383759, 0.1448192298412323]}, "parameters/value_func.nn.2.weight": {"_type": "histogram", "values": [2.0, 0.0, 1.0, 1.0, 1.0, 1.0, 2.0, 6.0, 3.0, 0.0, 5.0, 4.0, 4.0, 3.0, 3.0, 2.0, 2.0, 0.0, 4.0, 4.0, 1.0, 0.0, 4.0, 4.0, 3.0, 0.0, 2.0, 4.0, 2.0, 3.0, 2.0, 1.0, 1.0, 2.0, 4.0, 3.0, 3.0, 3.0, 1.0, 0.0, 2.0, 4.0, 2.0, 2.0, 3.0, 1.0, 1.0, 1.0, 1.0, 3.0, 1.0, 2.0, 2.0, 0.0, 0.0, 2.0, 1.0, 0.0, 0.0, 2.0, 2.0, 1.0, 1.0, 3.0], "bins": [-0.2880411148071289, -0.27932965755462646, -0.270618200302124, -0.2619067430496216, -0.25319528579711914, -0.2444838434457779, -0.23577240109443665, -0.2270609438419342, -0.21834948658943176, -0.20963802933692932, -0.20092657208442688, -0.19221512973308563, -0.1835036724805832, -0.17479221522808075, -0.1660807728767395, -0.15736931562423706, -0.14865785837173462, -0.13994640111923218, -0.13123494386672974, -0.12252350151538849, -0.11381204426288605, -0.1051005870103836, -0.09638913720846176, -0.08767768740653992, -0.07896623015403748, -0.07025477290153503, -0.06154332309961319, -0.05283186957240105, -0.044120416045188904, -0.03540896251797676, -0.026697508990764618, -0.017986055463552475, -0.009274601936340332, -0.0005631484091281891, 0.008148305118083954, 0.016859758645296097, 0.02557121217250824, 0.03428266569972038, 0.042994119226932526, 0.05170557275414467, 0.06041702628135681, 0.06912848353385925, 0.0778399333357811, 0.08655138313770294, 0.09526284039020538, 0.10397429764270782, 0.11268574744462967, 0.12139719724655151, 0.13010865449905396, 0.1388201117515564, 0.14753156900405884, 0.15624301135540009, 0.16495446860790253, 0.17366592586040497, 0.18237736821174622, 0.19108882546424866, 0.1998002827167511, 0.20851173996925354, 0.21722319722175598, 0.22593463957309723, 0.23464609682559967, 0.2433575540781021, 0.25206899642944336, 0.2607804536819458, 0.26949191093444824]}, "parameters/value_func.nn.2.bias": {"_type": "histogram", "values": [0.0, 0.0, 0.0, 0.0, 0.0, 0.0, 0.0, 0.0, 0.0, 0.0, 0.0, 0.0, 0.0, 0.0, 0.0, 0.0, 0.0, 0.0, 0.0, 0.0, 0.0, 0.0, 0.0, 0.0, 0.0, 0.0, 0.0, 0.0, 0.0, 0.0, 0.0, 0.0, 1.0, 0.0, 0.0, 0.0, 0.0, 0.0, 0.0, 0.0, 0.0, 0.0, 0.0, 0.0, 0.0, 0.0, 0.0, 0.0, 0.0, 0.0, 0.0, 0.0, 0.0, 0.0, 0.0, 0.0, 0.0, 0.0, 0.0, 0.0, 0.0, 0.0, 0.0, 0.0], "bins": [0.0, 0.0, 0.0, 0.0, 0.0, 0.0, 0.0, 0.0, 0.0, 0.0, 0.0, 0.0, 0.0, 0.0, 0.0, 0.0, 0.0, 0.0, 0.0, 0.0, 0.0, 0.0, 0.0, 0.0, 0.0, 0.0, 0.0, 0.0, 0.0, 0.0, 0.0, 0.0, 0.0, 0.0, 0.0, 0.0, 0.0, 0.0, 0.0, 0.0, 0.0, 0.0, 0.0, 0.0, 0.0, 0.0, 0.0, 0.0, 0.0, 0.0, 0.0, 0.0, 0.0, 0.0, 0.0, 0.0, 0.0, 0.0, 0.0, 0.0, 0.0, 0.0, 0.0, 0.0, 0.0]}, "_wandb": {"runtime": 161}}