{"epoch": 8, "loss": 8916551680.0, "_timestamp": 1678386692.700229, "_runtime": 6.97271203994751, "_step": 6, "parameters/value_func.nn.0.weight": {"_type": "histogram", "values": [6.0, 9.0, 7.0, 5.0, 7.0, 3.0, 4.0, 7.0, 7.0, 7.0, 9.0, 8.0, 12.0, 15.0, 14.0, 10.0, 11.0, 13.0, 15.0, 14.0, 12.0, 11.0, 11.0, 19.0, 12.0, 10.0, 13.0, 13.0, 11.0, 6.0, 10.0, 14.0, 11.0, 8.0, 12.0, 17.0, 17.0, 13.0, 13.0, 8.0, 13.0, 10.0, 17.0, 8.0, 10.0, 12.0, 10.0, 9.0, 16.0, 12.0, 10.0, 15.0, 8.0, 7.0, 6.0, 5.0, 4.0, 8.0, 9.0, 5.0, 5.0, 7.0, 2.0, 8.0], "bins": [-0.2640935182571411, -0.255896657705307, -0.2476997822523117, -0.2395029067993164, -0.2313060462474823, -0.223109170794487, -0.2149122953414917, -0.2067154347896576, -0.1985185593366623, -0.190321683883667, -0.18212482333183289, -0.17392794787883759, -0.16573107242584229, -0.15753421187400818, -0.14933733642101288, -0.14114046096801758, -0.13294360041618347, -0.12474673241376877, -0.11654986441135406, -0.10835298895835876, -0.10015612095594406, -0.09195925295352936, -0.08376237750053406, -0.07556550949811935, -0.06736864149570465, -0.05917177349328995, -0.050974901765584946, -0.042778030037879944, -0.03458116203546524, -0.026384294033050537, -0.018187422305345535, -0.009990550577640533, -0.00179368257522583, 0.0064031872898340225, 0.014600057154893875, 0.022796927019953728, 0.03099379688501358, 0.039190664887428284, 0.047387536615133286, 0.05558440834283829, 0.06378127634525299, 0.0719781443476677, 0.0801750123500824, 0.0883718878030777, 0.0965687558054924, 0.1047656238079071, 0.1129624992609024, 0.12115936726331711, 0.1293562352657318, 0.1375531107187271, 0.14574997127056122, 0.15394684672355652, 0.16214370727539062, 0.17034058272838593, 0.17853745818138123, 0.18673431873321533, 0.19493119418621063, 0.20312806963920593, 0.21132493019104004, 0.21952180564403534, 0.22771868109703064, 0.23591554164886475, 0.24411241710186005, 0.25230929255485535, 0.26050615310668945]}, "parameters/value_func.nn.0.bias": {"_type": "histogram", "values": [17.0, 6.0, 9.0, 5.0, 2.0, 0.0, 1.0, 6.0, 0.0, 2.0, 0.0, 2.0, 0.0, 1.0, 1.0, 0.0, 2.0, 0.0, 0.0, 1.0, 0.0, 3.0, 1.0, 0.0, 1.0, 0.0, 0.0, 1.0, 1.0, 1.0, 1.0, 0.0, 0.0, 1.0, 0.0, 0.0, 1.0, 3.0, 0.0, 1.0, 0.0, 0.0, 0.0, 2.0, 0.0, 0.0, 0.0, 0.0, 1.0, 0.0, 1.0, 1.0, 1.0, 0.0, 1.0, 0.0, 1.0, 1.0, 2.0, 1.0, 2.0, 4.0, 11.0, 29.0], "bins": [-0.05333143472671509, -0.05166594311594963, -0.050000451505184174, -0.048334959894418716, -0.04666946828365326, -0.0450039766728878, -0.043338485062122345, -0.041672997176647186, -0.04000750184059143, -0.038342010229825974, -0.036676518619060516, -0.03501102700829506, -0.0333455353975296, -0.031680043786764145, -0.030014554038643837, -0.02834906242787838, -0.026683572679758072, -0.025018081068992615, -0.023352589458227158, -0.0216870978474617, -0.020021606236696243, -0.018356114625930786, -0.016690624877810478, -0.015025133267045021, -0.013359641656279564, -0.011694150045514107, -0.01002865843474865, -0.008363167755305767, -0.00669767614454031, -0.005032184533774853, -0.00336669385433197, -0.001701202243566513, -3.571063280105591e-05, 0.0016297807451337576, 0.003295272123068571, 0.004960763268172741, 0.006626254878938198, 0.008291746489703655, 0.009957237169146538, 0.011622728779911995, 0.013288220390677452, 0.01495371200144291, 0.016619203612208366, 0.018284693360328674, 0.01995018497109413, 0.02161567658185959, 0.023281168192625046, 0.024946659803390503, 0.02661215141415596, 0.028277643024921417, 0.029943134635686874, 0.03160862624645233, 0.03327411785721779, 0.034939609467983246, 0.036605097353458405, 0.03827059268951416, 0.03993608057498932, 0.041601572185754776, 0.04326706379652023, 0.04493255540728569, 0.04659804701805115, 0.048263538628816605, 0.04992903023958206, 0.05159451812505722, 0.053260013461112976]}, "parameters/value_func.nn.2.weight": {"_type": "histogram", "values": [1.0, 2.0, 2.0, 3.0, 3.0, 2.0, 3.0, 0.0, 1.0, 4.0, 3.0, 1.0, 1.0, 1.0, 2.0, 1.0, 4.0, 3.0, 2.0, 3.0, 2.0, 3.0, 3.0, 3.0, 4.0, 4.0, 2.0, 1.0, 2.0, 3.0, 2.0, 2.0, 2.0, 3.0, 2.0, 4.0, 1.0, 2.0, 5.0, 1.0, 0.0, 5.0, 2.0, 1.0, 2.0, 4.0, 1.0, 4.0, 2.0, 1.0, 1.0, 0.0, 3.0, 1.0, 1.0, 2.0, 1.0, 1.0, 1.0, 0.0, 0.0, 0.0, 0.0, 2.0], "bins": [-0.26560238003730774, -0.25733518600463867, -0.24906796216964722, -0.24080075323581696, -0.2325335443019867, -0.22426635026931763, -0.21599914133548737, -0.2077319324016571, -0.19946472346782684, -0.19119751453399658, -0.18293030560016632, -0.17466309666633606, -0.166395902633667, -0.15812867879867554, -0.14986148476600647, -0.1415942758321762, -0.13332706689834595, -0.12505985796451569, -0.11679264903068542, -0.10852544754743576, -0.1002582386136055, -0.09199102967977524, -0.08372382819652557, -0.07545661926269531, -0.06718941032886505, -0.05892220139503479, -0.05065499618649483, -0.042387790977954865, -0.0341205820441246, -0.025853373110294342, -0.01758616790175438, -0.009318962693214417, -0.0010517537593841553, 0.007215453311800957, 0.015482660382986069, 0.02374986745417118, 0.03201707452535629, 0.040284283459186554, 0.04855148866772652, 0.05681869387626648, 0.06508590281009674, 0.073353111743927, 0.08162032067775726, 0.08988752216100693, 0.09815473109483719, 0.10642194002866745, 0.11468914151191711, 0.12295635044574738, 0.13122355937957764, 0.1394907683134079, 0.14775797724723816, 0.15602518618106842, 0.16429239511489868, 0.17255958914756775, 0.180826798081398, 0.18909400701522827, 0.19736121594905853, 0.2056284248828888, 0.21389563381671906, 0.22216284275054932, 0.23043003678321838, 0.23869726061820984, 0.2469644546508789, 0.25523167848587036, 0.26349887251853943]}, "parameters/value_func.nn.2.bias": {"_type": "histogram", "values": [0.0, 0.0, 0.0, 0.0, 0.0, 0.0, 0.0, 0.0, 0.0, 0.0, 0.0, 0.0, 0.0, 0.0, 0.0, 0.0, 0.0, 0.0, 0.0, 0.0, 0.0, 0.0, 0.0, 0.0, 0.0, 0.0, 0.0, 0.0, 0.0, 0.0, 0.0, 0.0, 1.0, 0.0, 0.0, 0.0, 0.0, 0.0, 0.0, 0.0, 0.0, 0.0, 0.0, 0.0, 0.0, 0.0, 0.0, 0.0, 0.0, 0.0, 0.0, 0.0, 0.0, 0.0, 0.0, 0.0, 0.0, 0.0, 0.0, 0.0, 0.0, 0.0, 0.0, 0.0], "bins": [-0.05283196270465851, -0.05283196270465851, -0.05283196270465851, -0.05283196270465851, -0.05283196270465851, -0.05283196270465851, -0.05283196270465851, -0.05283196270465851, -0.05283196270465851, -0.05283196270465851, -0.05283196270465851, -0.05283196270465851, -0.05283196270465851, -0.05283196270465851, -0.05283196270465851, -0.05283196270465851, -0.05283196270465851, -0.05283196270465851, -0.05283196270465851, -0.05283196270465851, -0.05283196270465851, -0.05283196270465851, -0.05283196270465851, -0.05283196270465851, -0.05283196270465851, -0.05283196270465851, -0.05283196270465851, -0.05283196270465851, -0.05283196270465851, -0.05283196270465851, -0.05283196270465851, -0.05283196270465851, -0.05283196270465851, -0.05283196270465851, -0.05283196270465851, -0.05283196270465851, -0.05283196270465851, -0.05283196270465851, -0.05283196270465851, -0.05283196270465851, -0.05283196270465851, -0.05283196270465851, -0.05283196270465851, -0.05283196270465851, -0.05283196270465851, -0.05283196270465851, -0.05283196270465851, -0.05283196270465851, -0.05283196270465851, -0.05283196270465851, -0.05283196270465851, -0.05283196270465851, -0.05283196270465851, -0.05283196270465851, -0.05283196270465851, -0.05283196270465851, -0.05283196270465851, -0.05283196270465851, -0.05283196270465851, -0.05283196270465851, -0.05283196270465851, -0.05283196270465851, -0.05283196270465851, -0.05283196270465851, -0.05283196270465851]}, "_wandb": {"runtime": 6}}