{"epoch": 76, "loss": 972817792.0, "_timestamp": 1678806107.7792227, "_runtime": 208.7968726158142, "_step": 74, "parameters/value_func.nn.0.weight": {"_type": "histogram", "values": [1.0, 0.0, 0.0, 1.0, 0.0, 2.0, 2.0, 0.0, 0.0, 1.0, 0.0, 0.0, 1.0, 1.0, 2.0, 2.0, 1.0, 3.0, 1.0, 5.0, 5.0, 9.0, 13.0, 12.0, 14.0, 14.0, 10.0, 17.0, 14.0, 28.0, 23.0, 24.0, 28.0, 36.0, 29.0, 32.0, 23.0, 33.0, 32.0, 25.0, 22.0, 21.0, 22.0, 12.0, 19.0, 19.0, 14.0, 7.0, 16.0, 5.0, 12.0, 6.0, 7.0, 4.0, 0.0, 2.0, 2.0, 0.0, 2.0, 1.0, 0.0, 1.0, 1.0, 1.0], "bins": [-0.8383128643035889, -0.814641535282135, -0.7909702062606812, -0.7672989368438721, -0.7436276078224182, -0.7199562788009644, -0.6962849497795105, -0.6726136207580566, -0.6489423513412476, -0.6252710223197937, -0.6015996932983398, -0.5779284238815308, -0.5542570948600769, -0.530585765838623, -0.5069144368171692, -0.48324310779571533, -0.4595717787742615, -0.4359004497528076, -0.41222915053367615, -0.3885578215122223, -0.3648865222930908, -0.34121519327163696, -0.3175438642501831, -0.29387253522872925, -0.2702012360095978, -0.24652992188930511, -0.22285860776901245, -0.1991872787475586, -0.17551596462726593, -0.15184465050697327, -0.1281733214855194, -0.10450200736522675, -0.0808306336402893, -0.057159315794706345, -0.03348799794912338, -0.009816676378250122, 0.013854637742042542, 0.037525951862335205, 0.06119728088378906, 0.08486859500408173, 0.10853990912437439, 0.13221122324466705, 0.15588253736495972, 0.17955386638641357, 0.20322518050670624, 0.2268964946269989, 0.25056782364845276, 0.27423912286758423, 0.2979104518890381, 0.32158178091049194, 0.3452530801296234, 0.36892440915107727, 0.39259570837020874, 0.4162670373916626, 0.43993836641311646, 0.4636096954345703, 0.4872809946537018, 0.5109522938728333, 0.5346236228942871, 0.558294951915741, 0.5819662809371948, 0.6056375503540039, 0.6293089389801025, 0.6529802083969116, 0.6766515374183655]}, "parameters/value_func.nn.0.bias": {"_type": "histogram", "values": [2.0, 1.0, 0.0, 0.0, 0.0, 0.0, 1.0, 2.0, 3.0, 0.0, 1.0, 2.0, 0.0, 4.0, 1.0, 1.0, 3.0, 5.0, 0.0, 2.0, 0.0, 3.0, 2.0, 1.0, 2.0, 2.0, 4.0, 5.0, 5.0, 5.0, 5.0, 6.0, 6.0, 2.0, 6.0, 6.0, 4.0, 3.0, 2.0, 3.0, 6.0, 0.0, 0.0, 3.0, 5.0, 1.0, 1.0, 0.0, 1.0, 1.0, 0.0, 1.0, 1.0, 0.0, 1.0, 1.0, 1.0, 0.0, 0.0, 2.0, 1.0, 1.0, 0.0, 1.0], "bins": [-0.3025743365287781, -0.29443609714508057, -0.28629785776138306, -0.27815961837768555, -0.27002137899398804, -0.2618831694126129, -0.2537449300289154, -0.2456066906452179, -0.23746845126152039, -0.22933021187782288, -0.22119197249412537, -0.21305374801158905, -0.20491550862789154, -0.19677726924419403, -0.18863904476165771, -0.1805008053779602, -0.1723625659942627, -0.16422432661056519, -0.15608608722686768, -0.14794786274433136, -0.13980962336063385, -0.13167138397693634, -0.12353315204381943, -0.11539492011070251, -0.107256680727005, -0.0991184413433075, -0.09098020941019058, -0.08284197747707367, -0.07470373809337616, -0.06656549870967865, -0.05842726677656174, -0.050289031118154526, -0.04215076565742493, -0.034012529999017715, -0.025874294340610504, -0.017736058682203293, -0.009597823023796082, -0.0014595873653888702, 0.006678648293018341, 0.014816883951425552, 0.022955119609832764, 0.031093355268239975, 0.039231590926647186, 0.0473698265850544, 0.05550806224346161, 0.06364630162715912, 0.07178453356027603, 0.07992276549339294, 0.08806100487709045, 0.09619924426078796, 0.10433747619390488, 0.11247570812702179, 0.1206139475107193, 0.1287521868944168, 0.13689041137695312, 0.14502865076065063, 0.15316689014434814, 0.16130512952804565, 0.16944336891174316, 0.17758159339427948, 0.185719832777977, 0.1938580721616745, 0.20199629664421082, 0.21013453602790833, 0.21827277541160583]}, "parameters/value_func.nn.2.weight": {"_type": "histogram", "values": [3.0, 1.0, 2.0, 1.0, 1.0, 2.0, 4.0, 4.0, 3.0, 3.0, 5.0, 5.0, 5.0, 3.0, 0.0, 6.0, 8.0, 7.0, 6.0, 2.0, 1.0, 2.0, 6.0, 2.0, 1.0, 1.0, 2.0, 2.0, 5.0, 4.0, 1.0, 1.0, 3.0, 2.0, 4.0, 3.0, 0.0, 1.0, 0.0, 0.0, 2.0, 0.0, 3.0, 0.0, 1.0, 1.0, 0.0, 0.0, 0.0, 2.0, 0.0, 0.0, 0.0, 2.0, 2.0, 0.0, 2.0, 0.0, 0.0, 0.0, 0.0, 0.0, 0.0, 1.0], "bins": [-0.4181169271469116, -0.4032261371612549, -0.38833531737327576, -0.373444527387619, -0.3585537374019623, -0.34366291761398315, -0.3287721276283264, -0.3138813376426697, -0.29899054765701294, -0.2840997576713562, -0.2692089378833771, -0.25431814789772034, -0.2394273579120636, -0.22453655302524567, -0.20964574813842773, -0.194754958152771, -0.17986413836479187, -0.16497333347797394, -0.1500825434923172, -0.13519173860549927, -0.12030094116926193, -0.1054101437330246, -0.09051933884620667, -0.07562854140996933, -0.060737743973731995, -0.04584694653749466, -0.030956145375967026, -0.016065344214439392, -0.0011745467782020569, 0.013716250658035278, 0.02860705554485321, 0.043497852981090546, 0.05838865041732788, 0.07327944785356522, 0.08817024528980255, 0.10306105017662048, 0.11795184761285782, 0.13284264504909515, 0.14773344993591309, 0.16262423992156982, 0.17751504480838776, 0.1924058496952057, 0.20729663968086243, 0.22218744456768036, 0.2370782494544983, 0.25196903944015503, 0.26685982942581177, 0.2817506492137909, 0.29664143919944763, 0.31153222918510437, 0.3264230489730835, 0.34131383895874023, 0.356204628944397, 0.3710954189300537, 0.38598623871803284, 0.4008770287036896, 0.4157678484916687, 0.43065863847732544, 0.44554945826530457, 0.4604402482509613, 0.47533103823661804, 0.49022185802459717, 0.5051126480102539, 0.5200034379959106, 0.5348942279815674]}, "parameters/value_func.nn.2.bias": {"_type": "histogram", "values": [0.0, 0.0, 0.0, 0.0, 0.0, 0.0, 0.0, 0.0, 0.0, 0.0, 0.0, 0.0, 0.0, 0.0, 0.0, 0.0, 0.0, 0.0, 0.0, 0.0, 0.0, 0.0, 0.0, 0.0, 0.0, 0.0, 0.0, 0.0, 0.0, 0.0, 0.0, 0.0, 1.0, 0.0, 0.0, 0.0, 0.0, 0.0, 0.0, 0.0, 0.0, 0.0, 0.0, 0.0, 0.0, 0.0, 0.0, 0.0, 0.0, 0.0, 0.0, 0.0, 0.0, 0.0, 0.0, 0.0, 0.0, 0.0, 0.0, 0.0, 0.0, 0.0, 0.0, 0.0], "bins": [0.06281258910894394, 0.06281258910894394, 0.06281258910894394, 0.06281258910894394, 0.06281258910894394, 0.06281258910894394, 0.06281258910894394, 0.06281258910894394, 0.06281258910894394, 0.06281258910894394, 0.06281258910894394, 0.06281258910894394, 0.06281258910894394, 0.06281258910894394, 0.06281258910894394, 0.06281258910894394, 0.06281258910894394, 0.06281258910894394, 0.06281258910894394, 0.06281258910894394, 0.06281258910894394, 0.06281258910894394, 0.06281258910894394, 0.06281258910894394, 0.06281258910894394, 0.06281258910894394, 0.06281258910894394, 0.06281258910894394, 0.06281258910894394, 0.06281258910894394, 0.06281258910894394, 0.06281258910894394, 0.06281258910894394, 0.06281258910894394, 0.06281258910894394, 0.06281258910894394, 0.06281258910894394, 0.06281258910894394, 0.06281258910894394, 0.06281258910894394, 0.06281258910894394, 0.06281258910894394, 0.06281258910894394, 0.06281258910894394, 0.06281258910894394, 0.06281258910894394, 0.06281258910894394, 0.06281258910894394, 0.06281258910894394, 0.06281258910894394, 0.06281258910894394, 0.06281258910894394, 0.06281258910894394, 0.06281258910894394, 0.06281258910894394, 0.06281258910894394, 0.06281258910894394, 0.06281258910894394, 0.06281258910894394, 0.06281258910894394, 0.06281258910894394, 0.06281258910894394, 0.06281258910894394, 0.06281258910894394, 0.06281258910894394]}, "_wandb": {"runtime": 212}}