{"epoch": 117, "loss": 4654997504.0, "_timestamp": 1678388938.66585, "_runtime": 157.31985998153687, "_step": 115, "parameters/value_func.nn.0.weight": {"_type": "histogram", "values": [3.0, 0.0, 5.0, 2.0, 3.0, 11.0, 7.0, 11.0, 13.0, 9.0, 11.0, 7.0, 7.0, 9.0, 11.0, 8.0, 13.0, 13.0, 14.0, 21.0, 11.0, 17.0, 16.0, 12.0, 20.0, 11.0, 14.0, 15.0, 10.0, 18.0, 17.0, 11.0, 20.0, 16.0, 23.0, 20.0, 18.0, 11.0, 21.0, 14.0, 13.0, 10.0, 17.0, 6.0, 13.0, 9.0, 6.0, 14.0, 9.0, 9.0, 10.0, 6.0, 7.0, 2.0, 5.0, 1.0, 5.0, 3.0, 1.0, 0.0, 0.0, 0.0, 0.0, 1.0], "bins": [-0.5062234401702881, -0.4894612729549408, -0.4726991355419159, -0.4559369683265686, -0.4391748309135437, -0.4224126636981964, -0.4056504964828491, -0.3888883590698242, -0.37212619185447693, -0.35536402463912964, -0.33860188722610474, -0.32183972001075745, -0.30507755279541016, -0.28831541538238525, -0.27155324816703796, -0.2547910809516907, -0.23802894353866577, -0.22126679122447968, -0.20450463891029358, -0.1877424716949463, -0.1709803193807602, -0.1542181670665741, -0.1374559998512268, -0.12069384753704071, -0.10393169522285461, -0.08716954290866852, -0.07040738314390182, -0.05364522710442543, -0.036883071064949036, -0.02012091875076294, -0.0033587589859962463, 0.013403400778770447, 0.03016561269760132, 0.04692776873707771, 0.06368992477655411, 0.0804520845413208, 0.0972142368555069, 0.113976389169693, 0.13073855638504028, 0.14750070869922638, 0.16426286101341248, 0.18102501332759857, 0.19778716564178467, 0.21454933285713196, 0.23131148517131805, 0.24807363748550415, 0.26483580470085144, 0.28159797191619873, 0.29836010932922363, 0.3151222765445709, 0.3318844139575958, 0.3486465811729431, 0.365408718585968, 0.3821708858013153, 0.3989330530166626, 0.4156951904296875, 0.4324573576450348, 0.4492195248603821, 0.465981662273407, 0.4827438294887543, 0.49950599670410156, 0.5162681341171265, 0.5330302715301514, 0.549792468547821, 0.566554605960846]}, "parameters/value_func.nn.0.bias": {"_type": "histogram", "values": [1.0, 0.0, 0.0, 2.0, 0.0, 1.0, 0.0, 2.0, 2.0, 2.0, 6.0, 3.0, 2.0, 7.0, 3.0, 5.0, 7.0, 6.0, 4.0, 6.0, 3.0, 9.0, 4.0, 6.0, 5.0, 2.0, 3.0, 4.0, 2.0, 3.0, 6.0, 3.0, 1.0, 5.0, 3.0, 1.0, 1.0, 1.0, 0.0, 1.0, 0.0, 0.0, 1.0, 1.0, 0.0, 0.0, 2.0, 0.0, 0.0, 0.0, 0.0, 0.0, 0.0, 0.0, 0.0, 1.0, 0.0, 0.0, 0.0, 0.0, 0.0, 0.0, 0.0, 1.0], "bins": [-0.2421337068080902, -0.23155933618545532, -0.22098498046398163, -0.21041062474250793, -0.19983625411987305, -0.18926188349723816, -0.17868752777576447, -0.16811317205429077, -0.15753880143165588, -0.146964430809021, -0.1363900750875473, -0.1258157193660736, -0.11524134874343872, -0.10466698557138443, -0.09409262239933014, -0.08351825922727585, -0.07294389605522156, -0.06236953288316727, -0.051795169711112976, -0.041220806539058685, -0.030646443367004395, -0.020072080194950104, -0.009497717022895813, 0.0010766461491584778, 0.011651009321212769, 0.02222537249326706, 0.03279973566532135, 0.04337409883737564, 0.05394846200942993, 0.06452282518148422, 0.07509718835353851, 0.0856715515255928, 0.0962459146976471, 0.10682027786970139, 0.11739464104175568, 0.12796899676322937, 0.13854336738586426, 0.14911773800849915, 0.15969209372997284, 0.17026644945144653, 0.18084082007408142, 0.1914151906967163, 0.20198954641819, 0.2125639021396637, 0.22313827276229858, 0.23371264338493347, 0.24428699910640717, 0.25486135482788086, 0.26543572545051575, 0.27601009607315063, 0.28658443689346313, 0.297158807516098, 0.3077331781387329, 0.3183075487613678, 0.3288819193840027, 0.3394562602043152, 0.3500306308269501, 0.36060500144958496, 0.37117934226989746, 0.38175371289253235, 0.39232808351516724, 0.4029024541378021, 0.413476824760437, 0.4240511655807495, 0.4346255362033844]}, "parameters/value_func.nn.2.weight": {"_type": "histogram", "values": [2.0, 0.0, 0.0, 3.0, 1.0, 0.0, 3.0, 4.0, 6.0, 8.0, 4.0, 1.0, 9.0, 3.0, 6.0, 8.0, 3.0, 7.0, 4.0, 2.0, 4.0, 1.0, 2.0, 1.0, 0.0, 1.0, 0.0, 1.0, 2.0, 1.0, 1.0, 0.0, 0.0, 1.0, 1.0, 1.0, 2.0, 2.0, 1.0, 1.0, 1.0, 2.0, 6.0, 0.0, 1.0, 2.0, 3.0, 1.0, 1.0, 1.0, 2.0, 2.0, 0.0, 1.0, 0.0, 2.0, 1.0, 0.0, 0.0, 1.0, 0.0, 1.0, 1.0, 2.0], "bins": [-0.5674655437469482, -0.5515269637107849, -0.5355883836746216, -0.519649863243103, -0.5037112832069397, -0.48777270317077637, -0.47183412313461304, -0.4558955729007721, -0.43995702266693115, -0.4240184426307678, -0.4080798923969269, -0.39214131236076355, -0.3762027621269226, -0.3602641820907593, -0.34432560205459595, -0.328387051820755, -0.3124484717845917, -0.29650989174842834, -0.2805713415145874, -0.2646327614784241, -0.24869421124458313, -0.2327556312084198, -0.21681706607341766, -0.20087850093841553, -0.1849399358034134, -0.16900137066841125, -0.15306280553340912, -0.13712424039840698, -0.12118566781282425, -0.10524710267782211, -0.08930853009223938, -0.07336996495723724, -0.057431429624557495, -0.04149286448955536, -0.025554295629262924, -0.00961572676897049, 0.006322838366031647, 0.022261403501033783, 0.038199976086616516, 0.05413854122161865, 0.07007710635662079, 0.08601567149162292, 0.10195423662662506, 0.1178928092122078, 0.13383138179779053, 0.14976993203163147, 0.1657085120677948, 0.18164707720279694, 0.19758564233779907, 0.2135242074728012, 0.22946277260780334, 0.24540135264396667, 0.2613399028778076, 0.27727848291397095, 0.2932170629501343, 0.3091556131839752, 0.32509416341781616, 0.3410327434539795, 0.35697129368782043, 0.37290987372398376, 0.3888484239578247, 0.40478700399398804, 0.42072558403015137, 0.4366641342639923, 0.45260271430015564]}, "parameters/value_func.nn.2.bias": {"_type": "histogram", "values": [0.0, 0.0, 0.0, 0.0, 0.0, 0.0, 0.0, 0.0, 0.0, 0.0, 0.0, 0.0, 0.0, 0.0, 0.0, 0.0, 0.0, 0.0, 0.0, 0.0, 0.0, 0.0, 0.0, 0.0, 0.0, 0.0, 0.0, 0.0, 0.0, 0.0, 0.0, 1.0, 0.0, 0.0, 0.0, 0.0, 0.0, 0.0, 0.0, 0.0, 0.0, 0.0, 0.0, 0.0, 0.0, 0.0, 0.0, 0.0, 0.0, 0.0, 0.0, 0.0, 0.0, 0.0, 0.0, 0.0, 0.0, 0.0, 0.0, 0.0, 0.0, 0.0, 0.0, 0.0], "bins": [-0.06527368724346161, -0.06527368724346161, -0.06527368724346161, -0.06527368724346161, -0.06527368724346161, -0.06527368724346161, -0.06527368724346161, -0.06527368724346161, -0.06527368724346161, -0.06527368724346161, -0.06527368724346161, -0.06527368724346161, -0.06527368724346161, -0.06527368724346161, -0.06527368724346161, -0.06527368724346161, -0.06527368724346161, -0.06527368724346161, -0.06527368724346161, -0.06527368724346161, -0.06527368724346161, -0.06527368724346161, -0.06527368724346161, -0.06527368724346161, -0.06527368724346161, -0.06527368724346161, -0.06527368724346161, -0.06527368724346161, -0.06527368724346161, -0.06527368724346161, -0.06527368724346161, -0.06527368724346161, -0.06527368724346161, -0.06527368724346161, -0.06527368724346161, -0.06527368724346161, -0.06527368724346161, -0.06527368724346161, -0.06527368724346161, -0.06527368724346161, -0.06527368724346161, -0.06527368724346161, -0.06527368724346161, -0.06527368724346161, -0.06527368724346161, -0.06527368724346161, -0.06527368724346161, -0.06527368724346161, -0.06527368724346161, -0.06527368724346161, -0.06527368724346161, -0.06527368724346161, -0.06527368724346161, -0.06527368724346161, -0.06527368724346161, -0.06527368724346161, -0.06527368724346161, -0.06527368724346161, -0.06527368724346161, -0.06527368724346161, -0.06527368724346161, -0.06527368724346161, -0.06527368724346161, -0.06527368724346161, -0.06527368724346161]}, "_wandb": {"runtime": 157}}