{"epoch": 222, "loss": 28411144.0, "_timestamp": 1678378565.4816816, "_runtime": 840.0256614685059, "_step": 222, "parameters/value_func.nn.0.weight": {"_type": "histogram", "values": [1.0, 0.0, 0.0, 0.0, 0.0, 0.0, 4.0, 1.0, 1.0, 2.0, 8.0, 10.0, 7.0, 12.0, 11.0, 15.0, 7.0, 8.0, 11.0, 7.0, 9.0, 11.0, 17.0, 15.0, 21.0, 11.0, 13.0, 16.0, 21.0, 25.0, 23.0, 20.0, 21.0, 20.0, 25.0, 33.0, 25.0, 23.0, 22.0, 25.0, 18.0, 25.0, 10.0, 14.0, 15.0, 7.0, 13.0, 12.0, 5.0, 2.0, 4.0, 4.0, 2.0, 0.0, 1.0, 1.0, 0.0, 0.0, 0.0, 0.0, 1.0, 1.0, 0.0, 4.0], "bins": [-0.874955415725708, -0.850444495677948, -0.8259336352348328, -0.8014227151870728, -0.7769118547439575, -0.7524009346961975, -0.7278900146484375, -0.7033791542053223, -0.6788682341575623, -0.6543573141098022, -0.629846453666687, -0.605335533618927, -0.5808246731758118, -0.5563137531280518, -0.5318028926849365, -0.5072919726371765, -0.4827810823917389, -0.45827019214630127, -0.43375930190086365, -0.409248411655426, -0.384737491607666, -0.3602266013622284, -0.33571571111679077, -0.31120479106903076, -0.2866939306259155, -0.2621830403804779, -0.2376721352338791, -0.21316124498844147, -0.18865033984184265, -0.16413944959640503, -0.1396285593509674, -0.11511765420436859, -0.09060674905776978, -0.06609585136175156, -0.041584957391023636, -0.017074063420295715, 0.007436834275722504, 0.03194773197174072, 0.056458622217178345, 0.08096952736377716, 0.10548041760921478, 0.1299913078546524, 0.15450221300125122, 0.17901310324668884, 0.20352399349212646, 0.22803489863872528, 0.2525457739830017, 0.2770566940307617, 0.30156758427619934, 0.32607847452163696, 0.3505893647670746, 0.3751002550125122, 0.3996111750602722, 0.42412206530570984, 0.44863295555114746, 0.47314387559890747, 0.4976547360420227, 0.5221656560897827, 0.546676516532898, 0.571187436580658, 0.5956982970237732, 0.6202092170715332, 0.6447200775146484, 0.6692309975624084, 0.6937419176101685]}, "parameters/value_func.nn.0.bias": {"_type": "histogram", "values": [1.0, 0.0, 0.0, 0.0, 2.0, 2.0, 2.0, 4.0, 3.0, 4.0, 2.0, 2.0, 1.0, 1.0, 1.0, 1.0, 1.0, 4.0, 3.0, 0.0, 1.0, 2.0, 0.0, 2.0, 2.0, 0.0, 1.0, 1.0, 0.0, 0.0, 1.0, 1.0, 0.0, 1.0, 2.0, 1.0, 0.0, 3.0, 0.0, 3.0, 2.0, 1.0, 1.0, 4.0, 2.0, 4.0, 4.0, 6.0, 6.0, 5.0, 7.0, 7.0, 5.0, 4.0, 3.0, 4.0, 3.0, 0.0, 0.0, 2.0, 2.0, 0.0, 0.0, 1.0], "bins": [-0.24181780219078064, -0.22913755476474762, -0.2164573073387146, -0.20377704501152039, -0.19109681248664856, -0.17841655015945435, -0.16573630273342133, -0.1530560553073883, -0.14037580788135529, -0.12769556045532227, -0.11501531302928925, -0.10233505815267563, -0.08965481072664261, -0.07697456330060959, -0.06429430842399597, -0.05161406099796295, -0.03893381357192993, -0.026253564283251762, -0.013573314994573593, -0.0008930638432502747, 0.011787183582782745, 0.024467431008815765, 0.03714768588542938, 0.0498279333114624, 0.06250818073749542, 0.07518842816352844, 0.08786867558956146, 0.10054893046617508, 0.1132291778922081, 0.12590941786766052, 0.13858968019485474, 0.15126992762088776, 0.1639501452445984, 0.1766303926706314, 0.18931064009666443, 0.20199090242385864, 0.21467113494873047, 0.22735139727592468, 0.2400316447019577, 0.2527118921279907, 0.26539212465286255, 0.27807238698005676, 0.2907526195049286, 0.3034328818321228, 0.31611311435699463, 0.32879337668418884, 0.34147363901138306, 0.3541538715362549, 0.3668341338634491, 0.3795143961906433, 0.39219462871551514, 0.40487489104270935, 0.4175551235675812, 0.4302353858947754, 0.4429156184196472, 0.45559588074684143, 0.46827614307403564, 0.48095640540122986, 0.4936366379261017, 0.5063169002532959, 0.5189971327781677, 0.5316773653030396, 0.5443576574325562, 0.557037889957428, 0.5697181224822998]}, "parameters/value_func.nn.2.weight": {"_type": "histogram", "values": [2.0, 0.0, 1.0, 2.0, 0.0, 2.0, 0.0, 3.0, 4.0, 1.0, 4.0, 0.0, 1.0, 2.0, 3.0, 4.0, 4.0, 4.0, 5.0, 4.0, 4.0, 5.0, 2.0, 5.0, 3.0, 1.0, 6.0, 1.0, 3.0, 3.0, 3.0, 1.0, 1.0, 4.0, 2.0, 3.0, 2.0, 1.0, 0.0, 2.0, 2.0, 1.0, 3.0, 1.0, 1.0, 2.0, 1.0, 0.0, 0.0, 0.0, 2.0, 0.0, 2.0, 0.0, 2.0, 2.0, 3.0, 3.0, 0.0, 3.0, 1.0, 0.0, 0.0, 1.0], "bins": [-0.6038773655891418, -0.5889154076576233, -0.5739534497261047, -0.5589914917945862, -0.5440295338630676, -0.5290675759315491, -0.5141056180000305, -0.49914366006851196, -0.4841817021369934, -0.46921974420547485, -0.4542577862739563, -0.43929582834243774, -0.4243338704109192, -0.40937191247940063, -0.3944099545478821, -0.3794479966163635, -0.36448603868484497, -0.3495240807533264, -0.33456212282180786, -0.3196001648902893, -0.30463820695877075, -0.2896762490272522, -0.27471429109573364, -0.2597523331642151, -0.24479040503501892, -0.22982844710350037, -0.2148664891719818, -0.19990453124046326, -0.1849425733089447, -0.16998061537742615, -0.1550186574459076, -0.14005669951438904, -0.12509474158287048, -0.11013278365135193, -0.09517082571983337, -0.08020886778831482, -0.06524690985679626, -0.05028495937585831, -0.03532300144433975, -0.020361043512821198, -0.005399085581302643, 0.009562871418893337, 0.024524828419089317, 0.03948678448796272, 0.05444874241948128, 0.06941069662570953, 0.08437265455722809, 0.09933461248874664, 0.1142965704202652, 0.12925852835178375, 0.1442204862833023, 0.15918244421482086, 0.17414440214633942, 0.18910634517669678, 0.20406830310821533, 0.2190302610397339, 0.23399221897125244, 0.248954176902771, 0.26391613483428955, 0.2788780927658081, 0.29384005069732666, 0.3088020086288452, 0.32376396656036377, 0.3387259244918823, 0.3536878824234009]}, "parameters/value_func.nn.2.bias": {"_type": "histogram", "values": [0.0, 0.0, 0.0, 0.0, 0.0, 0.0, 0.0, 0.0, 0.0, 0.0, 0.0, 0.0, 0.0, 0.0, 0.0, 0.0, 0.0, 0.0, 0.0, 0.0, 0.0, 0.0, 0.0, 0.0, 0.0, 0.0, 0.0, 0.0, 0.0, 0.0, 0.0, 0.0, 1.0, 0.0, 0.0, 0.0, 0.0, 0.0, 0.0, 0.0, 0.0, 0.0, 0.0, 0.0, 0.0, 0.0, 0.0, 0.0, 0.0, 0.0, 0.0, 0.0, 0.0, 0.0, 0.0, 0.0, 0.0, 0.0, 0.0, 0.0, 0.0, 0.0, 0.0, 0.0], "bins": [-0.27321818470954895, -0.27321818470954895, -0.27321818470954895, -0.27321818470954895, -0.27321818470954895, -0.27321818470954895, -0.27321818470954895, -0.27321818470954895, -0.27321818470954895, -0.27321818470954895, -0.27321818470954895, -0.27321818470954895, -0.27321818470954895, -0.27321818470954895, -0.27321818470954895, -0.27321818470954895, -0.27321818470954895, -0.27321818470954895, -0.27321818470954895, -0.27321818470954895, -0.27321818470954895, -0.27321818470954895, -0.27321818470954895, -0.27321818470954895, -0.27321818470954895, -0.27321818470954895, -0.27321818470954895, -0.27321818470954895, -0.27321818470954895, -0.27321818470954895, -0.27321818470954895, -0.27321818470954895, -0.27321818470954895, -0.27321818470954895, -0.27321818470954895, -0.27321818470954895, -0.27321818470954895, -0.27321818470954895, -0.27321818470954895, -0.27321818470954895, -0.27321818470954895, -0.27321818470954895, -0.27321818470954895, -0.27321818470954895, -0.27321818470954895, -0.27321818470954895, -0.27321818470954895, -0.27321818470954895, -0.27321818470954895, -0.27321818470954895, -0.27321818470954895, -0.27321818470954895, -0.27321818470954895, -0.27321818470954895, -0.27321818470954895, -0.27321818470954895, -0.27321818470954895, -0.27321818470954895, -0.27321818470954895, -0.27321818470954895, -0.27321818470954895, -0.27321818470954895, -0.27321818470954895, -0.27321818470954895, -0.27321818470954895]}, "_wandb": {"runtime": 841}}