{"epoch": 127, "loss": 81229472.0, "_timestamp": 1678381692.9479954, "_runtime": 512.2583575248718, "_step": 127, "parameters/value_func.nn.0.weight": {"_type": "histogram", "values": [1.0, 2.0, 4.0, 3.0, 6.0, 2.0, 2.0, 4.0, 1.0, 5.0, 7.0, 5.0, 3.0, 1.0, 3.0, 6.0, 9.0, 8.0, 6.0, 10.0, 7.0, 6.0, 7.0, 20.0, 13.0, 8.0, 26.0, 37.0, 31.0, 32.0, 25.0, 42.0, 28.0, 35.0, 36.0, 21.0, 23.0, 17.0, 18.0, 15.0, 11.0, 16.0, 6.0, 6.0, 14.0, 7.0, 3.0, 2.0, 3.0, 1.0, 5.0, 7.0, 4.0, 3.0, 4.0, 3.0, 2.0, 2.0, 2.0, 2.0, 0.0, 0.0, 1.0, 1.0], "bins": [-0.8752964735031128, -0.8479892611503601, -0.8206821084022522, -0.7933748960494995, -0.7660677433013916, -0.7387605309486389, -0.7114533185958862, -0.6841461658477783, -0.6568389534950256, -0.629531741142273, -0.602224588394165, -0.5749173760414124, -0.5476101636886597, -0.5203030109405518, -0.4929957985877991, -0.4656886160373688, -0.4383814334869385, -0.4110742509365082, -0.3837670683860779, -0.3564598560333252, -0.3291526734828949, -0.3018454909324646, -0.2745382785797119, -0.24723109602928162, -0.21992391347885132, -0.19261673092842102, -0.16530953347682953, -0.13800233602523804, -0.11069515347480774, -0.08338797092437744, -0.05608077347278595, -0.028773576021194458, -0.0014664530754089355, 0.02584073692560196, 0.053147926926612854, 0.08045511692762375, 0.10776230692863464, 0.13506948947906494, 0.16237668693065643, 0.18968388438224792, 0.21699106693267822, 0.24429824948310852, 0.2716054320335388, 0.2989126443862915, 0.3262198269367218, 0.3535270094871521, 0.3808342218399048, 0.4081414043903351, 0.4354485869407654, 0.4627557694911957, 0.490062952041626, 0.5173701643943787, 0.5446773767471313, 0.5719845294952393, 0.5992917418479919, 0.6265989542007446, 0.6539061069488525, 0.6812133193016052, 0.7085204720497131, 0.7358276844024658, 0.7631348371505737, 0.7904420495033264, 0.8177492618560791, 0.845056414604187, 0.8723636269569397]}, "parameters/value_func.nn.0.bias": {"_type": "histogram", "values": [1.0, 0.0, 0.0, 2.0, 0.0, 0.0, 2.0, 1.0, 2.0, 1.0, 1.0, 0.0, 0.0, 1.0, 1.0, 1.0, 2.0, 2.0, 3.0, 2.0, 1.0, 5.0, 4.0, 5.0, 3.0, 2.0, 3.0, 3.0, 4.0, 4.0, 7.0, 1.0, 6.0, 8.0, 6.0, 5.0, 3.0, 4.0, 2.0, 6.0, 5.0, 1.0, 4.0, 1.0, 1.0, 1.0, 0.0, 0.0, 1.0, 1.0, 0.0, 2.0, 1.0, 2.0, 0.0, 0.0, 0.0, 0.0, 0.0, 0.0, 1.0, 1.0, 0.0, 2.0], "bins": [-0.46284061670303345, -0.4460313320159912, -0.4292220175266266, -0.41241273283958435, -0.3956034183502197, -0.3787941336631775, -0.36198484897613525, -0.345175564289093, -0.3283662497997284, -0.31155696511268616, -0.29474765062332153, -0.2779383659362793, -0.26112908124923706, -0.24431976675987244, -0.2275104820728302, -0.21070118248462677, -0.19389188289642334, -0.1770825833082199, -0.16027328372001648, -0.14346399903297424, -0.1266546994447708, -0.10984539985656738, -0.09303610771894455, -0.07622681558132172, -0.059417515993118286, -0.042608220130205154, -0.025798924267292023, -0.008989628404378891, 0.00781966745853424, 0.02462896704673767, 0.041438259184360504, 0.05824755132198334, 0.07505685091018677, 0.0918661504983902, 0.10867544263601303, 0.12548473477363586, 0.1422940343618393, 0.15910333395004272, 0.17591261863708496, 0.1927219182252884, 0.20953121781349182, 0.22634051740169525, 0.24314981698989868, 0.2599591016769409, 0.27676838636398315, 0.2935777008533478, 0.31038698554039, 0.32719630002975464, 0.3440055847167969, 0.3608148694038391, 0.37762418389320374, 0.39443346858024597, 0.4112427830696106, 0.42805206775665283, 0.44486135244369507, 0.4616706371307373, 0.47847995162010193, 0.49528923630714417, 0.5120985507965088, 0.528907835483551, 0.5457171201705933, 0.5625264644622803, 0.5793357491493225, 0.5961450338363647, 0.612954318523407]}, "parameters/value_func.nn.2.weight": {"_type": "histogram", "values": [1.0, 1.0, 0.0, 0.0, 1.0, 1.0, 0.0, 0.0, 0.0, 0.0, 1.0, 5.0, 0.0, 0.0, 0.0, 2.0, 2.0, 4.0, 4.0, 0.0, 4.0, 0.0, 9.0, 0.0, 2.0, 9.0, 2.0, 6.0, 3.0, 5.0, 4.0, 1.0, 8.0, 7.0, 3.0, 1.0, 1.0, 3.0, 1.0, 2.0, 1.0, 2.0, 6.0, 2.0, 0.0, 1.0, 0.0, 1.0, 1.0, 3.0, 1.0, 1.0, 1.0, 2.0, 1.0, 0.0, 1.0, 2.0, 1.0, 2.0, 2.0, 1.0, 2.0, 1.0], "bins": [-0.7265204191207886, -0.7052010893821716, -0.6838817000389099, -0.662562370300293, -0.641243040561676, -0.6199237108230591, -0.5986043214797974, -0.5772849917411804, -0.5559656620025635, -0.5346463322639465, -0.5133269429206848, -0.49200761318206787, -0.4706882834434509, -0.4493689239025116, -0.42804956436157227, -0.4067302346229553, -0.3854108452796936, -0.3640914857387543, -0.34277215600013733, -0.321452796459198, -0.30013346672058105, -0.2788141071796417, -0.2574947476387024, -0.23617540299892426, -0.21485605835914612, -0.19353671371936798, -0.17221736907958984, -0.1508980095386505, -0.12957866489887238, -0.10825932025909424, -0.08693996071815491, -0.06562061607837677, -0.04430127143859863, -0.022981923073530197, -0.0016625747084617615, 0.019656777381896973, 0.04097612202167511, 0.06229546666145325, 0.08361482620239258, 0.10493417084217072, 0.12625351548194885, 0.147572860121727, 0.16889220476150513, 0.19021156430244446, 0.2115309089422226, 0.23285025358200073, 0.25416961312294006, 0.2754889726638794, 0.29680830240249634, 0.31812766194343567, 0.3394469916820526, 0.36076635122299194, 0.3820856809616089, 0.4034050405025482, 0.42472440004348755, 0.4460437297821045, 0.4673630893230438, 0.48868244886398315, 0.5100017786026001, 0.5313211679458618, 0.5526404976844788, 0.5739598274230957, 0.5952792167663574, 0.6165985465049744, 0.6379178762435913]}, "parameters/value_func.nn.2.bias": {"_type": "histogram", "values": [0.0, 0.0, 0.0, 0.0, 0.0, 0.0, 0.0, 0.0, 0.0, 0.0, 0.0, 0.0, 0.0, 0.0, 0.0, 0.0, 0.0, 0.0, 0.0, 0.0, 0.0, 0.0, 0.0, 0.0, 0.0, 0.0, 0.0, 0.0, 0.0, 0.0, 0.0, 0.0, 1.0, 0.0, 0.0, 0.0, 0.0, 0.0, 0.0, 0.0, 0.0, 0.0, 0.0, 0.0, 0.0, 0.0, 0.0, 0.0, 0.0, 0.0, 0.0, 0.0, 0.0, 0.0, 0.0, 0.0, 0.0, 0.0, 0.0, 0.0, 0.0, 0.0, 0.0, 0.0], "bins": [-0.3277333974838257, -0.3277333974838257, -0.3277333974838257, -0.3277333974838257, -0.3277333974838257, -0.3277333974838257, -0.3277333974838257, -0.3277333974838257, -0.3277333974838257, -0.3277333974838257, -0.3277333974838257, -0.3277333974838257, -0.3277333974838257, -0.3277333974838257, -0.3277333974838257, -0.3277333974838257, -0.3277333974838257, -0.3277333974838257, -0.3277333974838257, -0.3277333974838257, -0.3277333974838257, -0.3277333974838257, -0.3277333974838257, -0.3277333974838257, -0.3277333974838257, -0.3277333974838257, -0.3277333974838257, -0.3277333974838257, -0.3277333974838257, -0.3277333974838257, -0.3277333974838257, -0.3277333974838257, -0.3277333974838257, -0.3277333974838257, -0.3277333974838257, -0.3277333974838257, -0.3277333974838257, -0.3277333974838257, -0.3277333974838257, -0.3277333974838257, -0.3277333974838257, -0.3277333974838257, -0.3277333974838257, -0.3277333974838257, -0.3277333974838257, -0.3277333974838257, -0.3277333974838257, -0.3277333974838257, -0.3277333974838257, -0.3277333974838257, -0.3277333974838257, -0.3277333974838257, -0.3277333974838257, -0.3277333974838257, -0.3277333974838257, -0.3277333974838257, -0.3277333974838257, -0.3277333974838257, -0.3277333974838257, -0.3277333974838257, -0.3277333974838257, -0.3277333974838257, -0.3277333974838257, -0.3277333974838257, -0.3277333974838257]}, "_wandb": {"runtime": 513}}