{"epoch": 62, "loss": 237123536.0, "_timestamp": 1678802929.6557996, "_runtime": 191.18607664108276, "_step": 61, "parameters/value_func.nn.0.weight": {"_type": "histogram", "values": [2.0, 3.0, 3.0, 7.0, 5.0, 5.0, 4.0, 12.0, 7.0, 4.0, 6.0, 11.0, 11.0, 6.0, 10.0, 14.0, 12.0, 14.0, 12.0, 13.0, 11.0, 12.0, 18.0, 22.0, 18.0, 25.0, 32.0, 23.0, 17.0, 12.0, 10.0, 25.0, 23.0, 18.0, 16.0, 14.0, 14.0, 6.0, 12.0, 12.0, 8.0, 14.0, 18.0, 6.0, 9.0, 9.0, 11.0, 8.0, 3.0, 6.0, 5.0, 5.0, 5.0, 6.0, 2.0, 3.0, 4.0, 2.0, 7.0, 4.0, 1.0, 2.0, 0.0, 1.0], "bins": [-0.43278124928474426, -0.4188026487827301, -0.40482404828071594, -0.3908454179763794, -0.37686681747436523, -0.3628882169723511, -0.3489096164703369, -0.33493101596832275, -0.3209524154663086, -0.30697381496429443, -0.2929952144622803, -0.2790166139602661, -0.26503798365592957, -0.2510593831539154, -0.23708078265190125, -0.22310218214988708, -0.20912356674671173, -0.19514496624469757, -0.18116635084152222, -0.16718775033950806, -0.1532091498374939, -0.13923054933547974, -0.12525193393230438, -0.11127333343029022, -0.09729472547769547, -0.08331611752510071, -0.06933751702308655, -0.05535890907049179, -0.04138030484318733, -0.027401700615882874, -0.013423092663288116, 0.0005555078387260437, 0.0145341157913208, 0.02851272001862526, 0.04249132424592972, 0.056469932198524475, 0.07044853270053864, 0.08442714065313339, 0.09840574860572815, 0.11238434910774231, 0.12636294960975647, 0.14034155011177063, 0.15432016551494598, 0.16829876601696014, 0.1822773665189743, 0.19625598192214966, 0.21023458242416382, 0.22421318292617798, 0.23819179832935333, 0.2521704137325287, 0.26614901423454285, 0.280127614736557, 0.29410621523857117, 0.3080848157405853, 0.3220634460449219, 0.33604204654693604, 0.3500206470489502, 0.36399924755096436, 0.3779778480529785, 0.3919564485549927, 0.4059350788593292, 0.4199136793613434, 0.43389227986335754, 0.4478708803653717, 0.46184948086738586]}, "parameters/value_func.nn.0.bias": {"_type": "histogram", "values": [1.0, 0.0, 0.0, 0.0, 0.0, 0.0, 0.0, 1.0, 1.0, 2.0, 0.0, 0.0, 1.0, 0.0, 3.0, 2.0, 1.0, 1.0, 2.0, 2.0, 6.0, 2.0, 6.0, 4.0, 1.0, 4.0, 4.0, 2.0, 9.0, 3.0, 3.0, 4.0, 3.0, 5.0, 4.0, 5.0, 4.0, 4.0, 1.0, 2.0, 1.0, 3.0, 2.0, 1.0, 0.0, 2.0, 3.0, 2.0, 1.0, 2.0, 0.0, 1.0, 0.0, 2.0, 0.0, 0.0, 0.0, 1.0, 3.0, 4.0, 1.0, 1.0, 3.0, 2.0], "bins": [-0.19585198163986206, -0.19095024466514587, -0.18604852259159088, -0.1811467856168747, -0.1762450635433197, -0.17134332656860352, -0.16644158959388733, -0.16153985261917114, -0.15663813054561615, -0.15173639357089996, -0.14683467149734497, -0.14193293452262878, -0.1370311975479126, -0.1321294754743576, -0.12722773849964142, -0.12232600897550583, -0.11742427945137024, -0.11252254992723465, -0.10762082040309906, -0.10271908342838287, -0.09781735390424728, -0.0929156243801117, -0.08801388740539551, -0.08311215788125992, -0.07821042835712433, -0.07330869883298874, -0.06840696930885315, -0.06350523233413696, -0.05860350281000137, -0.053701773285865784, -0.048800040036439896, -0.04389830678701401, -0.038996584713459015, -0.034094855189323425, -0.029193121939897537, -0.0242913905531168, -0.01938965916633606, -0.01448792777955532, -0.009586196392774582, -0.004684463143348694, 0.00021726638078689575, 0.005118997767567635, 0.010020729154348373, 0.014922460541129112, 0.01982419192790985, 0.02472592331469059, 0.02962765470147133, 0.03452938795089722, 0.039431117475032806, 0.044332846999168396, 0.049234580248594284, 0.05413631349802017, 0.05903804302215576, 0.06393977254629135, 0.06884150207042694, 0.07374323904514313, 0.07864496856927872, 0.0835466980934143, 0.0884484350681305, 0.09335016459226608, 0.09825189411640167, 0.10315362364053726, 0.10805535316467285, 0.11295709013938904, 0.11785881966352463]}, "parameters/value_func.nn.2.weight": {"_type": "histogram", "values": [1.0, 1.0, 2.0, 0.0, 2.0, 2.0, 3.0, 2.0, 4.0, 4.0, 3.0, 7.0, 2.0, 4.0, 5.0, 1.0, 3.0, 1.0, 4.0, 1.0, 4.0, 4.0, 3.0, 5.0, 5.0, 0.0, 2.0, 0.0, 0.0, 1.0, 1.0, 1.0, 0.0, 0.0, 1.0, 1.0, 1.0, 0.0, 2.0, 1.0, 2.0, 1.0, 2.0, 1.0, 1.0, 2.0, 4.0, 4.0, 1.0, 1.0, 2.0, 1.0, 3.0, 3.0, 1.0, 4.0, 4.0, 1.0, 1.0, 0.0, 2.0, 1.0, 1.0, 1.0], "bins": [-0.45746394991874695, -0.4461120665073395, -0.434760183095932, -0.4234083294868469, -0.41205644607543945, -0.400704562664032, -0.3893526792526245, -0.37800079584121704, -0.36664891242980957, -0.3552970290184021, -0.34394514560699463, -0.33259326219558716, -0.3212414085865021, -0.3098895251750946, -0.29853764176368713, -0.28718575835227966, -0.2758339047431946, -0.2644820213317871, -0.25313013792037964, -0.24177826941013336, -0.23042640089988708, -0.21907451748847961, -0.20772263407707214, -0.19637075066566467, -0.1850188821554184, -0.17366699874401093, -0.16231513023376465, -0.15096324682235718, -0.1396113634109497, -0.12825949490070343, -0.11690761148929596, -0.10555573552846909, -0.09420385956764221, -0.08285198360681534, -0.07150010764598846, -0.060148224234580994, -0.04879634827375412, -0.037444472312927246, -0.026092588901519775, -0.014740712940692902, -0.003388836979866028, 0.007963040843605995, 0.019314918667078018, 0.03066679835319519, 0.042018674314022064, 0.05337055027484894, 0.06472243368625641, 0.07607430964708328, 0.08742618560791016, 0.09877806156873703, 0.1101299375295639, 0.12148182094097137, 0.13283368945121765, 0.14418557286262512, 0.1555374562740326, 0.16688933968544006, 0.17824120819568634, 0.1895930916070938, 0.2009449601173401, 0.21229684352874756, 0.22364872694015503, 0.2350005954504013, 0.24635247886180878, 0.25770434737205505, 0.2690562307834625]}, "parameters/value_func.nn.2.bias": {"_type": "histogram", "values": [0.0, 0.0, 0.0, 0.0, 0.0, 0.0, 0.0, 0.0, 0.0, 0.0, 0.0, 0.0, 0.0, 0.0, 0.0, 0.0, 0.0, 0.0, 0.0, 0.0, 0.0, 0.0, 0.0, 0.0, 0.0, 0.0, 0.0, 0.0, 0.0, 0.0, 0.0, 0.0, 1.0, 0.0, 0.0, 0.0, 0.0, 0.0, 0.0, 0.0, 0.0, 0.0, 0.0, 0.0, 0.0, 0.0, 0.0, 0.0, 0.0, 0.0, 0.0, 0.0, 0.0, 0.0, 0.0, 0.0, 0.0, 0.0, 0.0, 0.0, 0.0, 0.0, 0.0, 0.0], "bins": [-0.04997743293642998, -0.04997743293642998, -0.04997743293642998, -0.04997743293642998, -0.04997743293642998, -0.04997743293642998, -0.04997743293642998, -0.04997743293642998, -0.04997743293642998, -0.04997743293642998, -0.04997743293642998, -0.04997743293642998, -0.04997743293642998, -0.04997743293642998, -0.04997743293642998, -0.04997743293642998, -0.04997743293642998, -0.04997743293642998, -0.04997743293642998, -0.04997743293642998, -0.04997743293642998, -0.04997743293642998, -0.04997743293642998, -0.04997743293642998, -0.04997743293642998, -0.04997743293642998, -0.04997743293642998, -0.04997743293642998, -0.04997743293642998, -0.04997743293642998, -0.04997743293642998, -0.04997743293642998, -0.04997743293642998, -0.04997743293642998, -0.04997743293642998, -0.04997743293642998, -0.04997743293642998, -0.04997743293642998, -0.04997743293642998, -0.04997743293642998, -0.04997743293642998, -0.04997743293642998, -0.04997743293642998, -0.04997743293642998, -0.04997743293642998, -0.04997743293642998, -0.04997743293642998, -0.04997743293642998, -0.04997743293642998, -0.04997743293642998, -0.04997743293642998, -0.04997743293642998, -0.04997743293642998, -0.04997743293642998, -0.04997743293642998, -0.04997743293642998, -0.04997743293642998, -0.04997743293642998, -0.04997743293642998, -0.04997743293642998, -0.04997743293642998, -0.04997743293642998, -0.04997743293642998, -0.04997743293642998, -0.04997743293642998]}, "_wandb": {"runtime": 192}}