{"epoch": 2, "loss": 12004469760.0, "_timestamp": 1678386277.600037, "_runtime": 3.0079400539398193, "_step": 0, "_wandb": {"runtime": 1}}