{"epoch": 58, "loss": 14168786944.0, "_timestamp": 1678387328.223616, "_runtime": 90.94282078742981, "_step": 56, "parameters/value_func.nn.0.weight": {"_type": "histogram", "values": [1.0, 0.0, 0.0, 4.0, 2.0, 9.0, 3.0, 6.0, 6.0, 6.0, 2.0, 3.0, 2.0, 7.0, 5.0, 7.0, 8.0, 5.0, 7.0, 13.0, 6.0, 18.0, 14.0, 18.0, 20.0, 13.0, 29.0, 15.0, 21.0, 16.0, 35.0, 20.0, 20.0, 17.0, 20.0, 31.0, 14.0, 27.0, 25.0, 16.0, 15.0, 20.0, 15.0, 4.0, 19.0, 7.0, 9.0, 5.0, 4.0, 7.0, 1.0, 5.0, 5.0, 7.0, 2.0, 4.0, 3.0, 6.0, 3.0, 6.0, 1.0, 0.0, 0.0, 1.0], "bins": [-0.5494587421417236, -0.5325028300285339, -0.5155468583106995, -0.49859094619750977, -0.4816350042819977, -0.4646790623664856, -0.4477231204509735, -0.4307671785354614, -0.41381126642227173, -0.39685532450675964, -0.37989938259124756, -0.36294347047805786, -0.3459875285625458, -0.3290315866470337, -0.3120756447315216, -0.2951197028160095, -0.27816376090049744, -0.26120781898498535, -0.24425189197063446, -0.22729595005512238, -0.21034002304077148, -0.1933840811252594, -0.17642813920974731, -0.15947219729423523, -0.14251627027988434, -0.12556032836437225, -0.10860440135002136, -0.09164845943450928, -0.07469252496957779, -0.0577365905046463, -0.040780648589134216, -0.02382471412420273, -0.00686877965927124, 0.010087156668305397, 0.027043092995882034, 0.04399903118610382, 0.06095496565103531, 0.0779109001159668, 0.09486684203147888, 0.11182277649641037, 0.12877871096134186, 0.14573465287685394, 0.16269057989120483, 0.17964652180671692, 0.196602463722229, 0.2135583907365799, 0.23051433265209198, 0.24747025966644287, 0.26442620158195496, 0.28138214349746704, 0.2983380854129791, 0.3152940273284912, 0.3322499394416809, 0.349205881357193, 0.3661618232727051, 0.38311776518821716, 0.40007370710372925, 0.41702964901924133, 0.4339855909347534, 0.4509415030479431, 0.4678974449634552, 0.4848533868789673, 0.5018093585968018, 0.5187652707099915, 0.5357211828231812]}, "parameters/value_func.nn.0.bias": {"_type": "histogram", "values": [2.0, 0.0, 1.0, 3.0, 7.0, 3.0, 5.0, 4.0, 6.0, 3.0, 3.0, 5.0, 2.0, 2.0, 2.0, 4.0, 3.0, 0.0, 1.0, 4.0, 1.0, 1.0, 2.0, 1.0, 4.0, 4.0, 3.0, 0.0, 2.0, 3.0, 3.0, 4.0, 1.0, 1.0, 2.0, 1.0, 3.0, 1.0, 1.0, 1.0, 2.0, 2.0, 0.0, 4.0, 1.0, 3.0, 1.0, 0.0, 1.0, 1.0, 1.0, 2.0, 1.0, 1.0, 1.0, 1.0, 0.0, 0.0, 0.0, 2.0, 0.0, 2.0, 1.0, 2.0], "bins": [-0.3042404055595398, -0.29136452078819275, -0.2784886360168457, -0.26561275124549866, -0.2527368664741516, -0.23986098170280457, -0.22698509693145752, -0.21410921216011047, -0.20123332738876343, -0.18835744261741638, -0.17548155784606934, -0.1626056730747223, -0.14972978830337524, -0.1368539035320282, -0.12397801876068115, -0.1111021339893341, -0.09822624921798706, -0.08535036444664001, -0.07247447967529297, -0.05959859490394592, -0.04672271013259888, -0.03384682536125183, -0.020970940589904785, -0.00809505581855774, 0.004780828952789307, 0.017656713724136353, 0.0305325984954834, 0.043408483266830444, 0.05628436803817749, 0.06916025280952454, 0.08203613758087158, 0.09491202235221863, 0.10778790712356567, 0.12066379189491272, 0.13353967666625977, 0.1464155614376068, 0.15929144620895386, 0.1721673309803009, 0.18504321575164795, 0.197919100522995, 0.21079498529434204, 0.2236708700656891, 0.23654675483703613, 0.24942263960838318, 0.2622985243797302, 0.27517440915107727, 0.2880502939224243, 0.30092617869377136, 0.3138020634651184, 0.32667794823646545, 0.3395538330078125, 0.35242971777915955, 0.3653056025505066, 0.37818148732185364, 0.3910573720932007, 0.40393325686454773, 0.4168091416358948, 0.4296850264072418, 0.44256091117858887, 0.4554367959499359, 0.46831268072128296, 0.48118856549263, 0.49406445026397705, 0.5069403648376465, 0.5198162198066711]}, "parameters/value_func.nn.2.weight": {"_type": "histogram", "values": [1.0, 1.0, 4.0, 2.0, 3.0, 0.0, 2.0, 0.0, 3.0, 4.0, 1.0, 4.0, 1.0, 2.0, 7.0, 1.0, 2.0, 2.0, 4.0, 1.0, 1.0, 2.0, 0.0, 1.0, 8.0, 3.0, 3.0, 1.0, 2.0, 2.0, 3.0, 3.0, 5.0, 1.0, 2.0, 0.0, 0.0, 2.0, 2.0, 5.0, 6.0, 1.0, 1.0, 0.0, 2.0, 1.0, 1.0, 1.0, 5.0, 2.0, 1.0, 2.0, 0.0, 2.0, 2.0, 2.0, 2.0, 0.0, 2.0, 1.0, 0.0, 0.0, 2.0, 1.0], "bins": [-0.4087815582752228, -0.3976997137069702, -0.38661786913871765, -0.3755360245704651, -0.3644542098045349, -0.35337236523628235, -0.3422905206680298, -0.3312086760997772, -0.32012683153152466, -0.3090449869632721, -0.29796314239501953, -0.28688132762908936, -0.2757994830608368, -0.26471763849258423, -0.25363579392433167, -0.2425539493560791, -0.23147213459014893, -0.22039029002189636, -0.209308460354805, -0.19822661578655243, -0.18714478611946106, -0.1760629415512085, -0.16498109698295593, -0.15389925241470337, -0.142817422747612, -0.13173557817935944, -0.12065374851226807, -0.1095719039440155, -0.09849006682634354, -0.08740822970867157, -0.076326385140419, -0.06524454802274704, -0.05416271090507507, -0.04308087378740311, -0.03199903294444084, -0.020917192101478577, -0.00983535498380661, 0.0012464821338653564, 0.01232832670211792, 0.023410163819789886, 0.03449200093746185, 0.04557383805513382, 0.056655678898096085, 0.06773751974105835, 0.07881935685873032, 0.08990119397640228, 0.10098303854465485, 0.11206487566232681, 0.12314671277999878, 0.13422855734825134, 0.1453103870153427, 0.15639223158359528, 0.16747406125068665, 0.1785559058189392, 0.18963775038719177, 0.20071959495544434, 0.2118014246225357, 0.22288326919078827, 0.23396509885787964, 0.2450469434261322, 0.25612878799438477, 0.26721060276031494, 0.2782924771308899, 0.28937429189682007, 0.30045613646507263]}, "parameters/value_func.nn.2.bias": {"_type": "histogram", "values": [0.0, 0.0, 0.0, 0.0, 0.0, 0.0, 0.0, 0.0, 0.0, 0.0, 0.0, 0.0, 0.0, 0.0, 0.0, 0.0, 0.0, 0.0, 0.0, 0.0, 0.0, 0.0, 0.0, 0.0, 0.0, 0.0, 0.0, 0.0, 0.0, 0.0, 0.0, 1.0, 0.0, 0.0, 0.0, 0.0, 0.0, 0.0, 0.0, 0.0, 0.0, 0.0, 0.0, 0.0, 0.0, 0.0, 0.0, 0.0, 0.0, 0.0, 0.0, 0.0, 0.0, 0.0, 0.0, 0.0, 0.0, 0.0, 0.0, 0.0, 0.0, 0.0, 0.0, 0.0], "bins": [-0.34547358751296997, -0.34547358751296997, -0.34547358751296997, -0.34547358751296997, -0.34547358751296997, -0.34547358751296997, -0.34547358751296997, -0.34547358751296997, -0.34547358751296997, -0.34547358751296997, -0.34547358751296997, -0.34547358751296997, -0.34547358751296997, -0.34547358751296997, -0.34547358751296997, -0.34547358751296997, -0.34547358751296997, -0.34547358751296997, -0.34547358751296997, -0.34547358751296997, -0.34547358751296997, -0.34547358751296997, -0.34547358751296997, -0.34547358751296997, -0.34547358751296997, -0.34547358751296997, -0.34547358751296997, -0.34547358751296997, -0.34547358751296997, -0.34547358751296997, -0.34547358751296997, -0.34547358751296997, -0.34547358751296997, -0.34547358751296997, -0.34547358751296997, -0.34547358751296997, -0.34547358751296997, -0.34547358751296997, -0.34547358751296997, -0.34547358751296997, -0.34547358751296997, -0.34547358751296997, -0.34547358751296997, -0.34547358751296997, -0.34547358751296997, -0.34547358751296997, -0.34547358751296997, -0.34547358751296997, -0.34547358751296997, -0.34547358751296997, -0.34547358751296997, -0.34547358751296997, -0.34547358751296997, -0.34547358751296997, -0.34547358751296997, -0.34547358751296997, -0.34547358751296997, -0.34547358751296997, -0.34547358751296997, -0.34547358751296997, -0.34547358751296997, -0.34547358751296997, -0.34547358751296997, -0.34547358751296997, -0.34547358751296997]}, "_wandb": {"runtime": 91}}