{"epoch": 1, "loss": 3690180096.0, "_timestamp": 1678297511.641207, "_runtime": 17.771602869033813, "_step": 1, "parameters/value_func.nn.0.weight": {"_type": "histogram", "values": [9.0, 13.0, 17.0, 8.0, 10.0, 9.0, 9.0, 6.0, 10.0, 14.0, 11.0, 9.0, 12.0, 8.0, 9.0, 9.0, 3.0, 7.0, 12.0, 16.0, 12.0, 13.0, 6.0, 12.0, 5.0, 10.0, 9.0, 9.0, 12.0, 14.0, 11.0, 8.0, 10.0, 8.0, 12.0, 9.0, 11.0, 9.0, 10.0, 7.0, 13.0, 6.0, 10.0, 11.0, 9.0, 11.0, 16.0, 11.0, 12.0, 8.0, 7.0, 7.0, 19.0, 6.0, 11.0, 8.0, 4.0, 16.0, 7.0, 11.0, 11.0, 9.0, 13.0, 6.0], "bins": [-0.21611732244491577, -0.20937803387641907, -0.20263876020908356, -0.19589948654174805, -0.18916019797325134, -0.18242090940475464, -0.17568163573741913, -0.16894236207008362, -0.16220307350158691, -0.1554637849330902, -0.1487245112657547, -0.1419852375984192, -0.13524594902992249, -0.12850666046142578, -0.12176738679409027, -0.11502810567617416, -0.10828882455825806, -0.10154954344034195, -0.09481026232242584, -0.08807098120450974, -0.08133170008659363, -0.07459241896867752, -0.06785313785076141, -0.061113856732845306, -0.0543745756149292, -0.04763529449701309, -0.040896013379096985, -0.03415673226118088, -0.02741745114326477, -0.020678170025348663, -0.013938888907432556, -0.007199607789516449, -0.00046034157276153564, 0.0062789395451545715, 0.013018220663070679, 0.019757501780986786, 0.026496782898902893, 0.033236064016819, 0.03997534513473511, 0.046714626252651215, 0.05345390737056732, 0.06019318848848343, 0.06693246960639954, 0.07367175072431564, 0.08041103184223175, 0.08715031296014786, 0.09388959407806396, 0.10062887519598007, 0.10736815631389618, 0.11410743743181229, 0.1208467185497284, 0.1275860071182251, 0.1343252807855606, 0.14106455445289612, 0.14780384302139282, 0.15454313158988953, 0.16128240525722504, 0.16802167892456055, 0.17476096749305725, 0.18150025606155396, 0.18823952972888947, 0.19497880339622498, 0.20171809196472168, 0.20845738053321838, 0.2151966542005539]}, "parameters/value_func.nn.2.weight": {"_type": "histogram", "values": [5.0, 4.0, 6.0, 1.0, 2.0, 1.0, 1.0, 0.0, 0.0, 0.0, 1.0, 0.0, 0.0, 5.0, 4.0, 2.0, 2.0, 5.0, 3.0, 2.0, 2.0, 2.0, 3.0, 1.0, 2.0, 7.0, 2.0, 3.0, 0.0, 3.0, 3.0, 2.0, 4.0, 2.0, 1.0, 0.0, 1.0, 1.0, 2.0, 0.0, 0.0, 3.0, 1.0, 1.0, 3.0, 0.0, 0.0, 2.0, 0.0, 3.0, 3.0, 0.0, 2.0, 3.0, 4.0, 0.0, 3.0, 3.0, 1.0, 4.0, 1.0, 2.0, 3.0, 1.0], "bins": [-0.21147111058235168, -0.2047407329082489, -0.1980103701353073, -0.19127999246120453, -0.18454961478710175, -0.17781925201416016, -0.17108887434005737, -0.1643584966659546, -0.157628133893013, -0.15089775621891022, -0.14416739344596863, -0.13743701577186584, -0.13070663809776306, -0.12397627532482147, -0.11724589765071869, -0.1105155274271965, -0.10378514975309372, -0.09705477952957153, -0.09032440185546875, -0.08359403163194656, -0.07686366140842438, -0.0701332837343216, -0.06340291351079941, -0.05667254328727722, -0.04994216933846474, -0.04321179538965225, -0.036481425166130066, -0.02975105121731758, -0.023020679131150246, -0.01629030704498291, -0.009559933096170425, -0.002829562872648239, 0.0039008110761642456, 0.010631183162331581, 0.017361555248498917, 0.0240919291973114, 0.030822301283478737, 0.03755267336964607, 0.04428304731845856, 0.05101341754198074, 0.05774379149079323, 0.06447416543960571, 0.0712045356631279, 0.07793490588665009, 0.08466528356075287, 0.09139565378427505, 0.09812602400779724, 0.10485640168190002, 0.11158677190542221, 0.1183171421289444, 0.12504751980304718, 0.13177788257598877, 0.13850826025009155, 0.14523863792419434, 0.15196901559829712, 0.1586993783712387, 0.1654297560453415, 0.17216013371944427, 0.17889049649238586, 0.18562087416648865, 0.19235125184059143, 0.19908161461353302, 0.2058119922876358, 0.2125423550605774, 0.21927273273468018]}, "_wandb": {"runtime": 17}}