{"epoch": 11, "loss": 1760633344.0, "_timestamp": 1678804874.4213336, "_runtime": 38.450329542160034, "_step": 9, "parameters/value_func.nn.0.weight": {"_type": "histogram", "values": [1.0, 3.0, 2.0, 4.0, 4.0, 2.0, 3.0, 1.0, 3.0, 0.0, 2.0, 3.0, 6.0, 7.0, 4.0, 9.0, 4.0, 8.0, 4.0, 7.0, 4.0, 4.0, 7.0, 8.0, 12.0, 5.0, 6.0, 6.0, 7.0, 6.0, 5.0, 2.0, 5.0, 6.0, 11.0, 6.0, 9.0, 7.0, 9.0, 7.0, 9.0, 5.0, 3.0, 4.0, 6.0, 6.0, 13.0, 7.0, 4.0, 2.0, 10.0, 6.0, 2.0, 3.0, 4.0, 0.0, 3.0, 3.0, 7.0, 3.0, 2.0, 4.0, 3.0, 2.0], "bins": [-0.38452544808387756, -0.37271416187286377, -0.3609028458595276, -0.3490915596485138, -0.3372802734375, -0.3254689574241638, -0.31365767121315, -0.30184638500213623, -0.29003506898880005, -0.27822378277778625, -0.2664124667644501, -0.2546011805534363, -0.2427898794412613, -0.2309785783290863, -0.2191672921180725, -0.20735599100589752, -0.19554468989372253, -0.18373338878154755, -0.17192208766937256, -0.16011080145835876, -0.14829950034618378, -0.1364881992340088, -0.1246769055724144, -0.11286561191082001, -0.10105431079864502, -0.08924300968647003, -0.07743171602487564, -0.06562042236328125, -0.05380912125110626, -0.04199782386422157, -0.030186526477336884, -0.018375232815742493, -0.006563901901245117, 0.005247395485639572, 0.01705869287252426, 0.02886999025940895, 0.04068128764629364, 0.05249258503317833, 0.06430388242006302, 0.07611517608165741, 0.0879264771938324, 0.09973777830600739, 0.11154907196760178, 0.12336036562919617, 0.13517166674137115, 0.14698296785354614, 0.15879425406455994, 0.17060555517673492, 0.1824168562889099, 0.1942281574010849, 0.2060394585132599, 0.21785074472427368, 0.22966204583644867, 0.24147334694862366, 0.25328463315963745, 0.26509594917297363, 0.2769072353839874, 0.2887185215950012, 0.3005298376083374, 0.3123411238193512, 0.324152410030365, 0.33596372604370117, 0.34777501225471497, 0.35958629846572876, 0.37139761447906494]}, "parameters/value_func.nn.0.bias": {"_type": "histogram", "values": [14.0, 8.0, 4.0, 2.0, 1.0, 2.0, 0.0, 0.0, 0.0, 1.0, 2.0, 0.0, 0.0, 0.0, 1.0, 0.0, 1.0, 0.0, 0.0, 0.0, 0.0, 0.0, 0.0, 0.0, 0.0, 0.0, 0.0, 0.0, 0.0, 0.0, 1.0, 1.0, 0.0, 0.0, 0.0, 1.0, 0.0, 0.0, 1.0, 0.0, 0.0, 0.0, 0.0, 0.0, 0.0, 0.0, 1.0, 1.0, 0.0, 0.0, 0.0, 0.0, 2.0, 0.0, 1.0, 1.0, 0.0, 3.0, 1.0, 1.0, 0.0, 1.0, 3.0, 9.0], "bins": [-0.09089052677154541, -0.08805952966213226, -0.08522853255271912, -0.08239753544330597, -0.07956653833389282, -0.07673554122447968, -0.07390454411506653, -0.07107354700565338, -0.06824254989624023, -0.06541155278682709, -0.06258055567741394, -0.05974955856800079, -0.056918561458587646, -0.0540875643491745, -0.051256563514471054, -0.04842556640505791, -0.04559456557035446, -0.042763568460941315, -0.03993257135152817, -0.03710157424211502, -0.034270577132701874, -0.03143958002328873, -0.02860857918858528, -0.025777582079172134, -0.022946584969758987, -0.02011558786034584, -0.017284590750932693, -0.014453591778874397, -0.01162259466946125, -0.008791597560048103, -0.005960598587989807, -0.00312960147857666, -0.0002986118197441101, 0.002532385755330324, 0.0053633833304047585, 0.00819438137114048, 0.011025378480553627, 0.013856375589966774, 0.01668737456202507, 0.019518371671438217, 0.022349368780851364, 0.02518036589026451, 0.028011362999677658, 0.030842361971735954, 0.03367336094379425, 0.0365043580532074, 0.039335355162620544, 0.04216635227203369, 0.04499734938144684, 0.047828346490859985, 0.05065934360027313, 0.05349034070968628, 0.056321337819099426, 0.05915233492851257, 0.06198333576321602, 0.06481432914733887, 0.06764532625675201, 0.07047632336616516, 0.07330732047557831, 0.07613831758499146, 0.0789693146944046, 0.08180031180381775, 0.0846313089132309, 0.08746230602264404, 0.09029331058263779]}, "parameters/value_func.nn.2.weight": {"_type": "histogram", "values": [4.0, 1.0, 1.0, 0.0, 2.0, 0.0, 0.0, 0.0, 0.0, 1.0, 0.0, 1.0, 1.0, 0.0, 0.0, 0.0, 0.0, 3.0, 1.0, 1.0, 1.0, 1.0, 2.0, 0.0, 0.0, 0.0, 3.0, 1.0, 2.0, 0.0, 1.0, 3.0, 1.0, 2.0, 1.0, 1.0, 0.0, 0.0, 0.0, 0.0, 0.0, 1.0, 2.0, 4.0, 1.0, 1.0, 0.0, 0.0, 1.0, 2.0, 4.0, 2.0, 2.0, 0.0, 1.0, 2.0, 1.0, 0.0, 0.0, 1.0, 0.0, 0.0, 2.0, 2.0], "bins": [-0.3918426036834717, -0.3800060749053955, -0.36816954612731934, -0.35633301734924316, -0.344496488571167, -0.3326599597930908, -0.32082343101501465, -0.3089869022369385, -0.2971503734588623, -0.28531384468078613, -0.27347731590270996, -0.2616407871246338, -0.24980425834655762, -0.23796772956848145, -0.22613120079040527, -0.2142946720123291, -0.20245814323425293, -0.19062161445617676, -0.17878508567810059, -0.16694855690002441, -0.15511202812194824, -0.14327549934387207, -0.1314389705657959, -0.11960244178771973, -0.10776591300964355, -0.09592938423156738, -0.08409285545349121, -0.07225632667541504, -0.06041979789733887, -0.048583269119262695, -0.03674674034118652, -0.02491021156311035, -0.013073652982711792, -0.0012371242046356201, 0.010599404573440552, 0.022435933351516724, 0.034272462129592896, 0.04610899090766907, 0.05794551968574524, 0.06978204846382141, 0.08161857724189758, 0.09345510601997375, 0.10529163479804993, 0.1171281635761261, 0.12896469235420227, 0.14080122113227844, 0.15263774991035461, 0.1644742786884308, 0.17631080746650696, 0.18814733624458313, 0.1999838650226593, 0.21182039380073547, 0.22365692257881165, 0.23549345135688782, 0.247329980134964, 0.25916650891304016, 0.27100303769111633, 0.2828395664691925, 0.2946760952472687, 0.30651262402534485, 0.318349152803421, 0.3301856815814972, 0.34202221035957336, 0.35385873913764954, 0.3656952679157257]}, "parameters/value_func.nn.2.bias": {"_type": "histogram", "values": [0.0, 0.0, 0.0, 0.0, 0.0, 0.0, 0.0, 0.0, 0.0, 0.0, 0.0, 0.0, 0.0, 0.0, 0.0, 0.0, 0.0, 0.0, 0.0, 0.0, 0.0, 0.0, 0.0, 0.0, 0.0, 0.0, 0.0, 0.0, 0.0, 0.0, 0.0, 0.0, 1.0, 0.0, 0.0, 0.0, 0.0, 0.0, 0.0, 0.0, 0.0, 0.0, 0.0, 0.0, 0.0, 0.0, 0.0, 0.0, 0.0, 0.0, 0.0, 0.0, 0.0, 0.0, 0.0, 0.0, 0.0, 0.0, 0.0, 0.0, 0.0, 0.0, 0.0, 0.0], "bins": [-0.08953679352998734, -0.08953679352998734, -0.08953679352998734, -0.08953679352998734, -0.08953679352998734, -0.08953679352998734, -0.08953679352998734, -0.08953679352998734, -0.08953679352998734, -0.08953679352998734, -0.08953679352998734, -0.08953679352998734, -0.08953679352998734, -0.08953679352998734, -0.08953679352998734, -0.08953679352998734, -0.08953679352998734, -0.08953679352998734, -0.08953679352998734, -0.08953679352998734, -0.08953679352998734, -0.08953679352998734, -0.08953679352998734, -0.08953679352998734, -0.08953679352998734, -0.08953679352998734, -0.08953679352998734, -0.08953679352998734, -0.08953679352998734, -0.08953679352998734, -0.08953679352998734, -0.08953679352998734, -0.08953679352998734, -0.08953679352998734, -0.08953679352998734, -0.08953679352998734, -0.08953679352998734, -0.08953679352998734, -0.08953679352998734, -0.08953679352998734, -0.08953679352998734, -0.08953679352998734, -0.08953679352998734, -0.08953679352998734, -0.08953679352998734, -0.08953679352998734, -0.08953679352998734, -0.08953679352998734, -0.08953679352998734, -0.08953679352998734, -0.08953679352998734, -0.08953679352998734, -0.08953679352998734, -0.08953679352998734, -0.08953679352998734, -0.08953679352998734, -0.08953679352998734, -0.08953679352998734, -0.08953679352998734, -0.08953679352998734, -0.08953679352998734, -0.08953679352998734, -0.08953679352998734, -0.08953679352998734, -0.08953679352998734]}, "_wandb": {"runtime": 38}}