{"epoch": 22, "loss": 3071487744.0, "_timestamp": 1678384896.156318, "_runtime": 21.699806928634644, "_step": 21, "parameters/value_func.nn.0.weight": {"_type": "histogram", "values": [6.0, 10.0, 5.0, 4.0, 3.0, 4.0, 8.0, 8.0, 9.0, 6.0, 7.0, 4.0, 9.0, 7.0, 8.0, 9.0, 19.0, 9.0, 14.0, 11.0, 16.0, 10.0, 20.0, 8.0, 8.0, 10.0, 20.0, 21.0, 12.0, 19.0, 16.0, 13.0, 17.0, 25.0, 13.0, 18.0, 20.0, 23.0, 17.0, 17.0, 7.0, 6.0, 12.0, 11.0, 8.0, 9.0, 5.0, 7.0, 9.0, 4.0, 5.0, 12.0, 5.0, 5.0, 9.0, 6.0, 3.0, 3.0, 7.0, 8.0, 6.0, 4.0, 2.0, 4.0], "bins": [-0.3803001940250397, -0.3684692084789276, -0.35663819313049316, -0.3448072075843811, -0.33297622203826904, -0.321145236492157, -0.30931422114372253, -0.2974832355976105, -0.285652220249176, -0.27382123470306396, -0.2619902193546295, -0.25015923380851746, -0.2383282482624054, -0.22649724781513214, -0.2146662473678589, -0.20283526182174683, -0.19100427627563477, -0.1791732758283615, -0.16734229028224945, -0.1555112898349762, -0.14368030428886414, -0.13184930384159088, -0.12001830339431763, -0.10818731039762497, -0.09635631740093231, -0.08452532440423965, -0.072694331407547, -0.06086333096027374, -0.049032337963581085, -0.03720134496688843, -0.025370344519615173, -0.013539351522922516, -0.001708388328552246, 0.01012260653078556, 0.021953601390123367, 0.03378459811210632, 0.04561559110879898, 0.05744658410549164, 0.06927758455276489, 0.08110857754945755, 0.09293957054615021, 0.10477056354284286, 0.11660155653953552, 0.12843255698680878, 0.14026355743408203, 0.1520945429801941, 0.16392554342746735, 0.1757565438747406, 0.18758752942085266, 0.19941852986812592, 0.21124951541423798, 0.22308051586151123, 0.2349115014076233, 0.24674250185489655, 0.2585735023021698, 0.27040448784828186, 0.2822355031967163, 0.29406648874282837, 0.3058975040912628, 0.3177284896373749, 0.32955947518348694, 0.3413904905319214, 0.35322147607803345, 0.3650524616241455, 0.37688344717025757]}, "parameters/value_func.nn.0.bias": {"_type": "histogram", "values": [1.0, 1.0, 1.0, 3.0, 1.0, 2.0, 3.0, 5.0, 4.0, 1.0, 3.0, 4.0, 3.0, 2.0, 2.0, 2.0, 0.0, 1.0, 1.0, 3.0, 1.0, 3.0, 2.0, 1.0, 4.0, 4.0, 1.0, 3.0, 1.0, 2.0, 5.0, 3.0, 1.0, 0.0, 1.0, 3.0, 4.0, 0.0, 0.0, 0.0, 1.0, 1.0, 1.0, 1.0, 2.0, 0.0, 1.0, 3.0, 1.0, 1.0, 1.0, 2.0, 9.0, 3.0, 1.0, 3.0, 2.0, 3.0, 5.0, 1.0, 0.0, 3.0, 0.0, 1.0], "bins": [-0.1452009230852127, -0.14060568809509277, -0.13601045310497284, -0.1314152181148529, -0.12681998312473297, -0.12222474813461304, -0.1176295056939125, -0.11303427070379257, -0.10843903571367264, -0.1038438007235527, -0.09924856573343277, -0.09465333074331284, -0.0900580883026123, -0.08546285331249237, -0.08086761832237244, -0.0762723833322525, -0.07167714834213257, -0.06708191335201263, -0.0624866783618927, -0.05789143964648247, -0.053296204656362534, -0.0487009696662426, -0.04410573095083237, -0.03951049596071243, -0.0349152609705925, -0.030320025980472565, -0.02572478912770748, -0.021129552274942398, -0.016534317284822464, -0.01193908229470253, -0.007343845441937447, -0.0027486085891723633, 0.001846611499786377, 0.006441847421228886, 0.011037083342671394, 0.015632320195436478, 0.020227555185556412, 0.024822790175676346, 0.02941802702844143, 0.03401326388120651, 0.03860849887132645, 0.04320373386144638, 0.047798968851566315, 0.05239420756697655, 0.05698944255709648, 0.061584677547216415, 0.06617991626262665, 0.07077515125274658, 0.07537038624286652, 0.07996562123298645, 0.08456085622310638, 0.08915609121322632, 0.09375132620334625, 0.09834656119346619, 0.10294180363416672, 0.10753703862428665, 0.11213227361440659, 0.11672750860452652, 0.12132274359464645, 0.12591798603534698, 0.13051322102546692, 0.13510845601558685, 0.1397036910057068, 0.14429892599582672, 0.14889416098594666]}, "parameters/value_func.nn.2.weight": {"_type": "histogram", "values": [3.0, 4.0, 2.0, 2.0, 3.0, 4.0, 2.0, 1.0, 3.0, 5.0, 2.0, 2.0, 1.0, 3.0, 4.0, 2.0, 4.0, 3.0, 2.0, 2.0, 1.0, 2.0, 0.0, 2.0, 0.0, 2.0, 1.0, 3.0, 1.0, 4.0, 2.0, 5.0, 3.0, 3.0, 1.0, 4.0, 0.0, 3.0, 1.0, 0.0, 3.0, 1.0, 0.0, 1.0, 4.0, 0.0, 1.0, 1.0, 4.0, 3.0, 0.0, 1.0, 5.0, 4.0, 0.0, 1.0, 0.0, 2.0, 0.0, 3.0, 1.0, 0.0, 0.0, 1.0], "bins": [-0.367802232503891, -0.35651421546936035, -0.3452261984348297, -0.3339381814002991, -0.3226501941680908, -0.3113621771335602, -0.30007416009902954, -0.2887861430644989, -0.27749812602996826, -0.2662101089954376, -0.254922091960907, -0.24363408982753754, -0.2323460727930069, -0.22105805575847626, -0.2097700536251068, -0.19848203659057617, -0.18719401955604553, -0.1759060025215149, -0.16461798548698425, -0.1533299833536148, -0.14204196631908417, -0.13075394928455353, -0.11946593970060349, -0.10817793011665344, -0.0968899130821228, -0.08560189604759216, -0.07431388646364212, -0.06302587687969208, -0.05173785984516144, -0.0404498465359211, -0.029161833226680756, -0.017873823642730713, -0.006585836410522461, 0.00470217689871788, 0.01599019020795822, 0.027278203517198563, 0.038566216826438904, 0.049854230135679245, 0.061142243444919586, 0.07243025302886963, 0.08371827006340027, 0.09500628709793091, 0.10629429668188095, 0.117582306265831, 0.12887032330036163, 0.14015834033489227, 0.15144634246826172, 0.16273435950279236, 0.174022376537323, 0.18531039357185364, 0.19659841060638428, 0.20788641273975372, 0.21917442977428436, 0.230462446808815, 0.24175044894218445, 0.2530384659767151, 0.2643264830112457, 0.27561450004577637, 0.286902517080307, 0.29819053411483765, 0.3094785213470459, 0.32076653838157654, 0.3320545554161072, 0.3433425724506378, 0.35463058948516846]}, "parameters/value_func.nn.2.bias": {"_type": "histogram", "values": [0.0, 0.0, 0.0, 0.0, 0.0, 0.0, 0.0, 0.0, 0.0, 0.0, 0.0, 0.0, 0.0, 0.0, 0.0, 0.0, 0.0, 0.0, 0.0, 0.0, 0.0, 0.0, 0.0, 0.0, 0.0, 0.0, 0.0, 0.0, 0.0, 0.0, 0.0, 0.0, 1.0, 0.0, 0.0, 0.0, 0.0, 0.0, 0.0, 0.0, 0.0, 0.0, 0.0, 0.0, 0.0, 0.0, 0.0, 0.0, 0.0, 0.0, 0.0, 0.0, 0.0, 0.0, 0.0, 0.0, 0.0, 0.0, 0.0, 0.0, 0.0, 0.0, 0.0, 0.0], "bins": [-0.1565021127462387, -0.1565021127462387, -0.1565021127462387, -0.1565021127462387, -0.1565021127462387, -0.1565021127462387, -0.1565021127462387, -0.1565021127462387, -0.1565021127462387, -0.1565021127462387, -0.1565021127462387, -0.1565021127462387, -0.1565021127462387, -0.1565021127462387, -0.1565021127462387, -0.1565021127462387, -0.1565021127462387, -0.1565021127462387, -0.1565021127462387, -0.1565021127462387, -0.1565021127462387, -0.1565021127462387, -0.1565021127462387, -0.1565021127462387, -0.1565021127462387, -0.1565021127462387, -0.1565021127462387, -0.1565021127462387, -0.1565021127462387, -0.1565021127462387, -0.1565021127462387, -0.1565021127462387, -0.1565021127462387, -0.1565021127462387, -0.1565021127462387, -0.1565021127462387, -0.1565021127462387, -0.1565021127462387, -0.1565021127462387, -0.1565021127462387, -0.1565021127462387, -0.1565021127462387, -0.1565021127462387, -0.1565021127462387, -0.1565021127462387, -0.1565021127462387, -0.1565021127462387, -0.1565021127462387, -0.1565021127462387, -0.1565021127462387, -0.1565021127462387, -0.1565021127462387, -0.1565021127462387, -0.1565021127462387, -0.1565021127462387, -0.1565021127462387, -0.1565021127462387, -0.1565021127462387, -0.1565021127462387, -0.1565021127462387, -0.1565021127462387, -0.1565021127462387, -0.1565021127462387, -0.1565021127462387, -0.1565021127462387]}, "_wandb": {"runtime": 21}}