{"epoch": 163, "loss": 25230826.0, "_timestamp": 1678379285.2039487, "_runtime": 615.626535654068, "_step": 163, "parameters/value_func.nn.0.weight": {"_type": "histogram", "values": [1.0, 3.0, 1.0, 1.0, 0.0, 4.0, 0.0, 2.0, 5.0, 3.0, 3.0, 2.0, 4.0, 10.0, 3.0, 10.0, 5.0, 6.0, 8.0, 8.0, 8.0, 9.0, 14.0, 7.0, 13.0, 23.0, 20.0, 21.0, 21.0, 26.0, 43.0, 25.0, 40.0, 34.0, 32.0, 28.0, 21.0, 20.0, 24.0, 9.0, 9.0, 14.0, 7.0, 12.0, 10.0, 7.0, 8.0, 7.0, 2.0, 5.0, 4.0, 4.0, 6.0, 2.0, 5.0, 3.0, 7.0, 2.0, 4.0, 2.0, 0.0, 0.0, 2.0, 1.0], "bins": [-0.8546353578567505, -0.8284087777137756, -0.8021821975708008, -0.7759555578231812, -0.7497289776802063, -0.7235023975372314, -0.6972757577896118, -0.671049177646637, -0.6448225975036621, -0.6185960173606873, -0.5923694372177124, -0.5661427974700928, -0.5399162173271179, -0.5136896371841431, -0.4874630272388458, -0.4612364172935486, -0.43500983715057373, -0.4087832570075989, -0.38255664706230164, -0.3563300371170044, -0.33010345697402954, -0.3038768768310547, -0.27765026688575745, -0.2514236569404602, -0.22519707679748535, -0.1989704817533493, -0.17274388670921326, -0.1465172916650772, -0.12029069662094116, -0.09406410157680511, -0.06783750653266907, -0.04161091148853302, -0.015384256839752197, 0.01084233820438385, 0.0370689332485199, 0.06329552829265594, 0.08952212333679199, 0.11574871838092804, 0.1419753134250641, 0.16820190846920013, 0.19442850351333618, 0.22065509855747223, 0.24688169360160828, 0.2731083035469055, 0.29933488368988037, 0.3255614638328552, 0.35178807377815247, 0.3780146837234497, 0.40424126386642456, 0.4304678440093994, 0.45669445395469666, 0.4829210638999939, 0.5091476440429688, 0.5353742241859436, 0.5616008043289185, 0.5878274440765381, 0.6140540242195129, 0.6402806043624878, 0.6665072441101074, 0.6927338242530823, 0.7189604043960571, 0.745186984539032, 0.7714135646820068, 0.7976402044296265, 0.8238667845726013]}, "parameters/value_func.nn.0.bias": {"_type": "histogram", "values": [1.0, 0.0, 0.0, 0.0, 1.0, 0.0, 1.0, 1.0, 1.0, 0.0, 0.0, 0.0, 1.0, 1.0, 0.0, 1.0, 0.0, 0.0, 0.0, 0.0, 1.0, 0.0, 1.0, 3.0, 3.0, 3.0, 3.0, 8.0, 7.0, 9.0, 7.0, 15.0, 13.0, 11.0, 5.0, 8.0, 6.0, 0.0, 3.0, 1.0, 5.0, 2.0, 2.0, 1.0, 0.0, 0.0, 1.0, 0.0, 0.0, 0.0, 0.0, 0.0, 0.0, 0.0, 0.0, 0.0, 0.0, 0.0, 1.0, 0.0, 0.0, 0.0, 0.0, 1.0], "bins": [-0.6957027316093445, -0.6737293601036072, -0.6517559289932251, -0.6297825574874878, -0.6078091263771057, -0.5858357548713684, -0.5638623237609863, -0.541888952255249, -0.5199155807495117, -0.497942179441452, -0.47596877813339233, -0.45399540662765503, -0.43202197551727295, -0.41004860401153564, -0.38807520270347595, -0.36610180139541626, -0.3441283702850342, -0.3221549689769745, -0.3001815676689148, -0.2782081961631775, -0.2562347650527954, -0.2342613786458969, -0.2122879922389984, -0.19031459093093872, -0.16834118962287903, -0.14636778831481934, -0.12439439445734024, -0.10242100059986115, -0.08044759929180145, -0.05847419798374176, -0.03650081157684326, -0.01452741026878357, 0.0074460506439208984, 0.029419448226690292, 0.051392845809459686, 0.07336623966693878, 0.09533964097499847, 0.11731304228305817, 0.13928642868995667, 0.16125982999801636, 0.18323323130607605, 0.20520663261413574, 0.22718003392219543, 0.24915342032909393, 0.27112680673599243, 0.2931002378463745, 0.3150736093521118, 0.3370470106601715, 0.3590204119682312, 0.3809938132762909, 0.4029672145843506, 0.4249405860900879, 0.44691401720046997, 0.4688873887062073, 0.49086079001426697, 0.5128341913223267, 0.534807562828064, 0.5567809343338013, 0.5787543654441833, 0.6007277369499207, 0.6227011680603027, 0.64467453956604, 0.6666479110717773, 0.6886213421821594, 0.7105947732925415]}, "parameters/value_func.nn.2.weight": {"_type": "histogram", "values": [2.0, 1.0, 0.0, 1.0, 2.0, 1.0, 0.0, 0.0, 2.0, 2.0, 0.0, 3.0, 2.0, 2.0, 1.0, 5.0, 2.0, 0.0, 7.0, 4.0, 6.0, 6.0, 4.0, 2.0, 5.0, 0.0, 3.0, 1.0, 8.0, 1.0, 1.0, 1.0, 3.0, 4.0, 2.0, 2.0, 2.0, 5.0, 1.0, 2.0, 3.0, 1.0, 0.0, 2.0, 2.0, 2.0, 2.0, 0.0, 2.0, 1.0, 0.0, 3.0, 2.0, 1.0, 2.0, 1.0, 1.0, 2.0, 1.0, 1.0, 0.0, 2.0, 0.0, 1.0], "bins": [-0.695477306842804, -0.6731902956962585, -0.6509032845497131, -0.6286162734031677, -0.6063292622566223, -0.5840422511100769, -0.5617551803588867, -0.5394681692123413, -0.5171811580657959, -0.4948941469192505, -0.4726071357727051, -0.45032012462615967, -0.42803311347961426, -0.40574610233306885, -0.38345906138420105, -0.36117205023765564, -0.3388850688934326, -0.3165980577468872, -0.2943110466003418, -0.2720240354537964, -0.24973700940608978, -0.22744999825954437, -0.20516297221183777, -0.18287596106529236, -0.16058894991874695, -0.13830193877220154, -0.11601492017507553, -0.09372790157794952, -0.07144089043140411, -0.049153879284858704, -0.0268668532371521, -0.0045798420906066895, 0.01770716905593872, 0.03999418392777443, 0.06228119879961014, 0.08456821739673615, 0.10685522854328156, 0.12914223968982697, 0.15142926573753357, 0.17371627688407898, 0.1960032880306244, 0.2182902991771698, 0.2405773103237152, 0.262864351272583, 0.2851513624191284, 0.30743837356567383, 0.32972538471221924, 0.35201239585876465, 0.37429940700531006, 0.39658641815185547, 0.4188734292984009, 0.4411604404449463, 0.4634474515914917, 0.4857344627380371, 0.5080214738845825, 0.5303084850311279, 0.5525954961776733, 0.5748825073242188, 0.5971695184707642, 0.6194565296173096, 0.641743540763855, 0.6640305519104004, 0.6863175630569458, 0.7086045742034912, 0.7308916449546814]}, "parameters/value_func.nn.2.bias": {"_type": "histogram", "values": [0.0, 0.0, 0.0, 0.0, 0.0, 0.0, 0.0, 0.0, 0.0, 0.0, 0.0, 0.0, 0.0, 0.0, 0.0, 0.0, 0.0, 0.0, 0.0, 0.0, 0.0, 0.0, 0.0, 0.0, 0.0, 0.0, 0.0, 0.0, 0.0, 0.0, 0.0, 0.0, 1.0, 0.0, 0.0, 0.0, 0.0, 0.0, 0.0, 0.0, 0.0, 0.0, 0.0, 0.0, 0.0, 0.0, 0.0, 0.0, 0.0, 0.0, 0.0, 0.0, 0.0, 0.0, 0.0, 0.0, 0.0, 0.0, 0.0, 0.0, 0.0, 0.0, 0.0, 0.0], "bins": [-0.1302851289510727, -0.1302851289510727, -0.1302851289510727, -0.1302851289510727, -0.1302851289510727, -0.1302851289510727, -0.1302851289510727, -0.1302851289510727, -0.1302851289510727, -0.1302851289510727, -0.1302851289510727, -0.1302851289510727, -0.1302851289510727, -0.1302851289510727, -0.1302851289510727, -0.1302851289510727, -0.1302851289510727, -0.1302851289510727, -0.1302851289510727, -0.1302851289510727, -0.1302851289510727, -0.1302851289510727, -0.1302851289510727, -0.1302851289510727, -0.1302851289510727, -0.1302851289510727, -0.1302851289510727, -0.1302851289510727, -0.1302851289510727, -0.1302851289510727, -0.1302851289510727, -0.1302851289510727, -0.1302851289510727, -0.1302851289510727, -0.1302851289510727, -0.1302851289510727, -0.1302851289510727, -0.1302851289510727, -0.1302851289510727, -0.1302851289510727, -0.1302851289510727, -0.1302851289510727, -0.1302851289510727, -0.1302851289510727, -0.1302851289510727, -0.1302851289510727, -0.1302851289510727, -0.1302851289510727, -0.1302851289510727, -0.1302851289510727, -0.1302851289510727, -0.1302851289510727, -0.1302851289510727, -0.1302851289510727, -0.1302851289510727, -0.1302851289510727, -0.1302851289510727, -0.1302851289510727, -0.1302851289510727, -0.1302851289510727, -0.1302851289510727, -0.1302851289510727, -0.1302851289510727, -0.1302851289510727, -0.1302851289510727]}, "_wandb": {"runtime": 615}}