{"epoch": 106, "loss": 10754704384.0, "_timestamp": 1678388269.873685, "_runtime": 132.1106629371643, "_step": 104, "parameters/value_func.nn.0.weight": {"_type": "histogram", "values": [1.0, 1.0, 1.0, 0.0, 2.0, 3.0, 0.0, 4.0, 2.0, 3.0, 4.0, 4.0, 5.0, 3.0, 10.0, 8.0, 23.0, 16.0, 17.0, 16.0, 12.0, 17.0, 25.0, 17.0, 13.0, 33.0, 15.0, 18.0, 24.0, 24.0, 30.0, 24.0, 16.0, 24.0, 18.0, 13.0, 12.0, 7.0, 22.0, 12.0, 11.0, 18.0, 14.0, 11.0, 10.0, 20.0, 5.0, 7.0, 8.0, 3.0, 7.0, 4.0, 3.0, 4.0, 1.0, 3.0, 5.0, 1.0, 1.0, 1.0, 1.0, 2.0, 0.0, 1.0], "bins": [-0.7518250942230225, -0.7273517847061157, -0.7028785347938538, -0.678405225276947, -0.6539319753646851, -0.6294586658477783, -0.6049853563308716, -0.5805120468139648, -0.5560387969017029, -0.5315654873847961, -0.5070922374725342, -0.48261892795562744, -0.4581456482410431, -0.43367236852645874, -0.409199059009552, -0.38472577929496765, -0.3602524995803833, -0.33577921986579895, -0.3113059401512146, -0.28683263063430786, -0.2623593509197235, -0.23788607120513916, -0.21341277658939362, -0.18893948197364807, -0.16446620225906372, -0.13999292254447937, -0.11551962792873383, -0.09104634076356888, -0.06657305359840393, -0.04209976643323898, -0.017626479268074036, 0.006846815347671509, 0.03132009506225586, 0.05579338222742081, 0.08026666939258575, 0.1047399565577507, 0.12921324372291565, 0.1536865234375, 0.17815981805324554, 0.2026331126689911, 0.22710639238357544, 0.2515796720981598, 0.27605295181274414, 0.3005262613296509, 0.32499954104423523, 0.3494728207588196, 0.3739461302757263, 0.39841940999031067, 0.422892689704895, 0.44736596941947937, 0.4718392491340637, 0.49631255865097046, 0.5207858085632324, 0.5452591180801392, 0.5697324275970459, 0.5942057371139526, 0.6186789870262146, 0.6431522965431213, 0.6676255464553833, 0.69209885597229, 0.7165721654891968, 0.7410454154014587, 0.7655187249183655, 0.7899919748306274, 0.8144652843475342]}, "parameters/value_func.nn.0.bias": {"_type": "histogram", "values": [1.0, 1.0, 1.0, 3.0, 0.0, 0.0, 2.0, 1.0, 2.0, 0.0, 5.0, 4.0, 6.0, 2.0, 1.0, 1.0, 4.0, 6.0, 4.0, 0.0, 2.0, 3.0, 1.0, 1.0, 3.0, 2.0, 2.0, 6.0, 7.0, 5.0, 1.0, 4.0, 2.0, 2.0, 0.0, 0.0, 1.0, 0.0, 0.0, 0.0, 0.0, 2.0, 1.0, 2.0, 3.0, 1.0, 0.0, 0.0, 2.0, 3.0, 1.0, 0.0, 1.0, 2.0, 1.0, 0.0, 2.0, 2.0, 5.0, 6.0, 6.0, 1.0, 0.0, 1.0], "bins": [-0.5138169527053833, -0.493141770362854, -0.4724665880203247, -0.4517914056777954, -0.4311162233352661, -0.4104410409927368, -0.3897658586502075, -0.3690906763076782, -0.3484154939651489, -0.32774031162261963, -0.30706512928009033, -0.28638994693756104, -0.26571476459503174, -0.24503958225250244, -0.22436439990997314, -0.20368921756744385, -0.18301403522491455, -0.16233885288238525, -0.14166367053985596, -0.12098848819732666, -0.10031330585479736, -0.07963812351226807, -0.05896294116973877, -0.03828775882720947, -0.017612576484680176, 0.003062605857849121, 0.023737788200378418, 0.044412970542907715, 0.06508815288543701, 0.08576333522796631, 0.1064385175704956, 0.1271136999130249, 0.14778882265090942, 0.16846400499343872, 0.18913918733596802, 0.20981436967849731, 0.2304895520210266, 0.2511647343635559, 0.2718399167060852, 0.2925150990486145, 0.3131902813911438, 0.3338654637336731, 0.3545406460762024, 0.3752158284187317, 0.395891010761261, 0.4165661931037903, 0.4372413754463196, 0.4579165577888489, 0.4785917401313782, 0.49926692247390747, 0.5199421048164368, 0.5406172871589661, 0.5612924695014954, 0.5819676518440247, 0.602642834186554, 0.6233180165290833, 0.6439931988716125, 0.6646683812141418, 0.6853435635566711, 0.7060187458992004, 0.7266939282417297, 0.747369110584259, 0.7680442929267883, 0.7887194752693176, 0.8093946576118469]}, "parameters/value_func.nn.2.weight": {"_type": "histogram", "values": [2.0, 0.0, 0.0, 0.0, 1.0, 4.0, 4.0, 3.0, 4.0, 0.0, 0.0, 1.0, 1.0, 6.0, 6.0, 1.0, 7.0, 4.0, 7.0, 5.0, 3.0, 3.0, 2.0, 1.0, 4.0, 2.0, 2.0, 1.0, 2.0, 1.0, 1.0, 0.0, 3.0, 2.0, 2.0, 1.0, 1.0, 4.0, 3.0, 1.0, 2.0, 2.0, 0.0, 3.0, 2.0, 2.0, 0.0, 1.0, 0.0, 4.0, 3.0, 1.0, 1.0, 0.0, 1.0, 1.0, 0.0, 1.0, 2.0, 1.0, 2.0, 1.0, 1.0, 2.0], "bins": [-0.5001736283302307, -0.4877380430698395, -0.47530245780944824, -0.462866872549057, -0.45043128728866577, -0.43799570202827454, -0.4255601167678833, -0.4131245017051697, -0.40068894624710083, -0.3882533609867096, -0.37581777572631836, -0.3633821904659271, -0.3509466052055359, -0.33851101994514465, -0.3260754346847534, -0.3136398196220398, -0.30120423436164856, -0.2887686491012573, -0.2763330638408661, -0.26389747858047485, -0.2514618933200836, -0.23902630805969238, -0.22659070789813995, -0.21415512263774872, -0.20171953737735748, -0.18928395211696625, -0.176848366856575, -0.16441276669502258, -0.15197718143463135, -0.1395415961742401, -0.12710601091384888, -0.11467042565345764, -0.1022348701953888, -0.08979928493499756, -0.07736369967460632, -0.06492810696363449, -0.052492521703243256, -0.04005693644285202, -0.027621343731880188, -0.015185758471488953, -0.0027501732110977173, 0.009685413911938667, 0.022121001034975052, 0.034556590020656586, 0.04699217528104782, 0.059427760541439056, 0.07186335325241089, 0.08429893851280212, 0.09673452377319336, 0.1091701090335846, 0.12160569429397583, 0.13404127955436707, 0.1464768648147583, 0.15891245007514954, 0.17134805023670197, 0.1837836354970932, 0.19621922075748444, 0.20865480601787567, 0.2210903912782669, 0.23352599143981934, 0.24596157670021057, 0.2583971619606018, 0.27083274722099304, 0.2832683324813843, 0.2957039177417755]}, "parameters/value_func.nn.2.bias": {"_type": "histogram", "values": [0.0, 0.0, 0.0, 0.0, 0.0, 0.0, 0.0, 0.0, 0.0, 0.0, 0.0, 0.0, 0.0, 0.0, 0.0, 0.0, 0.0, 0.0, 0.0, 0.0, 0.0, 0.0, 0.0, 0.0, 0.0, 0.0, 0.0, 0.0, 0.0, 0.0, 0.0, 1.0, 0.0, 0.0, 0.0, 0.0, 0.0, 0.0, 0.0, 0.0, 0.0, 0.0, 0.0, 0.0, 0.0, 0.0, 0.0, 0.0, 0.0, 0.0, 0.0, 0.0, 0.0, 0.0, 0.0, 0.0, 0.0, 0.0, 0.0, 0.0, 0.0, 0.0, 0.0, 0.0], "bins": [-0.36718279123306274, -0.36718279123306274, -0.36718279123306274, -0.36718279123306274, -0.36718279123306274, -0.36718279123306274, -0.36718279123306274, -0.36718279123306274, -0.36718279123306274, -0.36718279123306274, -0.36718279123306274, -0.36718279123306274, -0.36718279123306274, -0.36718279123306274, -0.36718279123306274, -0.36718279123306274, -0.36718279123306274, -0.36718279123306274, -0.36718279123306274, -0.36718279123306274, -0.36718279123306274, -0.36718279123306274, -0.36718279123306274, -0.36718279123306274, -0.36718279123306274, -0.36718279123306274, -0.36718279123306274, -0.36718279123306274, -0.36718279123306274, -0.36718279123306274, -0.36718279123306274, -0.36718279123306274, -0.36718279123306274, -0.36718279123306274, -0.36718279123306274, -0.36718279123306274, -0.36718279123306274, -0.36718279123306274, -0.36718279123306274, -0.36718279123306274, -0.36718279123306274, -0.36718279123306274, -0.36718279123306274, -0.36718279123306274, -0.36718279123306274, -0.36718279123306274, -0.36718279123306274, -0.36718279123306274, -0.36718279123306274, -0.36718279123306274, -0.36718279123306274, -0.36718279123306274, -0.36718279123306274, -0.36718279123306274, -0.36718279123306274, -0.36718279123306274, -0.36718279123306274, -0.36718279123306274, -0.36718279123306274, -0.36718279123306274, -0.36718279123306274, -0.36718279123306274, -0.36718279123306274, -0.36718279123306274, -0.36718279123306274]}, "_wandb": {"runtime": 132}}