{"epoch": 127, "loss": 1988791296.0, "_timestamp": 1678389943.3484828, "_runtime": 110.51173377037048, "_step": 125, "parameters/value_func.nn.0.weight": {"_type": "histogram", "values": [1.0, 0.0, 1.0, 0.0, 1.0, 1.0, 1.0, 1.0, 0.0, 2.0, 6.0, 4.0, 7.0, 11.0, 9.0, 13.0, 4.0, 7.0, 15.0, 12.0, 15.0, 18.0, 15.0, 18.0, 19.0, 13.0, 11.0, 8.0, 11.0, 13.0, 14.0, 15.0, 12.0, 24.0, 14.0, 22.0, 23.0, 19.0, 21.0, 12.0, 16.0, 18.0, 13.0, 16.0, 11.0, 14.0, 15.0, 14.0, 11.0, 9.0, 10.0, 9.0, 10.0, 7.0, 6.0, 13.0, 9.0, 12.0, 5.0, 4.0, 2.0, 0.0, 1.0, 2.0], "bins": [-0.7722718715667725, -0.750093400478363, -0.7279149293899536, -0.705736517906189, -0.6835580468177795, -0.6613795757293701, -0.6392011046409607, -0.6170226335525513, -0.5948442220687866, -0.5726657509803772, -0.5504872798919678, -0.5283088684082031, -0.5061303973197937, -0.4839519262313843, -0.46177345514297485, -0.43959498405456543, -0.417416512966156, -0.3952380418777466, -0.37305960059165955, -0.3508811295032501, -0.3287026882171631, -0.30652421712875366, -0.28434574604034424, -0.2621672749519348, -0.23998883366584778, -0.21781037747859955, -0.19563192129135132, -0.1734534502029419, -0.15127499401569366, -0.12909653782844543, -0.10691806674003601, -0.08473961055278778, -0.06256121397018433, -0.0403827540576458, -0.01820429414510727, 0.003974169492721558, 0.026152625679969788, 0.04833108186721802, 0.07050955295562744, 0.09268800914287567, 0.1148664653301239, 0.13704492151737213, 0.15922337770462036, 0.18140184879302979, 0.20358030498027802, 0.22575876116752625, 0.24793723225593567, 0.2701156735420227, 0.29229414463043213, 0.31447261571884155, 0.3366510570049286, 0.358829528093338, 0.38100796937942505, 0.4031864404678345, 0.4253649115562439, 0.4475433826446533, 0.46972182393074036, 0.4919002950191498, 0.5140787363052368, 0.5362572073936462, 0.5584356784820557, 0.5806140899658203, 0.6027926206588745, 0.6249710321426392, 0.6471495032310486]}, "parameters/value_func.nn.0.bias": {"_type": "histogram", "values": [1.0, 0.0, 0.0, 0.0, 1.0, 0.0, 3.0, 1.0, 7.0, 4.0, 7.0, 4.0, 3.0, 5.0, 2.0, 2.0, 7.0, 6.0, 3.0, 1.0, 3.0, 2.0, 2.0, 3.0, 3.0, 3.0, 3.0, 2.0, 3.0, 2.0, 2.0, 3.0, 0.0, 2.0, 1.0, 0.0, 1.0, 0.0, 0.0, 2.0, 1.0, 0.0, 1.0, 1.0, 0.0, 0.0, 0.0, 0.0, 2.0, 1.0, 2.0, 0.0, 2.0, 3.0, 4.0, 3.0, 4.0, 1.0, 0.0, 3.0, 0.0, 4.0, 1.0, 1.0], "bins": [-0.40097182989120483, -0.3894300162792206, -0.37788820266723633, -0.36634641885757446, -0.3548046052455902, -0.34326279163360596, -0.3317210078239441, -0.32017919421195984, -0.3086373805999756, -0.29709556698799133, -0.2855537533760071, -0.2740119695663452, -0.26247015595436096, -0.2509283423423767, -0.23938654363155365, -0.2278447449207306, -0.21630293130874634, -0.20476111769676208, -0.19321931898593903, -0.18167752027511597, -0.1701357066631317, -0.15859389305114746, -0.1470520943403244, -0.13551029562950134, -0.12396848201751709, -0.11242667585611343, -0.10088486969470978, -0.08934306353330612, -0.07780125737190247, -0.06625945121049881, -0.054717645049095154, -0.0431758388876915, -0.03163406252861023, -0.020092256367206573, -0.008550450205802917, 0.0029913559556007385, 0.014533162117004395, 0.02607496827840805, 0.03761677443981171, 0.04915858060121536, 0.06070038676261902, 0.07224219292402267, 0.08378399908542633, 0.09532580524682999, 0.10686761140823364, 0.1184094175696373, 0.12995122373104095, 0.141493022441864, 0.15303483605384827, 0.16457664966583252, 0.17611844837665558, 0.18766024708747864, 0.1992020606994629, 0.21074387431144714, 0.2222856730222702, 0.23382747173309326, 0.24536928534507751, 0.25691109895706177, 0.26845288276672363, 0.2799946963787079, 0.29153650999069214, 0.3030783236026764, 0.31462013721466064, 0.3261619210243225, 0.33770373463630676]}, "parameters/value_func.nn.2.weight": {"_type": "histogram", "values": [4.0, 2.0, 1.0, 7.0, 6.0, 5.0, 6.0, 7.0, 12.0, 7.0, 5.0, 3.0, 3.0, 6.0, 0.0, 0.0, 2.0, 1.0, 0.0, 0.0, 0.0, 0.0, 0.0, 0.0, 0.0, 0.0, 0.0, 0.0, 3.0, 0.0, 1.0, 3.0, 3.0, 2.0, 2.0, 1.0, 0.0, 4.0, 1.0, 0.0, 0.0, 0.0, 1.0, 0.0, 2.0, 1.0, 1.0, 3.0, 0.0, 3.0, 0.0, 2.0, 5.0, 2.0, 3.0, 3.0, 0.0, 0.0, 1.0, 1.0, 2.0, 0.0, 0.0, 1.0], "bins": [-0.5775681734085083, -0.5571378469467163, -0.5367075204849243, -0.5162771940231323, -0.49584686756134033, -0.47541654109954834, -0.45498621463775635, -0.43455588817596436, -0.41412556171417236, -0.39369523525238037, -0.3732649087905884, -0.3528345823287964, -0.3324042558670044, -0.3119739294052124, -0.2915436029434204, -0.2711132764816284, -0.2506829500198364, -0.23025262355804443, -0.20982229709625244, -0.18939197063446045, -0.16896164417266846, -0.14853131771087646, -0.12810099124908447, -0.10767066478729248, -0.08724033832550049, -0.0668100118637085, -0.046379685401916504, -0.02594935894012451, -0.0055190324783325195, 0.014911293983459473, 0.035341620445251465, 0.05577194690704346, 0.07620221376419067, 0.09663254022598267, 0.11706286668777466, 0.13749319314956665, 0.15792351961135864, 0.17835384607315063, 0.19878417253494263, 0.21921449899673462, 0.2396448254585266, 0.2600751519203186, 0.2805054783821106, 0.3009358048439026, 0.3213661313056946, 0.3417964577674866, 0.36222678422927856, 0.38265711069107056, 0.40308743715286255, 0.42351776361465454, 0.44394809007644653, 0.4643784165382385, 0.4848087430000305, 0.5052390694618225, 0.5256693959236145, 0.5460997223854065, 0.5665300488471985, 0.5869603753089905, 0.6073907017707825, 0.6278210282325745, 0.6482513546943665, 0.6686816811561584, 0.6891120076179504, 0.7095423340797424, 0.7299726605415344]}, "parameters/value_func.nn.2.bias": {"_type": "histogram", "values": [0.0, 0.0, 0.0, 0.0, 0.0, 0.0, 0.0, 0.0, 0.0, 0.0, 0.0, 0.0, 0.0, 0.0, 0.0, 0.0, 0.0, 0.0, 0.0, 0.0, 0.0, 0.0, 0.0, 0.0, 0.0, 0.0, 0.0, 0.0, 0.0, 0.0, 0.0, 0.0, 1.0, 0.0, 0.0, 0.0, 0.0, 0.0, 0.0, 0.0, 0.0, 0.0, 0.0, 0.0, 0.0, 0.0, 0.0, 0.0, 0.0, 0.0, 0.0, 0.0, 0.0, 0.0, 0.0, 0.0, 0.0, 0.0, 0.0, 0.0, 0.0, 0.0, 0.0, 0.0], "bins": [-0.038522571325302124, -0.038522571325302124, -0.038522571325302124, -0.038522571325302124, -0.038522571325302124, -0.038522571325302124, -0.038522571325302124, -0.038522571325302124, -0.038522571325302124, -0.038522571325302124, -0.038522571325302124, -0.038522571325302124, -0.038522571325302124, -0.038522571325302124, -0.038522571325302124, -0.038522571325302124, -0.038522571325302124, -0.038522571325302124, -0.038522571325302124, -0.038522571325302124, -0.038522571325302124, -0.038522571325302124, -0.038522571325302124, -0.038522571325302124, -0.038522571325302124, -0.038522571325302124, -0.038522571325302124, -0.038522571325302124, -0.038522571325302124, -0.038522571325302124, -0.038522571325302124, -0.038522571325302124, -0.038522571325302124, -0.038522571325302124, -0.038522571325302124, -0.038522571325302124, -0.038522571325302124, -0.038522571325302124, -0.038522571325302124, -0.038522571325302124, -0.038522571325302124, -0.038522571325302124, -0.038522571325302124, -0.038522571325302124, -0.038522571325302124, -0.038522571325302124, -0.038522571325302124, -0.038522571325302124, -0.038522571325302124, -0.038522571325302124, -0.038522571325302124, -0.038522571325302124, -0.038522571325302124, -0.038522571325302124, -0.038522571325302124, -0.038522571325302124, -0.038522571325302124, -0.038522571325302124, -0.038522571325302124, -0.038522571325302124, -0.038522571325302124, -0.038522571325302124, -0.038522571325302124, -0.038522571325302124, -0.038522571325302124]}, "_wandb": {"runtime": 106}}