{"epoch": 92, "loss": 10534714368.0, "_timestamp": 1678387191.1539502, "_runtime": 153.84522223472595, "_step": 91, "parameters/value_func.nn.0.weight": {"_type": "histogram", "values": [1.0, 2.0, 2.0, 2.0, 2.0, 2.0, 2.0, 1.0, 7.0, 4.0, 9.0, 9.0, 6.0, 9.0, 13.0, 10.0, 20.0, 15.0, 17.0, 20.0, 19.0, 12.0, 22.0, 10.0, 18.0, 9.0, 12.0, 9.0, 21.0, 12.0, 12.0, 12.0, 15.0, 13.0, 9.0, 15.0, 15.0, 12.0, 13.0, 19.0, 11.0, 13.0, 12.0, 17.0, 7.0, 8.0, 11.0, 10.0, 18.0, 11.0, 5.0, 12.0, 12.0, 8.0, 6.0, 12.0, 12.0, 3.0, 4.0, 1.0, 5.0, 4.0, 5.0, 1.0], "bins": [-0.7176494002342224, -0.6956937313079834, -0.6737381219863892, -0.6517824530601501, -0.6298267841339111, -0.6078711748123169, -0.5859155058860779, -0.5639598369598389, -0.5420042276382446, -0.5200485587120056, -0.498092919588089, -0.47613728046417236, -0.45418161153793335, -0.4322259724140167, -0.4102703332901001, -0.3883146643638611, -0.36635899543762207, -0.34440335631370544, -0.32244768738746643, -0.3004920482635498, -0.2785363793373108, -0.25658074021339417, -0.23462510108947754, -0.21266944706439972, -0.1907137930393219, -0.16875813901424408, -0.14680248498916626, -0.12484684586524963, -0.10289119184017181, -0.080935537815094, -0.05897989869117737, -0.03702424466609955, -0.015068590641021729, 0.006887059658765793, 0.028842709958553314, 0.05079835653305054, 0.07275401055812836, 0.09470966458320618, 0.1166653037071228, 0.13862095773220062, 0.16057661175727844, 0.18253226578235626, 0.20448791980743408, 0.2264435589313507, 0.24839921295642853, 0.27035486698150635, 0.292310506105423, 0.3142661452293396, 0.3362218141555786, 0.35817745327949524, 0.38013312220573425, 0.4020887613296509, 0.4240444302558899, 0.4460000693798065, 0.46795570850372314, 0.48991137742996216, 0.5118670463562012, 0.5338227152824402, 0.5557783246040344, 0.5777339935302734, 0.5996896624565125, 0.6216453313827515, 0.6436009407043457, 0.6655566096305847, 0.687512218952179]}, "parameters/value_func.nn.0.bias": {"_type": "histogram", "values": [1.0, 0.0, 2.0, 0.0, 1.0, 0.0, 1.0, 0.0, 0.0, 0.0, 0.0, 1.0, 0.0, 0.0, 0.0, 0.0, 0.0, 0.0, 1.0, 3.0, 2.0, 5.0, 10.0, 7.0, 6.0, 8.0, 12.0, 8.0, 5.0, 10.0, 7.0, 5.0, 7.0, 2.0, 2.0, 4.0, 4.0, 2.0, 1.0, 1.0, 1.0, 2.0, 0.0, 0.0, 1.0, 0.0, 0.0, 1.0, 1.0, 0.0, 1.0, 0.0, 0.0, 0.0, 0.0, 0.0, 0.0, 1.0, 0.0, 1.0, 0.0, 0.0, 0.0, 1.0], "bins": [-0.6013899445533752, -0.5796002745628357, -0.5578106641769409, -0.5360209941864014, -0.5142313241958618, -0.49244171380996704, -0.4706520438194275, -0.4488624036312103, -0.42707276344299316, -0.405283123254776, -0.38349348306655884, -0.3617038130760193, -0.3399141728878021, -0.31812453269958496, -0.2963348627090454, -0.27454522252082825, -0.2527555823326111, -0.23096594214439392, -0.20917628705501556, -0.1873866319656372, -0.16559699177742004, -0.14380735158920288, -0.12201769649982452, -0.10022804141044617, -0.078438401222229, -0.056648753583431244, -0.034859105944633484, -0.013069458305835724, 0.008720189332962036, 0.030509836971759796, 0.052299484610557556, 0.07408913969993591, 0.0958787202835083, 0.11766836792230606, 0.13945801556110382, 0.16124767065048218, 0.18303731083869934, 0.2048269510269165, 0.22661660611629486, 0.24840626120567322, 0.2701959013938904, 0.29198554158210754, 0.3137751817703247, 0.33556485176086426, 0.3573544919490814, 0.3791441321372986, 0.40093380212783813, 0.4227234423160553, 0.44451308250427246, 0.4663027226924896, 0.4880923628807068, 0.5098820328712463, 0.5316716432571411, 0.5534613132476807, 0.5752509832382202, 0.5970406532287598, 0.6188302636146545, 0.6406199336051941, 0.6624095439910889, 0.6841992139816284, 0.705988883972168, 0.7277784943580627, 0.7495681643486023, 0.7713577747344971, 0.7931474447250366]}, "parameters/value_func.nn.2.weight": {"_type": "histogram", "values": [3.0, 1.0, 3.0, 4.0, 4.0, 3.0, 3.0, 8.0, 5.0, 6.0, 5.0, 8.0, 8.0, 5.0, 6.0, 5.0, 5.0, 0.0, 2.0, 4.0, 1.0, 0.0, 0.0, 1.0, 1.0, 0.0, 1.0, 0.0, 2.0, 2.0, 0.0, 0.0, 0.0, 0.0, 0.0, 0.0, 0.0, 1.0, 0.0, 2.0, 2.0, 0.0, 0.0, 0.0, 2.0, 1.0, 0.0, 0.0, 1.0, 2.0, 0.0, 1.0, 1.0, 1.0, 0.0, 1.0, 2.0, 4.0, 4.0, 2.0, 4.0, 0.0, 0.0, 1.0], "bins": [-0.6633641719818115, -0.6450986862182617, -0.6268331408500671, -0.6085676550865173, -0.5903021097183228, -0.572036623954773, -0.5537710785865784, -0.5355055928230286, -0.517240047454834, -0.4989745318889618, -0.4807090163230896, -0.4624435007572174, -0.4441779851913452, -0.4259124994277954, -0.4076469838619232, -0.389381468296051, -0.3711159825325012, -0.35285046696662903, -0.33458495140075684, -0.31631943583488464, -0.29805392026901245, -0.27978843450546265, -0.26152291893959045, -0.24325740337371826, -0.22499188780784607, -0.20672637224197388, -0.18846085667610168, -0.17019535601139069, -0.1519298404455185, -0.1336643248796463, -0.1153988167643547, -0.09713330864906311, -0.07886779308319092, -0.060602281242609024, -0.04233676940202713, -0.024071257561445236, -0.005805745720863342, 0.01245976984500885, 0.030725277960300446, 0.04899078607559204, 0.06725630164146423, 0.08552181720733643, 0.10378732532262802, 0.12205283343791962, 0.1403183490037918, 0.158583864569664, 0.176849365234375, 0.1951148808002472, 0.21338039636611938, 0.23164591193199158, 0.24991142749786377, 0.26817694306373596, 0.28644245862960815, 0.30470794439315796, 0.32297345995903015, 0.34123897552490234, 0.35950449109077454, 0.37777000665664673, 0.3960355222225189, 0.4143010377883911, 0.4325665235519409, 0.4508320689201355, 0.4690975546836853, 0.4873630702495575, 0.5056285858154297]}, "parameters/value_func.nn.2.bias": {"_type": "histogram", "values": [0.0, 0.0, 0.0, 0.0, 0.0, 0.0, 0.0, 0.0, 0.0, 0.0, 0.0, 0.0, 0.0, 0.0, 0.0, 0.0, 0.0, 0.0, 0.0, 0.0, 0.0, 0.0, 0.0, 0.0, 0.0, 0.0, 0.0, 0.0, 0.0, 0.0, 0.0, 0.0, 1.0, 0.0, 0.0, 0.0, 0.0, 0.0, 0.0, 0.0, 0.0, 0.0, 0.0, 0.0, 0.0, 0.0, 0.0, 0.0, 0.0, 0.0, 0.0, 0.0, 0.0, 0.0, 0.0, 0.0, 0.0, 0.0, 0.0, 0.0, 0.0, 0.0, 0.0, 0.0], "bins": [-0.13580453395843506, -0.13580453395843506, -0.13580453395843506, -0.13580453395843506, -0.13580453395843506, -0.13580453395843506, -0.13580453395843506, -0.13580453395843506, -0.13580453395843506, -0.13580453395843506, -0.13580453395843506, -0.13580453395843506, -0.13580453395843506, -0.13580453395843506, -0.13580453395843506, -0.13580453395843506, -0.13580453395843506, -0.13580453395843506, -0.13580453395843506, -0.13580453395843506, -0.13580453395843506, -0.13580453395843506, -0.13580453395843506, -0.13580453395843506, -0.13580453395843506, -0.13580453395843506, -0.13580453395843506, -0.13580453395843506, -0.13580453395843506, -0.13580453395843506, -0.13580453395843506, -0.13580453395843506, -0.13580453395843506, -0.13580453395843506, -0.13580453395843506, -0.13580453395843506, -0.13580453395843506, -0.13580453395843506, -0.13580453395843506, -0.13580453395843506, -0.13580453395843506, -0.13580453395843506, -0.13580453395843506, -0.13580453395843506, -0.13580453395843506, -0.13580453395843506, -0.13580453395843506, -0.13580453395843506, -0.13580453395843506, -0.13580453395843506, -0.13580453395843506, -0.13580453395843506, -0.13580453395843506, -0.13580453395843506, -0.13580453395843506, -0.13580453395843506, -0.13580453395843506, -0.13580453395843506, -0.13580453395843506, -0.13580453395843506, -0.13580453395843506, -0.13580453395843506, -0.13580453395843506, -0.13580453395843506, -0.13580453395843506]}, "_wandb": {"runtime": 154}}