{"epoch": 36, "loss": 1735990912.0, "_timestamp": 1678377714.82738, "_runtime": 137.25762295722961, "_step": 35, "parameters/value_func.nn.0.weight": {"_type": "histogram", "values": [2.0, 3.0, 4.0, 4.0, 4.0, 4.0, 2.0, 3.0, 4.0, 7.0, 11.0, 13.0, 13.0, 10.0, 5.0, 15.0, 7.0, 8.0, 14.0, 14.0, 17.0, 19.0, 14.0, 18.0, 13.0, 9.0, 19.0, 16.0, 23.0, 13.0, 13.0, 13.0, 7.0, 23.0, 14.0, 14.0, 23.0, 10.0, 12.0, 14.0, 10.0, 14.0, 15.0, 15.0, 16.0, 22.0, 17.0, 9.0, 11.0, 14.0, 9.0, 4.0, 11.0, 6.0, 2.0, 1.0, 2.0, 2.0, 0.0, 1.0, 1.0, 3.0, 0.0, 4.0], "bins": [-0.35275930166244507, -0.3416884243488312, -0.3306175172328949, -0.319546639919281, -0.3084757626056671, -0.2974048852920532, -0.28633397817611694, -0.27526310086250305, -0.26419222354888916, -0.25312134623527527, -0.24205045402050018, -0.2309795618057251, -0.2199086844921112, -0.20883779227733612, -0.19776690006256104, -0.18669602274894714, -0.17562511563301086, -0.16455422341823578, -0.1534833461046219, -0.1424124538898468, -0.1313415765762329, -0.12027068436145782, -0.10919979214668274, -0.09812890738248825, -0.08705802261829376, -0.07598713785409927, -0.06491625308990479, -0.0538453608751297, -0.04277447611093521, -0.03170359134674072, -0.020632699131965637, -0.009561814367771149, 0.0015090405941009521, 0.01257992722094059, 0.023650813847780228, 0.034721702337265015, 0.0457925871014595, 0.05686347186565399, 0.06793436408042908, 0.07900524884462357, 0.09007613360881805, 0.10114701837301254, 0.11221790313720703, 0.12328879535198212, 0.1343596875667572, 0.1454305648803711, 0.15650145709514618, 0.16757234930992126, 0.17864322662353516, 0.18971411883831024, 0.20078499615192413, 0.21185588836669922, 0.2229267656803131, 0.2339976578950882, 0.24506855010986328, 0.2561394274234772, 0.26721030473709106, 0.27828118205070496, 0.28935208916664124, 0.3004229664802551, 0.311493843793869, 0.3225647211074829, 0.3336356282234192, 0.3447065055370331, 0.35577741265296936]}, "parameters/value_func.nn.0.bias": {"_type": "histogram", "values": [2.0, 1.0, 0.0, 1.0, 2.0, 1.0, 0.0, 2.0, 1.0, 3.0, 3.0, 1.0, 1.0, 6.0, 4.0, 4.0, 3.0, 4.0, 1.0, 5.0, 0.0, 4.0, 0.0, 2.0, 2.0, 2.0, 3.0, 4.0, 1.0, 4.0, 3.0, 2.0, 3.0, 2.0, 2.0, 3.0, 3.0, 2.0, 1.0, 2.0, 0.0, 3.0, 2.0, 2.0, 0.0, 1.0, 2.0, 1.0, 3.0, 2.0, 1.0, 2.0, 2.0, 1.0, 0.0, 5.0, 2.0, 1.0, 1.0, 1.0, 1.0, 1.0, 3.0, 1.0], "bins": [-0.10527052730321884, -0.1011730208992958, -0.09707551449537277, -0.09297800809144974, -0.0888805091381073, -0.08478300273418427, -0.08068549633026123, -0.0765879899263382, -0.07249048352241516, -0.06839297711849213, -0.06429547071456909, -0.060197968035936356, -0.05610046163201332, -0.052002955228090286, -0.04790545254945755, -0.043807946145534515, -0.03971043974161148, -0.035612933337688446, -0.03151542693376541, -0.027417924255132675, -0.02332041785120964, -0.019222911447286606, -0.01512540690600872, -0.011027902364730835, -0.0069303959608078, -0.0028328904882073402, 0.0012646149843931198, 0.00536212045699358, 0.00945962592959404, 0.013557132333517075, 0.01765463687479496, 0.021752141416072845, 0.025849640369415283, 0.029947146773338318, 0.03404465317726135, 0.03814215585589409, 0.04223966225981712, 0.04633716866374016, 0.050434671342372894, 0.05453217774629593, 0.058629684150218964, 0.062727190554142, 0.06682469695806503, 0.07092220336198807, 0.0750197023153305, 0.07911720871925354, 0.08321471512317657, 0.08731222152709961, 0.09140972793102264, 0.09550723433494568, 0.09960474073886871, 0.10370224714279175, 0.10779975354671478, 0.11189725995063782, 0.11599475890398026, 0.12009226530790329, 0.12418977171182632, 0.12828727066516876, 0.1323847770690918, 0.13648228347301483, 0.14057978987693787, 0.1446772962808609, 0.14877480268478394, 0.15287230908870697, 0.15696981549263]}, "parameters/value_func.nn.2.weight": {"_type": "histogram", "values": [1.0, 2.0, 1.0, 1.0, 0.0, 1.0, 4.0, 1.0, 2.0, 5.0, 2.0, 0.0, 2.0, 2.0, 2.0, 1.0, 4.0, 3.0, 3.0, 0.0, 1.0, 2.0, 5.0, 3.0, 2.0, 2.0, 1.0, 2.0, 2.0, 4.0, 3.0, 3.0, 3.0, 2.0, 0.0, 1.0, 1.0, 3.0, 2.0, 3.0, 4.0, 1.0, 1.0, 5.0, 5.0, 4.0, 2.0, 5.0, 1.0, 1.0, 0.0, 3.0, 3.0, 0.0, 2.0, 0.0, 2.0, 3.0, 0.0, 2.0, 0.0, 1.0, 0.0, 1.0], "bins": [-0.3145504593849182, -0.3062768578529358, -0.298003226518631, -0.28972962498664856, -0.28145599365234375, -0.27318239212036133, -0.2649087607860565, -0.2566351592540741, -0.24836154282093048, -0.24008792638778687, -0.23181430995464325, -0.22354069352149963, -0.2152670919895172, -0.2069934606552124, -0.19871985912322998, -0.19044624269008636, -0.18217262625694275, -0.17389900982379913, -0.16562539339065552, -0.1573517769575119, -0.1490781605243683, -0.14080455899238586, -0.13253094255924225, -0.12425732612609863, -0.11598370969295502, -0.1077100932598114, -0.09943647682666779, -0.09116286784410477, -0.08288925141096115, -0.07461563497781754, -0.06634202599525452, -0.0580684095621109, -0.04979482293128967, -0.04152120649814606, -0.03324759379029274, -0.024973979219794273, -0.016700364649295807, -0.008426748216152191, -0.0001531355082988739, 0.008120477199554443, 0.01639409363269806, 0.024667708203196526, 0.03294132277369499, 0.04121493548154831, 0.049488551914691925, 0.05776216834783554, 0.06603577733039856, 0.07430939376354218, 0.08258301019668579, 0.0908566266298294, 0.09913024306297302, 0.10740385204553604, 0.11567746847867966, 0.12395108491182327, 0.1322246938943863, 0.1404983103275299, 0.14877192676067352, 0.15704554319381714, 0.16531915962696075, 0.17359277606010437, 0.1818663775920868, 0.1901400089263916, 0.19841361045837402, 0.20668722689151764, 0.21496084332466125]}, "parameters/value_func.nn.2.bias": {"_type": "histogram", "values": [0.0, 0.0, 0.0, 0.0, 0.0, 0.0, 0.0, 0.0, 0.0, 0.0, 0.0, 0.0, 0.0, 0.0, 0.0, 0.0, 0.0, 0.0, 0.0, 0.0, 0.0, 0.0, 0.0, 0.0, 0.0, 0.0, 0.0, 0.0, 0.0, 0.0, 0.0, 0.0, 1.0, 0.0, 0.0, 0.0, 0.0, 0.0, 0.0, 0.0, 0.0, 0.0, 0.0, 0.0, 0.0, 0.0, 0.0, 0.0, 0.0, 0.0, 0.0, 0.0, 0.0, 0.0, 0.0, 0.0, 0.0, 0.0, 0.0, 0.0, 0.0, 0.0, 0.0, 0.0], "bins": [-0.1380893737077713, -0.1380893737077713, -0.1380893737077713, -0.1380893737077713, -0.1380893737077713, -0.1380893737077713, -0.1380893737077713, -0.1380893737077713, -0.1380893737077713, -0.1380893737077713, -0.1380893737077713, -0.1380893737077713, -0.1380893737077713, -0.1380893737077713, -0.1380893737077713, -0.1380893737077713, -0.1380893737077713, -0.1380893737077713, -0.1380893737077713, -0.1380893737077713, -0.1380893737077713, -0.1380893737077713, -0.1380893737077713, -0.1380893737077713, -0.1380893737077713, -0.1380893737077713, -0.1380893737077713, -0.1380893737077713, -0.1380893737077713, -0.1380893737077713, -0.1380893737077713, -0.1380893737077713, -0.1380893737077713, -0.1380893737077713, -0.1380893737077713, -0.1380893737077713, -0.1380893737077713, -0.1380893737077713, -0.1380893737077713, -0.1380893737077713, -0.1380893737077713, -0.1380893737077713, -0.1380893737077713, -0.1380893737077713, -0.1380893737077713, -0.1380893737077713, -0.1380893737077713, -0.1380893737077713, -0.1380893737077713, -0.1380893737077713, -0.1380893737077713, -0.1380893737077713, -0.1380893737077713, -0.1380893737077713, -0.1380893737077713, -0.1380893737077713, -0.1380893737077713, -0.1380893737077713, -0.1380893737077713, -0.1380893737077713, -0.1380893737077713, -0.1380893737077713, -0.1380893737077713, -0.1380893737077713, -0.1380893737077713]}}