{"epoch": 27, "loss": 1791782272.0, "_timestamp": 1678805561.4003072, "_runtime": 100.79972219467163, "_step": 25, "parameters/value_func.nn.0.weight": {"_type": "histogram", "values": [1.0, 0.0, 1.0, 1.0, 2.0, 2.0, 2.0, 1.0, 0.0, 6.0, 2.0, 2.0, 2.0, 6.0, 4.0, 3.0, 4.0, 4.0, 4.0, 5.0, 5.0, 2.0, 6.0, 5.0, 6.0, 10.0, 11.0, 10.0, 7.0, 11.0, 13.0, 8.0, 10.0, 11.0, 12.0, 9.0, 8.0, 11.0, 15.0, 12.0, 5.0, 2.0, 6.0, 3.0, 3.0, 5.0, 2.0, 6.0, 4.0, 4.0, 2.0, 6.0, 6.0, 6.0, 6.0, 1.0, 3.0, 5.0, 4.0, 0.0, 2.0, 1.0, 1.0, 3.0], "bins": [-0.5213788151741028, -0.5055338740348816, -0.4896889626979828, -0.4738440215587616, -0.4579990804195404, -0.4421541690826416, -0.4263092279434204, -0.4104642868041992, -0.394619345664978, -0.37877440452575684, -0.36292949318885803, -0.34708455204963684, -0.33123961091041565, -0.31539469957351685, -0.29954975843429565, -0.28370481729507446, -0.26785990595817566, -0.25201496481895447, -0.23617003858089447, -0.22032511234283447, -0.20448017120361328, -0.18863524496555328, -0.1727903187274933, -0.1569453775882721, -0.1411004513502121, -0.1252555251121521, -0.10941058397293091, -0.09356565773487091, -0.07772072404623032, -0.06187579035758972, -0.046030864119529724, -0.03018593043088913, -0.014341026544570923, 0.0015039052814245224, 0.017348837107419968, 0.033193767070770264, 0.04903870075941086, 0.06488363444805145, 0.08072856068611145, 0.09657349437475204, 0.11241842806339264, 0.12826335430145264, 0.14410829544067383, 0.15995322167873383, 0.17579814791679382, 0.19164308905601501, 0.207488015294075, 0.223332941532135, 0.2391778826713562, 0.2550228238105774, 0.2708677351474762, 0.2867126762866974, 0.3025576174259186, 0.3184025287628174, 0.3342474699020386, 0.35009241104125977, 0.36593735218048096, 0.38178229331970215, 0.39762720465660095, 0.41347214579582214, 0.42931708693504333, 0.44516199827194214, 0.46100693941116333, 0.4768518805503845, 0.4926967918872833]}, "parameters/value_func.nn.0.bias": {"_type": "histogram", "values": [2.0, 3.0, 0.0, 1.0, 1.0, 1.0, 2.0, 0.0, 1.0, 2.0, 1.0, 3.0, 0.0, 1.0, 1.0, 0.0, 2.0, 0.0, 0.0, 2.0, 1.0, 1.0, 0.0, 0.0, 0.0, 1.0, 0.0, 1.0, 1.0, 2.0, 0.0, 1.0, 1.0, 1.0, 0.0, 1.0, 0.0, 0.0, 1.0, 1.0, 2.0, 1.0, 1.0, 1.0, 0.0, 1.0, 0.0, 2.0, 1.0, 1.0, 0.0, 0.0, 3.0, 4.0, 1.0, 2.0, 0.0, 0.0, 3.0, 2.0, 0.0, 1.0, 0.0, 2.0], "bins": [-0.2534940242767334, -0.24546638131141663, -0.23743873834609985, -0.22941109538078308, -0.2213834524154663, -0.21335580945014954, -0.20532815158367157, -0.1973005086183548, -0.18927286565303802, -0.18124522268772125, -0.17321757972240448, -0.1651899367570877, -0.15716227889060974, -0.14913463592529297, -0.1411069929599762, -0.13307934999465942, -0.12505170702934265, -0.11702406406402588, -0.1089964210987091, -0.10096877068281174, -0.09294112771749496, -0.08491348475217819, -0.07688583433628082, -0.06885819137096405, -0.06083054840564728, -0.052802905440330505, -0.044775258749723434, -0.036747612059116364, -0.02871996909379959, -0.02069232612848282, -0.012664679437875748, -0.004637032747268677, 0.0033906400203704834, 0.011418284848332405, 0.019445929676294327, 0.02747357450425625, 0.03550121933221817, 0.04352886229753494, 0.051556508988142014, 0.059584155678749084, 0.06761179864406586, 0.07563944160938263, 0.0836670845746994, 0.09169473499059677, 0.09972237795591354, 0.10775002092123032, 0.11577767133712769, 0.12380531430244446, 0.13183295726776123, 0.139860600233078, 0.14788824319839478, 0.15591588616371155, 0.16394352912902832, 0.1719711720943451, 0.17999882996082306, 0.18802647292613983, 0.1960541158914566, 0.20408175885677338, 0.21210940182209015, 0.22013704478740692, 0.2281647026538849, 0.23619234561920166, 0.24421998858451843, 0.2522476315498352, 0.260275274515152]}, "parameters/value_func.nn.2.weight": {"_type": "histogram", "values": [1.0, 2.0, 0.0, 1.0, 1.0, 0.0, 1.0, 1.0, 1.0, 2.0, 2.0, 0.0, 0.0, 2.0, 0.0, 0.0, 0.0, 1.0, 0.0, 0.0, 2.0, 3.0, 1.0, 0.0, 0.0, 3.0, 1.0, 0.0, 2.0, 2.0, 3.0, 2.0, 0.0, 0.0, 1.0, 2.0, 1.0, 2.0, 0.0, 1.0, 2.0, 2.0, 0.0, 3.0, 2.0, 2.0, 4.0, 0.0, 1.0, 1.0, 0.0, 1.0, 0.0, 1.0, 1.0, 0.0, 0.0, 1.0, 0.0, 0.0, 0.0, 0.0, 0.0, 2.0], "bins": [-0.45426827669143677, -0.44096139073371887, -0.427654504776001, -0.41434764862060547, -0.4010407626628876, -0.3877338767051697, -0.3744269907474518, -0.3611201047897339, -0.3478132486343384, -0.3345063626766205, -0.3211994767189026, -0.3078926205635071, -0.2945857346057892, -0.2812788486480713, -0.2679719626903534, -0.2546650767326355, -0.2413582056760788, -0.2280513197183609, -0.2147444486618042, -0.2014375627040863, -0.1881306916475296, -0.1748238056898117, -0.161516934633255, -0.1482100486755371, -0.1349031627178192, -0.12159628421068192, -0.10828940570354462, -0.09498251974582672, -0.08167564868927002, -0.06836876273155212, -0.055061884224414825, -0.04175500571727753, -0.028448134660720825, -0.015141255222260952, -0.0018343757838010788, 0.011472504585981369, 0.024779383093118668, 0.038086265325546265, 0.05139314383268356, 0.06470002233982086, 0.07800690084695816, 0.09131377935409546, 0.10462065786123276, 0.11792753636837006, 0.13123442232608795, 0.14454129338264465, 0.15784817934036255, 0.17115506529808044, 0.18446193635463715, 0.19776882231235504, 0.21107569336891174, 0.22438257932662964, 0.23768945038318634, 0.25099635124206543, 0.26430320739746094, 0.27761009335517883, 0.29091697931289673, 0.3042238652706146, 0.3175307512283325, 0.330837607383728, 0.3441444933414459, 0.3574513792991638, 0.3707582652568817, 0.3840651512145996, 0.3973720073699951]}, "parameters/value_func.nn.2.bias": {"_type": "histogram", "values": [0.0, 0.0, 0.0, 0.0, 0.0, 0.0, 0.0, 0.0, 0.0, 0.0, 0.0, 0.0, 0.0, 0.0, 0.0, 0.0, 0.0, 0.0, 0.0, 0.0, 0.0, 0.0, 0.0, 0.0, 0.0, 0.0, 0.0, 0.0, 0.0, 0.0, 0.0, 0.0, 1.0, 0.0, 0.0, 0.0, 0.0, 0.0, 0.0, 0.0, 0.0, 0.0, 0.0, 0.0, 0.0, 0.0, 0.0, 0.0, 0.0, 0.0, 0.0, 0.0, 0.0, 0.0, 0.0, 0.0, 0.0, 0.0, 0.0, 0.0, 0.0, 0.0, 0.0, 0.0], "bins": [-0.2383260726928711, -0.2383260726928711, -0.2383260726928711, -0.2383260726928711, -0.2383260726928711, -0.2383260726928711, -0.2383260726928711, -0.2383260726928711, -0.2383260726928711, -0.2383260726928711, -0.2383260726928711, -0.2383260726928711, -0.2383260726928711, -0.2383260726928711, -0.2383260726928711, -0.2383260726928711, -0.2383260726928711, -0.2383260726928711, -0.2383260726928711, -0.2383260726928711, -0.2383260726928711, -0.2383260726928711, -0.2383260726928711, -0.2383260726928711, -0.2383260726928711, -0.2383260726928711, -0.2383260726928711, -0.2383260726928711, -0.2383260726928711, -0.2383260726928711, -0.2383260726928711, -0.2383260726928711, -0.2383260726928711, -0.2383260726928711, -0.2383260726928711, -0.2383260726928711, -0.2383260726928711, -0.2383260726928711, -0.2383260726928711, -0.2383260726928711, -0.2383260726928711, -0.2383260726928711, -0.2383260726928711, -0.2383260726928711, -0.2383260726928711, -0.2383260726928711, -0.2383260726928711, -0.2383260726928711, -0.2383260726928711, -0.2383260726928711, -0.2383260726928711, -0.2383260726928711, -0.2383260726928711, -0.2383260726928711, -0.2383260726928711, -0.2383260726928711, -0.2383260726928711, -0.2383260726928711, -0.2383260726928711, -0.2383260726928711, -0.2383260726928711, -0.2383260726928711, -0.2383260726928711, -0.2383260726928711, -0.2383260726928711]}, "_wandb": {"runtime": 103}}