{"epoch": 106, "loss": 2511563520.0, "_timestamp": 1678299269.2476737, "_runtime": 347.24566078186035, "_step": 105, "parameters/value_func.nn.0.weight": {"_type": "histogram", "values": [1.0, 1.0, 2.0, 1.0, 0.0, 5.0, 1.0, 1.0, 5.0, 6.0, 5.0, 5.0, 5.0, 16.0, 8.0, 6.0, 11.0, 14.0, 14.0, 9.0, 12.0, 12.0, 14.0, 22.0, 22.0, 18.0, 19.0, 25.0, 33.0, 19.0, 40.0, 32.0, 29.0, 23.0, 29.0, 18.0, 14.0, 18.0, 13.0, 13.0, 7.0, 19.0, 5.0, 5.0, 7.0, 3.0, 7.0, 10.0, 4.0, 7.0, 7.0, 3.0, 1.0, 3.0, 0.0, 2.0, 0.0, 4.0, 2.0, 0.0, 1.0, 0.0, 0.0, 2.0], "bins": [-0.5752967596054077, -0.5560234785079956, -0.5367501378059387, -0.5174768567085266, -0.4982035160064697, -0.4789302349090576, -0.4596569240093231, -0.4403836131095886, -0.4211103022098541, -0.40183699131011963, -0.38256368041038513, -0.36329036951065063, -0.3440170884132385, -0.32474374771118164, -0.30547046661376953, -0.28619715571403503, -0.26692384481430054, -0.24765053391456604, -0.22837722301483154, -0.20910392701625824, -0.18983061611652374, -0.17055730521678925, -0.15128400921821594, -0.13201069831848145, -0.11273738741874695, -0.09346407651901245, -0.07419077306985855, -0.05491746589541435, -0.035644158720970154, -0.016370847821235657, 0.0029024556279182434, 0.022175759077072144, 0.04144906997680664, 0.06072237715125084, 0.07999568432569504, 0.09926898777484894, 0.11854229867458344, 0.13781560957431793, 0.15708890557289124, 0.17636221647262573, 0.19563552737236023, 0.21490883827209473, 0.23418214917182922, 0.2534554600715637, 0.27272874116897583, 0.2920020818710327, 0.3112753629684448, 0.3305486738681793, 0.3498219847679138, 0.3690952956676483, 0.3883686065673828, 0.4076419174671173, 0.4269152283668518, 0.4461885094642639, 0.4654618203639984, 0.4847351312637329, 0.504008412361145, 0.5232816934585571, 0.542555034160614, 0.5618283152580261, 0.581101655960083, 0.6003749370574951, 0.619648277759552, 0.6389215588569641, 0.658194899559021]}, "parameters/value_func.nn.0.bias": {"_type": "histogram", "values": [1.0, 0.0, 0.0, 0.0, 0.0, 0.0, 0.0, 0.0, 0.0, 0.0, 0.0, 0.0, 0.0, 1.0, 0.0, 0.0, 1.0, 0.0, 1.0, 2.0, 2.0, 0.0, 0.0, 1.0, 3.0, 1.0, 2.0, 4.0, 3.0, 5.0, 4.0, 6.0, 8.0, 5.0, 6.0, 5.0, 2.0, 7.0, 6.0, 6.0, 5.0, 4.0, 3.0, 4.0, 6.0, 3.0, 1.0, 6.0, 2.0, 2.0, 1.0, 0.0, 1.0, 1.0, 2.0, 0.0, 3.0, 0.0, 1.0, 0.0, 0.0, 0.0, 0.0, 1.0], "bins": [-0.33119916915893555, -0.32199057936668396, -0.31278201937675476, -0.3035734295845032, -0.294364869594574, -0.2851562798023224, -0.2759477198123932, -0.2667391300201416, -0.2575305700302124, -0.248321995139122, -0.23911342024803162, -0.22990484535694122, -0.22069627046585083, -0.21148768067359924, -0.20227910578250885, -0.19307053089141846, -0.18386194109916687, -0.17465336620807648, -0.16544479131698608, -0.1562362164258957, -0.1470276415348053, -0.1378190517425537, -0.12861047685146332, -0.11940190196037292, -0.11019332706928253, -0.10098475217819214, -0.09177617728710175, -0.08256759494543076, -0.07335902005434036, -0.06415044516324997, -0.05494186654686928, -0.045733287930488586, -0.036524683237075806, -0.027316106483340263, -0.01810752972960472, -0.008898952975869179, 0.0003096237778663635, 0.009518198668956757, 0.018726777285337448, 0.02793535590171814, 0.03714393079280853, 0.046352505683898926, 0.05556108430027962, 0.06476966291666031, 0.0739782378077507, 0.0831868126988411, 0.09239539504051208, 0.10160396993160248, 0.11081254482269287, 0.12002111971378326, 0.12922969460487366, 0.13843826949596405, 0.14764684438705444, 0.15685543417930603, 0.16606400907039642, 0.17527258396148682, 0.1844811588525772, 0.1936897337436676, 0.202898308634758, 0.2121068835258484, 0.22131547331809998, 0.23052403330802917, 0.23973262310028076, 0.24894119799137115, 0.25814977288246155]}, "parameters/value_func.nn.2.weight": {"_type": "histogram", "values": [1.0, 0.0, 2.0, 2.0, 0.0, 1.0, 3.0, 2.0, 1.0, 2.0, 4.0, 2.0, 0.0, 2.0, 1.0, 1.0, 1.0, 2.0, 2.0, 1.0, 3.0, 0.0, 1.0, 2.0, 3.0, 1.0, 1.0, 6.0, 3.0, 2.0, 3.0, 0.0, 1.0, 1.0, 1.0, 1.0, 0.0, 4.0, 6.0, 1.0, 3.0, 3.0, 5.0, 4.0, 2.0, 4.0, 6.0, 6.0, 2.0, 1.0, 3.0, 4.0, 2.0, 2.0, 1.0, 2.0, 2.0, 3.0, 0.0, 0.0, 2.0, 0.0, 0.0, 1.0], "bins": [-0.5458062887191772, -0.5299139618873596, -0.5140215754508972, -0.4981292486190796, -0.4822368919849396, -0.46634453535079956, -0.45045220851898193, -0.4345598518848419, -0.4186674952507019, -0.4027751386165619, -0.38688281178474426, -0.37099045515060425, -0.35509809851646423, -0.3392057418823242, -0.3233134150505066, -0.3074210584163666, -0.29152873158454895, -0.27563637495040894, -0.2597440481185913, -0.2438516914844513, -0.22795933485031128, -0.21206699311733246, -0.19617465138435364, -0.18028229475021362, -0.1643899530172348, -0.14849761128425598, -0.13260525465011597, -0.11671291291713715, -0.10082056373357773, -0.08492821455001831, -0.06903587281703949, -0.05314352363348007, -0.03725114464759827, -0.021358797326683998, -0.00546645000576973, 0.01042589545249939, 0.026318244636058807, 0.042210593819618225, 0.058102935552597046, 0.07399528473615646, 0.08988763391971588, 0.1057799831032753, 0.12167233228683472, 0.13756467401981354, 0.15345701575279236, 0.16934937238693237, 0.1852417141199112, 0.20113405585289001, 0.21702641248703003, 0.23291875422000885, 0.24881111085414886, 0.2647034525871277, 0.2805958092212677, 0.2964881658554077, 0.31238049268722534, 0.32827284932136536, 0.34416520595550537, 0.3600575625896454, 0.375949889421463, 0.391842246055603, 0.40773460268974304, 0.42362695932388306, 0.4395192861557007, 0.4554116427898407, 0.4713039696216583]}, "parameters/value_func.nn.2.bias": {"_type": "histogram", "values": [0.0, 0.0, 0.0, 0.0, 0.0, 0.0, 0.0, 0.0, 0.0, 0.0, 0.0, 0.0, 0.0, 0.0, 0.0, 0.0, 0.0, 0.0, 0.0, 0.0, 0.0, 0.0, 0.0, 0.0, 0.0, 0.0, 0.0, 0.0, 0.0, 0.0, 0.0, 0.0, 1.0, 0.0, 0.0, 0.0, 0.0, 0.0, 0.0, 0.0, 0.0, 0.0, 0.0, 0.0, 0.0, 0.0, 0.0, 0.0, 0.0, 0.0, 0.0, 0.0, 0.0, 0.0, 0.0, 0.0, 0.0, 0.0, 0.0, 0.0, 0.0, 0.0, 0.0, 0.0], "bins": [0.0, 0.0, 0.0, 0.0, 0.0, 0.0, 0.0, 0.0, 0.0, 0.0, 0.0, 0.0, 0.0, 0.0, 0.0, 0.0, 0.0, 0.0, 0.0, 0.0, 0.0, 0.0, 0.0, 0.0, 0.0, 0.0, 0.0, 0.0, 0.0, 0.0, 0.0, 0.0, 0.0, 0.0, 0.0, 0.0, 0.0, 0.0, 0.0, 0.0, 0.0, 0.0, 0.0, 0.0, 0.0, 0.0, 0.0, 0.0, 0.0, 0.0, 0.0, 0.0, 0.0, 0.0, 0.0, 0.0, 0.0, 0.0, 0.0, 0.0, 0.0, 0.0, 0.0, 0.0, 0.0]}, "_wandb": {"runtime": 346}}