{"epoch": 53, "loss": 4384.66796875, "_timestamp": 1678446160.004274, "_runtime": 46.42577290534973, "_step": 51, "parameters/value_func.nn.0.weight": {"_type": "histogram", "values": [1.0, 1.0, 1.0, 10.0, 8.0, 7.0, 12.0, 12.0, 12.0, 7.0, 17.0, 11.0, 9.0, 9.0, 13.0, 7.0, 14.0, 13.0, 11.0, 13.0, 11.0, 18.0, 17.0, 12.0, 16.0, 13.0, 11.0, 9.0, 8.0, 13.0, 9.0, 10.0, 14.0, 13.0, 13.0, 10.0, 8.0, 9.0, 13.0, 11.0, 12.0, 12.0, 8.0, 12.0, 9.0, 8.0, 14.0, 13.0, 13.0, 9.0, 17.0, 8.0, 12.0, 12.0, 14.0, 13.0, 12.0, 6.0, 1.0, 0.0, 2.0, 4.0, 1.0, 2.0], "bins": [-0.23963618278503418, -0.23198752105236053, -0.22433887422084808, -0.21669021248817444, -0.209041565656662, -0.20139290392398834, -0.1937442421913147, -0.18609559535980225, -0.1784469485282898, -0.17079828679561615, -0.1631496399641037, -0.15550097823143005, -0.1478523313999176, -0.14020366966724396, -0.1325550079345703, -0.12490636110305786, -0.11725769937038422, -0.10960904508829117, -0.10196039080619812, -0.09431172907352448, -0.08666308224201202, -0.07901442050933838, -0.07136576622724533, -0.06371711194515228, -0.056068457663059235, -0.048419803380966187, -0.04077114909887314, -0.03312249109148979, -0.025473836809396744, -0.017825182527303696, -0.010176524519920349, -0.002527870237827301, 0.005120769143104553, 0.012769424356520176, 0.0204180795699358, 0.028066735714673996, 0.035715389996767044, 0.04336404427886009, 0.05101270228624344, 0.05866135656833649, 0.06631001085042953, 0.07395866513252258, 0.08160731941461563, 0.08925597369670868, 0.09690463542938232, 0.10455328226089478, 0.11220194399356842, 0.11985059827566147, 0.12749925255775452, 0.13514791429042816, 0.1427965611219406, 0.15044522285461426, 0.1580938696861267, 0.16574253141880035, 0.173391193151474, 0.18103983998298645, 0.1886884868144989, 0.19633714854717255, 0.203985795378685, 0.21163445711135864, 0.2192831039428711, 0.22693176567554474, 0.23458042740821838, 0.24222907423973083, 0.24987773597240448]}, "parameters/value_func.nn.0.bias": {"_type": "histogram", "values": [1.0, 0.0, 0.0, 0.0, 1.0, 0.0, 0.0, 1.0, 0.0, 0.0, 0.0, 1.0, 0.0, 0.0, 0.0, 0.0, 0.0, 0.0, 0.0, 1.0, 3.0, 1.0, 0.0, 2.0, 1.0, 4.0, 4.0, 1.0, 2.0, 7.0, 7.0, 8.0, 10.0, 3.0, 0.0, 2.0, 0.0, 0.0, 1.0, 1.0, 0.0, 0.0, 1.0, 1.0, 1.0, 0.0, 0.0, 0.0, 2.0, 3.0, 1.0, 1.0, 4.0, 6.0, 10.0, 10.0, 5.0, 3.0, 2.0, 3.0, 6.0, 3.0, 1.0, 3.0], "bins": [-0.04156509414315224, -0.040655139833688736, -0.039745185524225235, -0.038835231214761734, -0.03792527690529823, -0.03701532632112503, -0.03610537201166153, -0.03519541770219803, -0.03428546339273453, -0.03337550908327103, -0.032465554773807526, -0.031555600464344025, -0.030645648017525673, -0.029735693708062172, -0.02882573939859867, -0.02791578695178032, -0.027005832642316818, -0.026095878332853317, -0.025185924023389816, -0.024275971576571465, -0.023366017267107964, -0.022456062957644463, -0.02154610864818096, -0.02063615620136261, -0.01972620002925396, -0.01881624571979046, -0.017906291410326958, -0.016996338963508606, -0.016086384654045105, -0.015176430344581604, -0.014266476035118103, -0.013356522656977177, -0.01244656927883625, -0.01153661496937275, -0.010626661591231823, -0.009716707281768322, -0.008806753903627396, -0.007896799594163895, -0.006986845750361681, -0.006076891906559467, -0.005166938062757254, -0.00425698421895504, -0.0033470303751528263, -0.002437076298519969, -0.0015271224547177553, -0.000617168378084898, 0.0002927854657173157, 0.0012027393095195293, 0.002112693153321743, 0.0030226469971239567, 0.00393260084092617, 0.004842555150389671, 0.005752508528530598, 0.006662462837994099, 0.007572416681796312, 0.008482370525598526, 0.009392324835062027, 0.010302279144525528, 0.011212232522666454, 0.012122186832129955, 0.013032140210270882, 0.013942094519734383, 0.014852048829197884, 0.015762001276016235, 0.016671955585479736]}, "parameters/value_func.nn.2.weight": {"_type": "histogram", "values": [1.0, 3.0, 0.0, 3.0, 2.0, 2.0, 7.0, 0.0, 1.0, 4.0, 3.0, 1.0, 4.0, 2.0, 2.0, 3.0, 0.0, 0.0, 0.0, 1.0, 3.0, 4.0, 6.0, 1.0, 2.0, 3.0, 3.0, 0.0, 2.0, 3.0, 1.0, 1.0, 4.0, 0.0, 1.0, 1.0, 5.0, 1.0, 1.0, 5.0, 2.0, 1.0, 3.0, 1.0, 3.0, 4.0, 1.0, 1.0, 0.0, 2.0, 2.0, 2.0, 4.0, 2.0, 1.0, 2.0, 1.0, 2.0, 2.0, 3.0, 0.0, 1.0, 1.0, 1.0], "bins": [-0.21263989806175232, -0.2060851901769638, -0.1995304822921753, -0.19297575950622559, -0.18642105162143707, -0.17986634373664856, -0.17331163585186005, -0.16675692796707153, -0.16020222008228302, -0.1536475121974945, -0.147092804312706, -0.14053809642791748, -0.13398337364196777, -0.12742866575717926, -0.12087395787239075, -0.11431924998760223, -0.10776453465223312, -0.10120982676744461, -0.0946551114320755, -0.08810040354728699, -0.08154569566249847, -0.07499098777770996, -0.06843627244234085, -0.06188156455755234, -0.055326852947473526, -0.048772141337394714, -0.0422174334526062, -0.03566272184252739, -0.029108012095093727, -0.022553302347660065, -0.015998590737581253, -0.00944388285279274, -0.0028891712427139282, 0.0036655389703810215, 0.010220249183475971, 0.016774959862232208, 0.02332966960966587, 0.029884379357099533, 0.036439090967178345, 0.04299379885196686, 0.04954851046204567, 0.05610322207212448, 0.062657929956913, 0.0692126452922821, 0.07576735317707062, 0.08232206106185913, 0.08887676894664764, 0.09543147683143616, 0.10198619216680527, 0.10854090005159378, 0.11509561538696289, 0.1216503232717514, 0.12820503115653992, 0.13475973904132843, 0.14131444692611694, 0.14786916971206665, 0.15442387759685516, 0.16097858548164368, 0.1675332933664322, 0.1740880012512207, 0.1806427240371704, 0.18719743192195892, 0.19375213980674744, 0.20030684769153595, 0.20686155557632446]}, "parameters/value_func.nn.2.bias": {"_type": "histogram", "values": [0.0, 0.0, 0.0, 0.0, 0.0, 0.0, 0.0, 0.0, 0.0, 0.0, 0.0, 0.0, 0.0, 0.0, 0.0, 0.0, 0.0, 0.0, 0.0, 0.0, 0.0, 0.0, 0.0, 0.0, 0.0, 0.0, 0.0, 0.0, 0.0, 0.0, 0.0, 0.0, 1.0, 0.0, 0.0, 0.0, 0.0, 0.0, 0.0, 0.0, 0.0, 0.0, 0.0, 0.0, 0.0, 0.0, 0.0, 0.0, 0.0, 0.0, 0.0, 0.0, 0.0, 0.0, 0.0, 0.0, 0.0, 0.0, 0.0, 0.0, 0.0, 0.0, 0.0, 0.0], "bins": [-0.011599753983318806, -0.011599753983318806, -0.011599753983318806, -0.011599753983318806, -0.011599753983318806, -0.011599753983318806, -0.011599753983318806, -0.011599753983318806, -0.011599753983318806, -0.011599753983318806, -0.011599753983318806, -0.011599753983318806, -0.011599753983318806, -0.011599753983318806, -0.011599753983318806, -0.011599753983318806, -0.011599753983318806, -0.011599753983318806, -0.011599753983318806, -0.011599753983318806, -0.011599753983318806, -0.011599753983318806, -0.011599753983318806, -0.011599753983318806, -0.011599753983318806, -0.011599753983318806, -0.011599753983318806, -0.011599753983318806, -0.011599753983318806, -0.011599753983318806, -0.011599753983318806, -0.011599753983318806, -0.011599753983318806, -0.011599753983318806, -0.011599753983318806, -0.011599753983318806, -0.011599753983318806, -0.011599753983318806, -0.011599753983318806, -0.011599753983318806, -0.011599753983318806, -0.011599753983318806, -0.011599753983318806, -0.011599753983318806, -0.011599753983318806, -0.011599753983318806, -0.011599753983318806, -0.011599753983318806, -0.011599753983318806, -0.011599753983318806, -0.011599753983318806, -0.011599753983318806, -0.011599753983318806, -0.011599753983318806, -0.011599753983318806, -0.011599753983318806, -0.011599753983318806, -0.011599753983318806, -0.011599753983318806, -0.011599753983318806, -0.011599753983318806, -0.011599753983318806, -0.011599753983318806, -0.011599753983318806, -0.011599753983318806]}, "_wandb": {"runtime": 46}}