{"epoch": 5, "loss": 1883201408.0, "_timestamp": 1678804913.950422, "_runtime": 16.278718948364258, "_step": 3, "parameters/value_func.nn.0.weight": {"_type": "histogram", "values": [6.0, 7.0, 4.0, 9.0, 7.0, 5.0, 5.0, 3.0, 15.0, 14.0, 11.0, 13.0, 9.0, 14.0, 13.0, 11.0, 6.0, 12.0, 6.0, 7.0, 8.0, 7.0, 13.0, 7.0, 13.0, 10.0, 14.0, 10.0, 12.0, 4.0, 4.0, 7.0, 14.0, 15.0, 9.0, 9.0, 12.0, 14.0, 8.0, 12.0, 14.0, 13.0, 8.0, 17.0, 13.0, 12.0, 14.0, 15.0, 13.0, 7.0, 8.0, 15.0, 14.0, 10.0, 16.0, 11.0, 13.0, 4.0, 5.0, 7.0, 7.0, 9.0, 11.0, 5.0], "bins": [-0.24029268324375153, -0.2327810376882553, -0.2252693921327591, -0.21775774657726288, -0.21024610102176666, -0.20273447036743164, -0.19522282481193542, -0.1877111792564392, -0.180199533700943, -0.17268788814544678, -0.16517624258995056, -0.15766459703445435, -0.15015295147895813, -0.14264130592346191, -0.1351296603679657, -0.12761802971363068, -0.12010637670755386, -0.11259473115205765, -0.10508308559656143, -0.09757144749164581, -0.0900598019361496, -0.08254815638065338, -0.07503651082515717, -0.06752486526966095, -0.06001322343945503, -0.052501577883958817, -0.0449899360537529, -0.03747829049825668, -0.029966646805405617, -0.02245500311255455, -0.014943357557058334, -0.007431715726852417, 7.992982864379883e-05, 0.007591573987156153, 0.015103218145668507, 0.022614862769842148, 0.030126506462693214, 0.03763815015554428, 0.0451497957110405, 0.052661437541246414, 0.06017308309674263, 0.06768472492694855, 0.07519637048244476, 0.08270801603794098, 0.0902196615934372, 0.09773130714893341, 0.10524295270442963, 0.11275459080934525, 0.12026623636484146, 0.12777787446975708, 0.1352895200252533, 0.1428011655807495, 0.15031281113624573, 0.15782445669174194, 0.16533610224723816, 0.17284774780273438, 0.1803593933582306, 0.1878710389137268, 0.19538268446922302, 0.20289433002471924, 0.21040597558021545, 0.21791762113571167, 0.22542926669120789, 0.2329408973455429, 0.24045254290103912]}, "parameters/value_func.nn.0.bias": {"_type": "histogram", "values": [44.0, 9.0, 3.0, 1.0, 3.0, 1.0, 1.0, 1.0, 0.0, 0.0, 0.0, 0.0, 0.0, 1.0, 0.0, 0.0, 0.0, 2.0, 1.0, 0.0, 0.0, 1.0, 0.0, 0.0, 0.0, 1.0, 1.0, 0.0, 0.0, 0.0, 0.0, 0.0, 0.0, 0.0, 0.0, 0.0, 2.0, 2.0, 0.0, 0.0, 0.0, 1.0, 0.0, 0.0, 0.0, 0.0, 0.0, 0.0, 0.0, 0.0, 0.0, 1.0, 0.0, 0.0, 2.0, 0.0, 0.0, 0.0, 1.0, 2.0, 4.0, 5.0, 6.0, 32.0], "bins": [-0.030046235769987106, -0.02910732477903366, -0.028168411925435066, -0.02722950093448162, -0.026290589943528175, -0.02535167708992958, -0.024412766098976135, -0.02347385510802269, -0.022534944117069244, -0.0215960331261158, -0.020657120272517204, -0.01971820928156376, -0.018779298290610313, -0.01784038543701172, -0.016901474446058273, -0.015962563455104828, -0.015023650601506233, -0.014084738679230213, -0.013145827688276768, -0.012206915766000748, -0.011268004775047302, -0.010329092852771282, -0.009390180930495262, -0.008451269939541817, -0.007512358017265797, -0.006573446560651064, -0.005634535104036331, -0.004695623181760311, -0.0037567117251455784, -0.0028178002685308456, -0.0018788883462548256, -0.0009399768896400928, -1.0654330253601074e-06, 0.0009378461400046945, 0.001876757713034749, 0.0028156694024801254, 0.003754580859094858, 0.004693492315709591, 0.005632404237985611, 0.006571315694600344, 0.0075102271512150764, 0.008449139073491096, 0.009388050064444542, 0.010326961986720562, 0.011265873908996582, 0.012204784899950027, 0.013143696822226048, 0.014082608744502068, 0.015021519735455513, 0.01596043072640896, 0.016899343580007553, 0.017838254570961, 0.018777165561914444, 0.01971607655286789, 0.020654989406466484, 0.02159390039741993, 0.022532813251018524, 0.02347172424197197, 0.024410637095570564, 0.02534954808652401, 0.026288459077477455, 0.02722737193107605, 0.028166282922029495, 0.02910519391298294, 0.030044104903936386]}, "parameters/value_func.nn.2.weight": {"_type": "histogram", "values": [2.0, 0.0, 1.0, 2.0, 1.0, 1.0, 2.0, 0.0, 2.0, 1.0, 2.0, 1.0, 2.0, 2.0, 4.0, 1.0, 2.0, 6.0, 4.0, 2.0, 1.0, 4.0, 2.0, 3.0, 4.0, 0.0, 2.0, 3.0, 1.0, 4.0, 0.0, 0.0, 1.0, 0.0, 1.0, 4.0, 3.0, 2.0, 0.0, 4.0, 2.0, 4.0, 4.0, 0.0, 3.0, 0.0, 1.0, 2.0, 3.0, 0.0, 4.0, 0.0, 4.0, 4.0, 3.0, 3.0, 3.0, 1.0, 2.0, 0.0, 2.0, 2.0, 3.0, 1.0], "bins": [-0.24361856281757355, -0.23645292222499847, -0.2292872965335846, -0.22212165594100952, -0.21495601534843445, -0.20779037475585938, -0.2006247490644455, -0.19345910847187042, -0.18629346787929535, -0.17912782728672028, -0.1719622015953064, -0.16479656100273132, -0.15763092041015625, -0.15046527981758118, -0.1432996541261673, -0.13613401353359222, -0.12896838784217834, -0.12180275470018387, -0.1146371141076088, -0.10747148096561432, -0.10030584037303925, -0.09314020723104477, -0.08597457408905029, -0.07880893349647522, -0.07164329290390015, -0.06447765976190567, -0.0573120191693306, -0.05014638602733612, -0.04298074543476105, -0.03581511229276657, -0.028649475425481796, -0.02148383855819702, -0.014318197965621948, -0.007152561563998461, 1.3074837625026703e-05, 0.007178710773587227, 0.014344347640872002, 0.021509982645511627, 0.028675619512796402, 0.03584125638008118, 0.04300689324736595, 0.050172530114650726, 0.0573381669819355, 0.06450380384922028, 0.07166943699121475, 0.07883507013320923, 0.0860007107257843, 0.09316635131835938, 0.10033198446035385, 0.10749761760234833, 0.1146632581949234, 0.12182889133691788, 0.12899452447891235, 0.13616016507148743, 0.1433258056640625, 0.15049144625663757, 0.15765707194805145, 0.16482271254062653, 0.1719883382320404, 0.17915397882461548, 0.18631961941719055, 0.19348526000976562, 0.2006508857011795, 0.20781652629375458, 0.21498216688632965]}, "parameters/value_func.nn.2.bias": {"_type": "histogram", "values": [0.0, 0.0, 0.0, 0.0, 0.0, 0.0, 0.0, 0.0, 0.0, 0.0, 0.0, 0.0, 0.0, 0.0, 0.0, 0.0, 0.0, 0.0, 0.0, 0.0, 0.0, 0.0, 0.0, 0.0, 0.0, 0.0, 0.0, 0.0, 0.0, 0.0, 0.0, 0.0, 1.0, 0.0, 0.0, 0.0, 0.0, 0.0, 0.0, 0.0, 0.0, 0.0, 0.0, 0.0, 0.0, 0.0, 0.0, 0.0, 0.0, 0.0, 0.0, 0.0, 0.0, 0.0, 0.0, 0.0, 0.0, 0.0, 0.0, 0.0, 0.0, 0.0, 0.0, 0.0], "bins": [-0.029990090057253838, -0.029990090057253838, -0.029990090057253838, -0.029990090057253838, -0.029990090057253838, -0.029990090057253838, -0.029990090057253838, -0.029990090057253838, -0.029990090057253838, -0.029990090057253838, -0.029990090057253838, -0.029990090057253838, -0.029990090057253838, -0.029990090057253838, -0.029990090057253838, -0.029990090057253838, -0.029990090057253838, -0.029990090057253838, -0.029990090057253838, -0.029990090057253838, -0.029990090057253838, -0.029990090057253838, -0.029990090057253838, -0.029990090057253838, -0.029990090057253838, -0.029990090057253838, -0.029990090057253838, -0.029990090057253838, -0.029990090057253838, -0.029990090057253838, -0.029990090057253838, -0.029990090057253838, -0.029990090057253838, -0.029990090057253838, -0.029990090057253838, -0.029990090057253838, -0.029990090057253838, -0.029990090057253838, -0.029990090057253838, -0.029990090057253838, -0.029990090057253838, -0.029990090057253838, -0.029990090057253838, -0.029990090057253838, -0.029990090057253838, -0.029990090057253838, -0.029990090057253838, -0.029990090057253838, -0.029990090057253838, -0.029990090057253838, -0.029990090057253838, -0.029990090057253838, -0.029990090057253838, -0.029990090057253838, -0.029990090057253838, -0.029990090057253838, -0.029990090057253838, -0.029990090057253838, -0.029990090057253838, -0.029990090057253838, -0.029990090057253838, -0.029990090057253838, -0.029990090057253838, -0.029990090057253838, -0.029990090057253838]}, "_wandb": {"runtime": 17}}