{"epoch": 1, "loss": 3996171264.0, "_timestamp": 1678297407.2625718, "_runtime": 4.8746747970581055, "_step": 0, "_wandb": {"runtime": 8}}