{"epoch": 13, "loss": 6164863488.0, "_timestamp": 1678384839.097286, "_runtime": 15.171277046203613, "_step": 12, "parameters/value_func.nn.0.weight": {"_type": "histogram", "values": [10.0, 10.0, 2.0, 2.0, 7.0, 3.0, 6.0, 9.0, 11.0, 5.0, 7.0, 9.0, 4.0, 8.0, 11.0, 10.0, 11.0, 14.0, 15.0, 19.0, 9.0, 19.0, 13.0, 13.0, 13.0, 13.0, 12.0, 14.0, 7.0, 24.0, 9.0, 15.0, 18.0, 11.0, 23.0, 18.0, 11.0, 11.0, 12.0, 17.0, 14.0, 18.0, 10.0, 11.0, 7.0, 8.0, 12.0, 8.0, 8.0, 5.0, 11.0, 10.0, 5.0, 6.0, 5.0, 6.0, 3.0, 6.0, 7.0, 3.0, 11.0, 5.0, 4.0, 2.0], "bins": [-0.3224324882030487, -0.31233689188957214, -0.30224132537841797, -0.2921457290649414, -0.28205013275146484, -0.2719545364379883, -0.2618589699268341, -0.25176337361335754, -0.24166779220104218, -0.2315722107887268, -0.22147661447525024, -0.21138103306293488, -0.2012854516506195, -0.19118985533714294, -0.18109427392482758, -0.1709986925125122, -0.16090309619903564, -0.15080751478672028, -0.1407119184732437, -0.13061633706092834, -0.12052074819803238, -0.11042515933513641, -0.10032957792282104, -0.09023398905992508, -0.08013840019702911, -0.07004281133413315, -0.05994722619652748, -0.049851641058921814, -0.03975605219602585, -0.029660463333129883, -0.019564878195524216, -0.009469293057918549, 0.0006263256072998047, 0.010721912607550621, 0.020817499607801437, 0.030913086608052254, 0.04100867360830307, 0.051104262471199036, 0.0611998476088047, 0.07129543274641037, 0.08139102160930634, 0.0914866104722023, 0.10158219933509827, 0.11167778074741364, 0.1217733696103096, 0.13186895847320557, 0.14196453988552094, 0.1520601212978363, 0.16215571761131287, 0.17225129902362823, 0.1823468953371048, 0.19244247674942017, 0.20253807306289673, 0.2126336544752121, 0.22272923588752747, 0.23282483220100403, 0.2429204136133194, 0.25301599502563477, 0.26311159133911133, 0.2732071876525879, 0.28330275416374207, 0.29339835047721863, 0.3034939467906952, 0.31358951330184937, 0.3236851096153259]}, "parameters/value_func.nn.0.bias": {"_type": "histogram", "values": [3.0, 4.0, 2.0, 5.0, 9.0, 3.0, 4.0, 2.0, 2.0, 1.0, 1.0, 3.0, 4.0, 3.0, 2.0, 1.0, 0.0, 3.0, 0.0, 0.0, 0.0, 0.0, 1.0, 1.0, 0.0, 4.0, 0.0, 0.0, 0.0, 0.0, 3.0, 1.0, 0.0, 3.0, 2.0, 2.0, 1.0, 3.0, 0.0, 1.0, 4.0, 0.0, 1.0, 2.0, 2.0, 1.0, 0.0, 2.0, 0.0, 1.0, 1.0, 3.0, 2.0, 1.0, 1.0, 3.0, 2.0, 0.0, 6.0, 4.0, 2.0, 1.0, 7.0, 8.0], "bins": [-0.10738082975149155, -0.10394506901502609, -0.10050930827856064, -0.09707354754209518, -0.09363778680562973, -0.09020202606916428, -0.08676626533269882, -0.08333050459623337, -0.07989474385976791, -0.07645898312330246, -0.073023222386837, -0.06958746165037155, -0.0661517009139061, -0.06271594017744064, -0.05928017944097519, -0.055844418704509735, -0.05240865796804428, -0.04897289723157883, -0.04553713649511337, -0.04210137575864792, -0.038665615022182465, -0.03522985428571701, -0.031794093549251556, -0.028358332812786102, -0.024922572076320648, -0.021486811339855194, -0.01805105060338974, -0.014615289866924286, -0.011179529130458832, -0.007743768393993378, -0.004308007657527924, -0.0008722469210624695, 0.0025635063648223877, 0.005999267101287842, 0.009435027837753296, 0.01287078857421875, 0.016306549310684204, 0.019742310047149658, 0.023178070783615112, 0.026613831520080566, 0.03004959225654602, 0.033485352993011475, 0.03692111372947693, 0.04035687446594238, 0.04379263520240784, 0.04722839593887329, 0.050664156675338745, 0.0540999174118042, 0.05753567814826965, 0.06097143888473511, 0.06440719962120056, 0.06784296035766602, 0.07127872109413147, 0.07471448183059692, 0.07815024256706238, 0.08158600330352783, 0.08502176403999329, 0.08845752477645874, 0.0918932855129242, 0.09532904624938965, 0.0987648069858551, 0.10220056772232056, 0.10563632845878601, 0.10907208919525146, 0.11250784993171692]}, "parameters/value_func.nn.2.weight": {"_type": "histogram", "values": [1.0, 3.0, 3.0, 2.0, 2.0, 3.0, 2.0, 2.0, 2.0, 3.0, 1.0, 4.0, 3.0, 2.0, 2.0, 2.0, 2.0, 2.0, 3.0, 4.0, 3.0, 3.0, 1.0, 2.0, 1.0, 1.0, 0.0, 4.0, 2.0, 2.0, 0.0, 2.0, 3.0, 3.0, 4.0, 5.0, 2.0, 0.0, 2.0, 3.0, 1.0, 0.0, 7.0, 2.0, 1.0, 2.0, 3.0, 2.0, 1.0, 0.0, 2.0, 6.0, 2.0, 0.0, 0.0, 1.0, 1.0, 1.0, 0.0, 3.0, 1.0, 0.0, 0.0, 1.0], "bins": [-0.3174177408218384, -0.3075684607028961, -0.29771918058395386, -0.2878699004650116, -0.27802062034606934, -0.2681713402271271, -0.2583220601081848, -0.24847276508808136, -0.2386234849691391, -0.22877420485019684, -0.21892492473125458, -0.20907564461231232, -0.19922634959220886, -0.1893770694732666, -0.17952778935432434, -0.16967850923538208, -0.15982922911643982, -0.14997994899749756, -0.1401306688785553, -0.13028138875961304, -0.12043210119009018, -0.11058282107114792, -0.10073353350162506, -0.0908842533826828, -0.08103497326374054, -0.07118569314479828, -0.06133640930056572, -0.05148712545633316, -0.0416378453373909, -0.03178856521844864, -0.02193928137421608, -0.01208999752998352, -0.0022407174110412598, 0.00760856457054615, 0.01745784655213356, 0.02730712853372097, 0.03715641051530838, 0.04700569063425064, 0.0568549744784832, 0.06670425832271576, 0.07655353844165802, 0.08640281856060028, 0.09625209867954254, 0.1061013862490654, 0.11595066636800766, 0.12579995393753052, 0.13564923405647278, 0.14549851417541504, 0.1553477942943573, 0.16519707441329956, 0.17504635453224182, 0.18489563465118408, 0.19474491477012634, 0.2045941948890686, 0.21444348990917206, 0.22429277002811432, 0.23414205014705658, 0.24399133026599884, 0.2538406252861023, 0.26368990540504456, 0.2735391855239868, 0.2833884656429291, 0.29323774576187134, 0.3030870258808136, 0.31293630599975586]}, "parameters/value_func.nn.2.bias": {"_type": "histogram", "values": [0.0, 0.0, 0.0, 0.0, 0.0, 0.0, 0.0, 0.0, 0.0, 0.0, 0.0, 0.0, 0.0, 0.0, 0.0, 0.0, 0.0, 0.0, 0.0, 0.0, 0.0, 0.0, 0.0, 0.0, 0.0, 0.0, 0.0, 0.0, 0.0, 0.0, 0.0, 0.0, 1.0, 0.0, 0.0, 0.0, 0.0, 0.0, 0.0, 0.0, 0.0, 0.0, 0.0, 0.0, 0.0, 0.0, 0.0, 0.0, 0.0, 0.0, 0.0, 0.0, 0.0, 0.0, 0.0, 0.0, 0.0, 0.0, 0.0, 0.0, 0.0, 0.0, 0.0, 0.0], "bins": [-0.1087011769413948, -0.1087011769413948, -0.1087011769413948, -0.1087011769413948, -0.1087011769413948, -0.1087011769413948, -0.1087011769413948, -0.1087011769413948, -0.1087011769413948, -0.1087011769413948, -0.1087011769413948, -0.1087011769413948, -0.1087011769413948, -0.1087011769413948, -0.1087011769413948, -0.1087011769413948, -0.1087011769413948, -0.1087011769413948, -0.1087011769413948, -0.1087011769413948, -0.1087011769413948, -0.1087011769413948, -0.1087011769413948, -0.1087011769413948, -0.1087011769413948, -0.1087011769413948, -0.1087011769413948, -0.1087011769413948, -0.1087011769413948, -0.1087011769413948, -0.1087011769413948, -0.1087011769413948, -0.1087011769413948, -0.1087011769413948, -0.1087011769413948, -0.1087011769413948, -0.1087011769413948, -0.1087011769413948, -0.1087011769413948, -0.1087011769413948, -0.1087011769413948, -0.1087011769413948, -0.1087011769413948, -0.1087011769413948, -0.1087011769413948, -0.1087011769413948, -0.1087011769413948, -0.1087011769413948, -0.1087011769413948, -0.1087011769413948, -0.1087011769413948, -0.1087011769413948, -0.1087011769413948, -0.1087011769413948, -0.1087011769413948, -0.1087011769413948, -0.1087011769413948, -0.1087011769413948, -0.1087011769413948, -0.1087011769413948, -0.1087011769413948, -0.1087011769413948, -0.1087011769413948, -0.1087011769413948, -0.1087011769413948]}, "_wandb": {"runtime": 13}}