{"epoch": 14, "loss": 2904632832.0, "_timestamp": 1678297370.755243, "_runtime": 68.88385009765625, "_step": 13, "parameters/value_func.nn.0.weight": {"_type": "histogram", "values": [1.0, 0.0, 0.0, 0.0, 1.0, 0.0, 3.0, 3.0, 4.0, 3.0, 3.0, 5.0, 8.0, 4.0, 7.0, 15.0, 9.0, 9.0, 12.0, 15.0, 11.0, 14.0, 16.0, 17.0, 13.0, 22.0, 24.0, 19.0, 20.0, 25.0, 31.0, 25.0, 20.0, 33.0, 28.0, 23.0, 30.0, 24.0, 18.0, 20.0, 14.0, 6.0, 14.0, 8.0, 9.0, 6.0, 13.0, 8.0, 3.0, 5.0, 5.0, 1.0, 2.0, 3.0, 2.0, 1.0, 1.0, 0.0, 1.0, 0.0, 1.0, 1.0, 0.0, 1.0], "bins": [-0.3824852705001831, -0.3698969781398773, -0.35730868577957153, -0.34472039341926575, -0.33213210105895996, -0.3195437788963318, -0.306955486536026, -0.2943671941757202, -0.28177890181541443, -0.26919060945510864, -0.25660231709480286, -0.24401400983333588, -0.2314257174730301, -0.2188374251127243, -0.20624911785125732, -0.19366082549095154, -0.18107253313064575, -0.16848424077033997, -0.15589594841003418, -0.1433076411485672, -0.1307193487882614, -0.11813105642795563, -0.10554275661706924, -0.09295445680618286, -0.08036616444587708, -0.06777787208557129, -0.055189572274684906, -0.04260127618908882, -0.030012980103492737, -0.01742468774318695, -0.004836387932300568, 0.007751911878585815, 0.020340174436569214, 0.0329284705221653, 0.04551676660776138, 0.05810506269335747, 0.07069335877895355, 0.08328165113925934, 0.09586995095014572, 0.1084582507610321, 0.12104654312133789, 0.13363483548164368, 0.14622312784194946, 0.15881143510341644, 0.17139972746372223, 0.18398801982402802, 0.196576327085495, 0.20916461944580078, 0.22175291180610657, 0.23434120416641235, 0.24692949652671814, 0.2595177888870239, 0.2721061110496521, 0.2846943736076355, 0.29728269577026367, 0.30987098813056946, 0.32245928049087524, 0.33504757285118103, 0.3476358652114868, 0.3602241575717926, 0.3728124499320984, 0.38540077209472656, 0.39798906445503235, 0.41057735681533813, 0.4231656491756439]}, "parameters/value_func.nn.0.bias": {"_type": "histogram", "values": [1.0, 0.0, 0.0, 0.0, 0.0, 0.0, 0.0, 0.0, 4.0, 2.0, 2.0, 0.0, 2.0, 2.0, 2.0, 1.0, 2.0, 1.0, 1.0, 1.0, 4.0, 2.0, 6.0, 3.0, 7.0, 6.0, 6.0, 3.0, 4.0, 1.0, 5.0, 3.0, 3.0, 2.0, 2.0, 7.0, 2.0, 4.0, 4.0, 2.0, 1.0, 3.0, 3.0, 2.0, 2.0, 1.0, 2.0, 4.0, 1.0, 1.0, 2.0, 2.0, 0.0, 0.0, 2.0, 1.0, 0.0, 0.0, 0.0, 1.0, 0.0, 1.0, 1.0, 1.0], "bins": [-0.040176741778850555, -0.038991887122392654, -0.03780703246593475, -0.03662218153476715, -0.03543732687830925, -0.03425247222185135, -0.03306761756539345, -0.03188276290893555, -0.030697910115122795, -0.029513055458664894, -0.028328202664852142, -0.02714334800839424, -0.02595849335193634, -0.02477364055812359, -0.023588785901665688, -0.022403933107852936, -0.021219078451395035, -0.020034223794937134, -0.018849371001124382, -0.01766451634466648, -0.01647966355085373, -0.015294808894395828, -0.014109954237937927, -0.0129251005128026, -0.011740246787667274, -0.010555393062531948, -0.009370539337396622, -0.00818568468093872, -0.007000830955803394, -0.005815977230668068, -0.004631123039871454, -0.0034462688490748405, -0.0022614188492298126, -0.0010765648912638426, 0.00010828906670212746, 0.0012931430246680975, 0.0024779969826340675, 0.003662850707769394, 0.004847704898566008, 0.006032559089362621, 0.007217412814497948, 0.008402266539633274, 0.0095871202647686, 0.010771974921226501, 0.011956828646361828, 0.013141682371497154, 0.014326537027955055, 0.015511390753090382, 0.016696244478225708, 0.01788109913468361, 0.01906595192849636, 0.020250806584954262, 0.021435659378767014, 0.022620514035224915, 0.023805368691682816, 0.024990223348140717, 0.02617507614195347, 0.02735993079841137, 0.02854478359222412, 0.029729638248682022, 0.030914492905139923, 0.032099343836307526, 0.03328419849276543, 0.03446905314922333, 0.03565390780568123]}, "parameters/value_func.nn.2.weight": {"_type": "histogram", "values": [1.0, 0.0, 0.0, 0.0, 1.0, 0.0, 1.0, 1.0, 4.0, 0.0, 2.0, 2.0, 2.0, 0.0, 0.0, 4.0, 5.0, 1.0, 5.0, 0.0, 1.0, 5.0, 6.0, 6.0, 1.0, 1.0, 5.0, 1.0, 6.0, 5.0, 6.0, 3.0, 4.0, 5.0, 2.0, 6.0, 4.0, 3.0, 3.0, 2.0, 3.0, 1.0, 3.0, 2.0, 3.0, 2.0, 2.0, 4.0, 1.0, 0.0, 0.0, 0.0, 0.0, 0.0, 1.0, 1.0, 0.0, 0.0, 0.0, 0.0, 0.0, 0.0, 0.0, 1.0], "bins": [-0.3019600808620453, -0.2919425070285797, -0.28192493319511414, -0.27190738916397095, -0.26188981533050537, -0.2518722414970398, -0.24185466766357422, -0.23183709383010864, -0.22181953489780426, -0.21180196106433868, -0.2017844021320343, -0.19176682829856873, -0.18174925446510315, -0.17173169553279877, -0.1617141216993332, -0.1516965627670288, -0.14167898893356323, -0.13166141510009766, -0.12164385616779327, -0.1116262823343277, -0.10160871595144272, -0.09159114956855774, -0.08157357573509216, -0.07155600935220718, -0.061538442969322205, -0.051520876586437225, -0.04150330647826195, -0.03148573637008667, -0.02146816998720169, -0.011450603604316711, -0.0014330334961414337, 0.008584536612033844, 0.018602073192596436, 0.028619641438126564, 0.03863720968365669, 0.04865477979183197, 0.05867234617471695, 0.06868991255760193, 0.0787074863910675, 0.08872505277395248, 0.09874261915683746, 0.10876018553972244, 0.11877775192260742, 0.128795325756073, 0.13881289958953857, 0.14883045852184296, 0.15884803235530853, 0.16886559128761292, 0.1788831651210785, 0.18890073895454407, 0.19891829788684845, 0.20893587172031403, 0.2189534306526184, 0.22897100448608398, 0.23898857831954956, 0.24900615215301514, 0.2590237259864807, 0.2690412998199463, 0.27905887365341187, 0.28907641768455505, 0.29909399151802063, 0.3091115653514862, 0.3191291391849518, 0.32914671301841736, 0.33916425704956055]}, "parameters/value_func.nn.2.bias": {"_type": "histogram", "values": [0.0, 0.0, 0.0, 0.0, 0.0, 0.0, 0.0, 0.0, 0.0, 0.0, 0.0, 0.0, 0.0, 0.0, 0.0, 0.0, 0.0, 0.0, 0.0, 0.0, 0.0, 0.0, 0.0, 0.0, 0.0, 0.0, 0.0, 0.0, 0.0, 0.0, 0.0, 0.0, 1.0, 0.0, 0.0, 0.0, 0.0, 0.0, 0.0, 0.0, 0.0, 0.0, 0.0, 0.0, 0.0, 0.0, 0.0, 0.0, 0.0, 0.0, 0.0, 0.0, 0.0, 0.0, 0.0, 0.0, 0.0, 0.0, 0.0, 0.0, 0.0, 0.0, 0.0, 0.0], "bins": [0.0, 0.0, 0.0, 0.0, 0.0, 0.0, 0.0, 0.0, 0.0, 0.0, 0.0, 0.0, 0.0, 0.0, 0.0, 0.0, 0.0, 0.0, 0.0, 0.0, 0.0, 0.0, 0.0, 0.0, 0.0, 0.0, 0.0, 0.0, 0.0, 0.0, 0.0, 0.0, 0.0, 0.0, 0.0, 0.0, 0.0, 0.0, 0.0, 0.0, 0.0, 0.0, 0.0, 0.0, 0.0, 0.0, 0.0, 0.0, 0.0, 0.0, 0.0, 0.0, 0.0, 0.0, 0.0, 0.0, 0.0, 0.0, 0.0, 0.0, 0.0, 0.0, 0.0, 0.0, 0.0]}, "_wandb": {"runtime": 67}}