{"epoch": 103, "loss": 2068713472.0, "_timestamp": 1678806467.3694148, "_runtime": 261.92930483818054, "_step": 101, "parameters/value_func.nn.0.weight": {"_type": "histogram", "values": [1.0, 4.0, 2.0, 1.0, 1.0, 4.0, 2.0, 4.0, 3.0, 3.0, 5.0, 5.0, 8.0, 5.0, 4.0, 11.0, 13.0, 11.0, 12.0, 14.0, 23.0, 26.0, 25.0, 33.0, 39.0, 36.0, 44.0, 39.0, 43.0, 31.0, 33.0, 21.0, 33.0, 16.0, 18.0, 13.0, 10.0, 12.0, 1.0, 4.0, 2.0, 5.0, 0.0, 0.0, 2.0, 1.0, 1.0, 3.0, 1.0, 0.0, 3.0, 3.0, 1.0, 1.0, 0.0, 0.0, 0.0, 1.0, 0.0, 2.0, 0.0, 0.0, 0.0, 1.0], "bins": [-2.086643695831299, -2.0105133056640625, -1.9343830347061157, -1.858252763748169, -1.7821223735809326, -1.7059921026229858, -1.629861831665039, -1.5537314414978027, -1.477601170539856, -1.4014708995819092, -1.3253405094146729, -1.249210238456726, -1.1730799674987793, -1.096949577331543, -1.0208193063735962, -0.9446889758110046, -0.8685586452484131, -0.7924283146858215, -0.71629798412323, -0.6401677131652832, -0.5640373826026917, -0.4879070520401001, -0.41177675127983093, -0.33564645051956177, -0.2595161199569702, -0.18338580429553986, -0.1072554886341095, -0.031125172972679138, 0.04500514268875122, 0.12113547325134277, 0.19726577401161194, 0.2733960747718811, 0.34952616691589355, 0.4256564974784851, 0.5017868280410767, 0.5779170989990234, 0.654047429561615, 0.7301777601242065, 0.8063080310821533, 0.8824383616447449, 0.9585686922073364, 1.0346989631652832, 1.1108293533325195, 1.1869596242904663, 1.263089895248413, 1.3392202854156494, 1.4153505563735962, 1.491480827331543, 1.5676112174987793, 1.643741488456726, 1.7198718786239624, 1.7960021495819092, 1.8721325397491455, 1.9482628107070923, 2.024393081665039, 2.1005234718322754, 2.1766538619995117, 2.252784252166748, 2.3289144039154053, 2.4050447940826416, 2.481175184249878, 2.557305335998535, 2.6334357261657715, 2.709566116333008, 2.785696268081665]}, "parameters/value_func.nn.0.bias": {"_type": "histogram", "values": [1.0, 0.0, 0.0, 0.0, 0.0, 1.0, 0.0, 1.0, 1.0, 0.0, 2.0, 3.0, 1.0, 2.0, 2.0, 2.0, 1.0, 1.0, 1.0, 4.0, 2.0, 5.0, 1.0, 0.0, 4.0, 4.0, 2.0, 7.0, 10.0, 9.0, 7.0, 9.0, 5.0, 4.0, 4.0, 5.0, 5.0, 5.0, 3.0, 0.0, 2.0, 0.0, 2.0, 1.0, 3.0, 0.0, 0.0, 0.0, 1.0, 0.0, 1.0, 0.0, 0.0, 0.0, 2.0, 0.0, 0.0, 0.0, 1.0, 0.0, 0.0, 0.0, 0.0, 1.0], "bins": [-1.695529580116272, -1.6444354057312012, -1.5933412313461304, -1.5422470569610596, -1.4911528825759888, -1.440058708190918, -1.3889646530151367, -1.3378703594207764, -1.2867763042449951, -1.2356821298599243, -1.1845879554748535, -1.1334937810897827, -1.082399606704712, -1.0313054323196411, -0.9802113175392151, -0.9291171431541443, -0.8780229091644287, -0.8269287347793579, -0.7758345603942871, -0.7247403860092163, -0.6736462116241455, -0.6225520372390747, -0.5714579224586487, -0.5203637480735779, -0.4692695736885071, -0.4181753993034363, -0.3670812249183655, -0.31598708033561707, -0.26489290595054626, -0.21379873156547546, -0.16270458698272705, -0.11161041259765625, -0.06051623821258545, -0.009422071278095245, 0.04167209565639496, 0.09276625514030457, 0.14386042952537537, 0.19495460391044617, 0.24604874849319458, 0.2971429228782654, 0.3482370972633362, 0.399331271648407, 0.4504254460334778, 0.5015195608139038, 0.5526137351989746, 0.6037079095840454, 0.6548020839691162, 0.705896258354187, 0.7569904327392578, 0.8080846071243286, 0.8591787815093994, 0.9102729558944702, 0.961367130279541, 1.0124613046646118, 1.0635554790496826, 1.1146495342254639, 1.1657438278198242, 1.216838002204895, 1.2679321765899658, 1.3190263509750366, 1.3701205253601074, 1.4212146997451782, 1.472308874130249, 1.5234029293060303, 1.574497103691101]}, "parameters/value_func.nn.2.weight": {"_type": "histogram", "values": [1.0, 0.0, 1.0, 0.0, 0.0, 1.0, 0.0, 0.0, 0.0, 1.0, 1.0, 0.0, 0.0, 1.0, 1.0, 1.0, 1.0, 0.0, 0.0, 5.0, 1.0, 3.0, 5.0, 11.0, 7.0, 6.0, 4.0, 7.0, 8.0, 4.0, 7.0, 8.0, 3.0, 7.0, 2.0, 1.0, 1.0, 2.0, 2.0, 1.0, 0.0, 0.0, 0.0, 3.0, 0.0, 0.0, 1.0, 2.0, 2.0, 1.0, 2.0, 3.0, 1.0, 2.0, 1.0, 1.0, 2.0, 0.0, 0.0, 0.0, 0.0, 0.0, 1.0, 2.0], "bins": [-1.5003821849822998, -1.4554920196533203, -1.4106019735336304, -1.3657118082046509, -1.320821762084961, -1.2759315967559814, -1.231041431427002, -1.186151385307312, -1.141261339187622, -1.0963711738586426, -1.0514811277389526, -1.0065909624099731, -0.9617009162902832, -0.9168107509613037, -0.871920645236969, -0.8270305395126343, -0.7821403741836548, -0.7372502684593201, -0.6923601627349854, -0.6474699974060059, -0.6025799512863159, -0.5576897859573364, -0.5127996802330017, -0.467909574508667, -0.4230194687843323, -0.37812936305999756, -0.33323925733566284, -0.28834912180900574, -0.24345901608467102, -0.1985689103603363, -0.1536787748336792, -0.10878866910934448, -0.06389868259429932, -0.019008569419384003, 0.02588154375553131, 0.07077166438102722, 0.11566177010536194, 0.16055187582969666, 0.20544201135635376, 0.2503321170806885, 0.2952222228050232, 0.3401123285293579, 0.3850024342536926, 0.42989256978034973, 0.47478267550468445, 0.5196727514266968, 0.5645629167556763, 0.609453022480011, 0.6543431282043457, 0.6992332339286804, 0.7441233396530151, 0.7890135049819946, 0.8339035511016846, 0.8787937164306641, 0.9236838221549988, 0.9685739278793335, 1.0134639739990234, 1.058354139328003, 1.1032441854476929, 1.1481343507766724, 1.1930243968963623, 1.2379145622253418, 1.2828047275543213, 1.3276947736740112, 1.3725849390029907]}, "parameters/value_func.nn.2.bias": {"_type": "histogram", "values": [0.0, 0.0, 0.0, 0.0, 0.0, 0.0, 0.0, 0.0, 0.0, 0.0, 0.0, 0.0, 0.0, 0.0, 0.0, 0.0, 0.0, 0.0, 0.0, 0.0, 0.0, 0.0, 0.0, 0.0, 0.0, 0.0, 0.0, 0.0, 0.0, 0.0, 0.0, 0.0, 1.0, 0.0, 0.0, 0.0, 0.0, 0.0, 0.0, 0.0, 0.0, 0.0, 0.0, 0.0, 0.0, 0.0, 0.0, 0.0, 0.0, 0.0, 0.0, 0.0, 0.0, 0.0, 0.0, 0.0, 0.0, 0.0, 0.0, 0.0, 0.0, 0.0, 0.0, 0.0], "bins": [-0.07257913798093796, -0.07257913798093796, -0.07257913798093796, -0.07257913798093796, -0.07257913798093796, -0.07257913798093796, -0.07257913798093796, -0.07257913798093796, -0.07257913798093796, -0.07257913798093796, -0.07257913798093796, -0.07257913798093796, -0.07257913798093796, -0.07257913798093796, -0.07257913798093796, -0.07257913798093796, -0.07257913798093796, -0.07257913798093796, -0.07257913798093796, -0.07257913798093796, -0.07257913798093796, -0.07257913798093796, -0.07257913798093796, -0.07257913798093796, -0.07257913798093796, -0.07257913798093796, -0.07257913798093796, -0.07257913798093796, -0.07257913798093796, -0.07257913798093796, -0.07257913798093796, -0.07257913798093796, -0.07257913798093796, -0.07257913798093796, -0.07257913798093796, -0.07257913798093796, -0.07257913798093796, -0.07257913798093796, -0.07257913798093796, -0.07257913798093796, -0.07257913798093796, -0.07257913798093796, -0.07257913798093796, -0.07257913798093796, -0.07257913798093796, -0.07257913798093796, -0.07257913798093796, -0.07257913798093796, -0.07257913798093796, -0.07257913798093796, -0.07257913798093796, -0.07257913798093796, -0.07257913798093796, -0.07257913798093796, -0.07257913798093796, -0.07257913798093796, -0.07257913798093796, -0.07257913798093796, -0.07257913798093796, -0.07257913798093796, -0.07257913798093796, -0.07257913798093796, -0.07257913798093796, -0.07257913798093796, -0.07257913798093796]}, "_wandb": {"runtime": 261}}