{"epoch": 2, "loss": 12210760704.0, "_timestamp": 1678385838.595891, "_runtime": 13.17153811454773, "_step": 0}