{"epoch": 240, "loss": 1592842496.0, "_timestamp": 1678301541.0090616, "_runtime": 743.9163055419922, "_step": 239, "parameters/value_func.nn.0.weight": {"_type": "histogram", "values": [2.0, 1.0, 3.0, 1.0, 6.0, 6.0, 3.0, 4.0, 4.0, 7.0, 6.0, 10.0, 5.0, 7.0, 6.0, 9.0, 9.0, 8.0, 12.0, 15.0, 13.0, 13.0, 8.0, 11.0, 13.0, 16.0, 14.0, 21.0, 20.0, 24.0, 25.0, 23.0, 10.0, 20.0, 27.0, 14.0, 16.0, 10.0, 11.0, 14.0, 20.0, 20.0, 13.0, 11.0, 7.0, 6.0, 13.0, 10.0, 11.0, 7.0, 10.0, 8.0, 10.0, 5.0, 5.0, 6.0, 7.0, 7.0, 2.0, 3.0, 5.0, 3.0, 3.0, 1.0], "bins": [-0.8528138995170593, -0.826712429523468, -0.8006110191345215, -0.7745095491409302, -0.7484081387519836, -0.7223066687583923, -0.6962052583694458, -0.6701037883758545, -0.6440023183822632, -0.6179008483886719, -0.5917994379997253, -0.565697968006134, -0.5395965576171875, -0.5134950876235962, -0.48739364743232727, -0.46129220724105835, -0.4351907968521118, -0.4090893566608429, -0.382987916469574, -0.35688644647598267, -0.33078503608703613, -0.3046835660934448, -0.2785821259021759, -0.252480685710907, -0.22637924551963806, -0.20027780532836914, -0.17417636513710022, -0.1480749100446701, -0.12197346985340118, -0.09587202966213226, -0.06977057456970215, -0.04366913437843323, -0.017567753791809082, 0.008533690124750137, 0.03463513404130936, 0.060736581683158875, 0.0868380218744278, 0.11293946206569672, 0.13904091715812683, 0.16514235734939575, 0.19124379754066467, 0.2173452377319336, 0.24344667792320251, 0.26954811811447144, 0.29564958810806274, 0.3217509984970093, 0.3478524684906006, 0.3739539086818695, 0.4000553488731384, 0.42615678906440735, 0.45225822925567627, 0.4783596992492676, 0.5044611096382141, 0.5305625796318054, 0.556663990020752, 0.5827654600143433, 0.6088669300079346, 0.6349684000015259, 0.6610698103904724, 0.6871712803840637, 0.7132726907730103, 0.7393741607666016, 0.7654756307601929, 0.7915770411491394, 0.8176784515380859]}, "parameters/value_func.nn.0.bias": {"_type": "histogram", "values": [1.0, 0.0, 0.0, 0.0, 0.0, 0.0, 0.0, 1.0, 1.0, 0.0, 1.0, 1.0, 0.0, 0.0, 1.0, 2.0, 1.0, 3.0, 1.0, 0.0, 5.0, 3.0, 3.0, 7.0, 3.0, 5.0, 6.0, 9.0, 3.0, 3.0, 10.0, 7.0, 6.0, 4.0, 2.0, 4.0, 6.0, 3.0, 2.0, 3.0, 1.0, 3.0, 4.0, 2.0, 1.0, 1.0, 2.0, 1.0, 1.0, 0.0, 0.0, 1.0, 1.0, 0.0, 0.0, 1.0, 0.0, 0.0, 0.0, 0.0, 0.0, 0.0, 1.0, 1.0], "bins": [-0.536370575428009, -0.5188684463500977, -0.5013663172721863, -0.4838641583919525, -0.46636202931404114, -0.44885990023612976, -0.431357741355896, -0.4138556122779846, -0.39635348320007324, -0.37885135412216187, -0.3613492250442505, -0.3438470661640167, -0.32634493708610535, -0.30884280800819397, -0.2913406491279602, -0.27383852005004883, -0.25633639097213745, -0.23883426189422607, -0.2213321179151535, -0.20382997393608093, -0.18632784485816956, -0.16882571578025818, -0.1513235718011856, -0.13382142782211304, -0.11631929874420166, -0.09881716221570969, -0.08131502568721771, -0.06381288915872574, -0.046310752630233765, -0.02880861610174179, -0.011306479573249817, 0.006195656955242157, 0.023697853088378906, 0.04119998961687088, 0.058702126145362854, 0.07620426267385483, 0.0937063992023468, 0.11120853573083878, 0.12871067225933075, 0.14621281623840332, 0.1637149453163147, 0.18121707439422607, 0.19871921837329865, 0.21622136235237122, 0.2337234914302826, 0.25122562050819397, 0.26872777938842773, 0.2862299084663391, 0.3037320375442505, 0.32123416662216187, 0.33873629570007324, 0.356238454580307, 0.3737405836582184, 0.39124271273612976, 0.4087448716163635, 0.4262470006942749, 0.4437491297721863, 0.46125125885009766, 0.47875338792800903, 0.4962555468082428, 0.5137577056884766, 0.5312598347663879, 0.5487619638442993, 0.5662640929222107, 0.5837662220001221]}, "parameters/value_func.nn.2.weight": {"_type": "histogram", "values": [3.0, 4.0, 0.0, 5.0, 2.0, 2.0, 3.0, 2.0, 2.0, 3.0, 2.0, 7.0, 2.0, 2.0, 4.0, 2.0, 1.0, 1.0, 0.0, 0.0, 2.0, 1.0, 0.0, 2.0, 2.0, 2.0, 2.0, 1.0, 1.0, 1.0, 0.0, 2.0, 3.0, 1.0, 2.0, 2.0, 0.0, 8.0, 2.0, 6.0, 4.0, 3.0, 0.0, 3.0, 6.0, 3.0, 3.0, 1.0, 5.0, 1.0, 1.0, 0.0, 4.0, 1.0, 0.0, 1.0, 2.0, 0.0, 1.0, 1.0, 0.0, 0.0, 0.0, 1.0], "bins": [-0.7552242279052734, -0.7281044125556946, -0.7009845972061157, -0.6738648414611816, -0.6467450261116028, -0.6196252107620239, -0.5925053954124451, -0.5653855800628662, -0.5382658243179321, -0.5111460089683533, -0.4840262234210968, -0.45690640807151794, -0.4297866225242615, -0.4026668071746826, -0.37554699182510376, -0.3484271764755249, -0.32130736112594604, -0.2941875457763672, -0.2670677602291107, -0.23994794487953186, -0.2128281444311142, -0.18570834398269653, -0.15858852863311768, -0.1314687281847, -0.10434892773628235, -0.07722912728786469, -0.050109319388866425, -0.022989511489868164, 0.0041302889585494995, 0.03125008940696716, 0.05836990475654602, 0.08548970520496368, 0.11260956525802612, 0.1397293657064438, 0.16684916615486145, 0.1939689815044403, 0.22108878195285797, 0.24820858240127563, 0.2753283977508545, 0.30244821310043335, 0.3295679986476898, 0.3566878139972687, 0.38380759954452515, 0.410927414894104, 0.43804723024368286, 0.46516701579093933, 0.4922868311405182, 0.5194066166877747, 0.5465264320373535, 0.5736462473869324, 0.6007660627365112, 0.6278858184814453, 0.6550056338310242, 0.682125449180603, 0.7092452645301819, 0.7363650798797607, 0.7634848356246948, 0.7906046509742737, 0.8177244663238525, 0.8448442220687866, 0.8719640374183655, 0.8990838527679443, 0.9262036681175232, 0.953323483467102, 0.9804432988166809]}, "parameters/value_func.nn.2.bias": {"_type": "histogram", "values": [0.0, 0.0, 0.0, 0.0, 0.0, 0.0, 0.0, 0.0, 0.0, 0.0, 0.0, 0.0, 0.0, 0.0, 0.0, 0.0, 0.0, 0.0, 0.0, 0.0, 0.0, 0.0, 0.0, 0.0, 0.0, 0.0, 0.0, 0.0, 0.0, 0.0, 0.0, 0.0, 1.0, 0.0, 0.0, 0.0, 0.0, 0.0, 0.0, 0.0, 0.0, 0.0, 0.0, 0.0, 0.0, 0.0, 0.0, 0.0, 0.0, 0.0, 0.0, 0.0, 0.0, 0.0, 0.0, 0.0, 0.0, 0.0, 0.0, 0.0, 0.0, 0.0, 0.0, 0.0], "bins": [0.0, 0.0, 0.0, 0.0, 0.0, 0.0, 0.0, 0.0, 0.0, 0.0, 0.0, 0.0, 0.0, 0.0, 0.0, 0.0, 0.0, 0.0, 0.0, 0.0, 0.0, 0.0, 0.0, 0.0, 0.0, 0.0, 0.0, 0.0, 0.0, 0.0, 0.0, 0.0, 0.0, 0.0, 0.0, 0.0, 0.0, 0.0, 0.0, 0.0, 0.0, 0.0, 0.0, 0.0, 0.0, 0.0, 0.0, 0.0, 0.0, 0.0, 0.0, 0.0, 0.0, 0.0, 0.0, 0.0, 0.0, 0.0, 0.0, 0.0, 0.0, 0.0, 0.0, 0.0, 0.0]}, "_wandb": {"runtime": 743}}