{"epoch": 53, "loss": 6280570368.0, "_timestamp": 1678382671.74247, "_runtime": 221.9548110961914, "_step": 52, "parameters/value_func.nn.0.weight": {"_type": "histogram", "values": [1.0, 0.0, 0.0, 2.0, 2.0, 4.0, 2.0, 3.0, 8.0, 1.0, 7.0, 5.0, 6.0, 2.0, 6.0, 8.0, 8.0, 10.0, 7.0, 13.0, 11.0, 12.0, 5.0, 9.0, 10.0, 14.0, 11.0, 14.0, 13.0, 30.0, 27.0, 22.0, 40.0, 31.0, 31.0, 29.0, 22.0, 29.0, 21.0, 21.0, 14.0, 6.0, 11.0, 17.0, 7.0, 14.0, 7.0, 5.0, 7.0, 9.0, 6.0, 6.0, 2.0, 6.0, 2.0, 3.0, 2.0, 4.0, 3.0, 6.0, 3.0, 1.0, 1.0, 1.0], "bins": [-0.6757232546806335, -0.6558091044425964, -0.6358948945999146, -0.6159807443618774, -0.5960665941238403, -0.5761523842811584, -0.5562382340431213, -0.5363240242004395, -0.5164098739624023, -0.49649569392204285, -0.47658151388168335, -0.45666736364364624, -0.43675318360328674, -0.41683900356292725, -0.39692485332489014, -0.37701067328453064, -0.35709649324417114, -0.33718231320381165, -0.31726813316345215, -0.29735398292541504, -0.27743980288505554, -0.25752562284469604, -0.23761145770549774, -0.21769729256629944, -0.19778311252593994, -0.17786893248558044, -0.15795476734638214, -0.13804060220718384, -0.11812642216682434, -0.09821224957704544, -0.07829807698726654, -0.05838391184806824, -0.038469672203063965, -0.018555499613285065, 0.0013586729764938354, 0.021272845566272736, 0.041187018156051636, 0.061101190745830536, 0.08101536333560944, 0.10092952847480774, 0.12084370851516724, 0.14075788855552673, 0.16067205369472504, 0.18058621883392334, 0.20050039887428284, 0.22041457891464233, 0.24032874405384064, 0.26024290919303894, 0.28015708923339844, 0.30007126927375793, 0.31998544931411743, 0.33989959955215454, 0.35981377959251404, 0.37972795963287354, 0.39964210987091064, 0.41955628991127014, 0.43947046995162964, 0.45938464999198914, 0.47929883003234863, 0.49921298027038574, 0.5191271305084229, 0.5390413403511047, 0.5589554905891418, 0.5788697004318237, 0.5987838506698608]}, "parameters/value_func.nn.0.bias": {"_type": "histogram", "values": [2.0, 0.0, 0.0, 0.0, 0.0, 0.0, 0.0, 0.0, 0.0, 1.0, 0.0, 0.0, 2.0, 0.0, 0.0, 2.0, 0.0, 3.0, 1.0, 2.0, 1.0, 1.0, 4.0, 2.0, 3.0, 4.0, 2.0, 3.0, 1.0, 4.0, 3.0, 2.0, 2.0, 6.0, 1.0, 5.0, 7.0, 5.0, 6.0, 5.0, 4.0, 3.0, 3.0, 3.0, 3.0, 5.0, 5.0, 3.0, 3.0, 1.0, 4.0, 1.0, 0.0, 5.0, 1.0, 0.0, 2.0, 1.0, 0.0, 0.0, 0.0, 0.0, 0.0, 1.0], "bins": [-0.2935062348842621, -0.2853102385997772, -0.27711421251296997, -0.2689182162284851, -0.26072221994400024, -0.2525262236595154, -0.24433021247386932, -0.23613420128822327, -0.2279382050037384, -0.21974220871925354, -0.21154619753360748, -0.20335018634796143, -0.19515419006347656, -0.1869581937789917, -0.17876218259334564, -0.17056617140769958, -0.16237017512321472, -0.15417417883872986, -0.1459781676530838, -0.13778215646743774, -0.12958616018295288, -0.12139015644788742, -0.11319415271282196, -0.1049981489777565, -0.09680214524269104, -0.08860614150762558, -0.08041013777256012, -0.07221413403749466, -0.0640181303024292, -0.05582212656736374, -0.04762612283229828, -0.03943011909723282, -0.031234145164489746, -0.023038141429424286, -0.014842137694358826, -0.0066461339592933655, 0.0015498697757720947, 0.009745873510837555, 0.017941877245903015, 0.026137880980968475, 0.034333884716033936, 0.042529888451099396, 0.050725892186164856, 0.058921895921230316, 0.06711789965629578, 0.07531390339136124, 0.0835099071264267, 0.09170591086149216, 0.09990191459655762, 0.10809791833162308, 0.11629392206668854, 0.124489925801754, 0.13268592953681946, 0.14088192582130432, 0.14907793700695038, 0.15727394819259644, 0.1654699444770813, 0.17366594076156616, 0.18186195194721222, 0.19005796313285828, 0.19825395941734314, 0.206449955701828, 0.21464596688747406, 0.22284197807312012, 0.23103797435760498]}, "parameters/value_func.nn.2.weight": {"_type": "histogram", "values": [2.0, 0.0, 4.0, 0.0, 0.0, 0.0, 1.0, 4.0, 1.0, 2.0, 4.0, 1.0, 2.0, 2.0, 1.0, 4.0, 4.0, 4.0, 2.0, 4.0, 5.0, 2.0, 0.0, 1.0, 3.0, 2.0, 2.0, 2.0, 5.0, 3.0, 2.0, 6.0, 1.0, 2.0, 3.0, 1.0, 0.0, 3.0, 2.0, 5.0, 5.0, 0.0, 0.0, 5.0, 1.0, 2.0, 4.0, 1.0, 2.0, 0.0, 1.0, 1.0, 1.0, 2.0, 1.0, 1.0, 1.0, 1.0, 1.0, 1.0, 0.0, 1.0, 1.0, 3.0], "bins": [-0.40828314423561096, -0.394444078207016, -0.380605012178421, -0.36676594614982605, -0.3529268801212311, -0.3390878140926361, -0.32524874806404114, -0.31140968203544617, -0.2975706160068512, -0.2837315499782562, -0.26989248394966125, -0.2560534179210663, -0.2422143518924713, -0.22837528586387634, -0.21453621983528137, -0.2006971538066864, -0.18685810267925262, -0.17301903665065765, -0.15917997062206268, -0.1453409045934677, -0.13150183856487274, -0.11766277998685837, -0.1038237139582634, -0.08998464792966843, -0.07614558190107346, -0.062306515872478485, -0.048467449843883514, -0.03462838754057884, -0.02078932151198387, -0.006950259208679199, 0.0068888068199157715, 0.020727872848510742, 0.03456693887710571, 0.048406004905700684, 0.062245070934295654, 0.07608413696289062, 0.0899232029914856, 0.10376226156949997, 0.11760132759809494, 0.1314404010772705, 0.14527946710586548, 0.15911853313446045, 0.17295759916305542, 0.1867966651916504, 0.20063573122024536, 0.21447479724884033, 0.2283138632774353, 0.24215292930603027, 0.25599199533462524, 0.2698310613632202, 0.2836701273918152, 0.29750919342041016, 0.3113482594490051, 0.3251873254776001, 0.33902639150619507, 0.35286545753479004, 0.3667044937610626, 0.3805435597896576, 0.39438262581825256, 0.40822169184684753, 0.4220607578754425, 0.4358998239040375, 0.44973888993263245, 0.4635779559612274, 0.4774170219898224]}, "parameters/value_func.nn.2.bias": {"_type": "histogram", "values": [0.0, 0.0, 0.0, 0.0, 0.0, 0.0, 0.0, 0.0, 0.0, 0.0, 0.0, 0.0, 0.0, 0.0, 0.0, 0.0, 0.0, 0.0, 0.0, 0.0, 0.0, 0.0, 0.0, 0.0, 0.0, 0.0, 0.0, 0.0, 0.0, 0.0, 0.0, 0.0, 1.0, 0.0, 0.0, 0.0, 0.0, 0.0, 0.0, 0.0, 0.0, 0.0, 0.0, 0.0, 0.0, 0.0, 0.0, 0.0, 0.0, 0.0, 0.0, 0.0, 0.0, 0.0, 0.0, 0.0, 0.0, 0.0, 0.0, 0.0, 0.0, 0.0, 0.0, 0.0], "bins": [-0.3886997401714325, -0.3886997401714325, -0.3886997401714325, -0.3886997401714325, -0.3886997401714325, -0.3886997401714325, -0.3886997401714325, -0.3886997401714325, -0.3886997401714325, -0.3886997401714325, -0.3886997401714325, -0.3886997401714325, -0.3886997401714325, -0.3886997401714325, -0.3886997401714325, -0.3886997401714325, -0.3886997401714325, -0.3886997401714325, -0.3886997401714325, -0.3886997401714325, -0.3886997401714325, -0.3886997401714325, -0.3886997401714325, -0.3886997401714325, -0.3886997401714325, -0.3886997401714325, -0.3886997401714325, -0.3886997401714325, -0.3886997401714325, -0.3886997401714325, -0.3886997401714325, -0.3886997401714325, -0.3886997401714325, -0.3886997401714325, -0.3886997401714325, -0.3886997401714325, -0.3886997401714325, -0.3886997401714325, -0.3886997401714325, -0.3886997401714325, -0.3886997401714325, -0.3886997401714325, -0.3886997401714325, -0.3886997401714325, -0.3886997401714325, -0.3886997401714325, -0.3886997401714325, -0.3886997401714325, -0.3886997401714325, -0.3886997401714325, -0.3886997401714325, -0.3886997401714325, -0.3886997401714325, -0.3886997401714325, -0.3886997401714325, -0.3886997401714325, -0.3886997401714325, -0.3886997401714325, -0.3886997401714325, -0.3886997401714325, -0.3886997401714325, -0.3886997401714325, -0.3886997401714325, -0.3886997401714325, -0.3886997401714325]}, "_wandb": {"runtime": 220}}