{"epoch": 18, "loss": 1031056960.0, "_timestamp": 1678803799.5512738, "_runtime": 63.944883823394775, "_step": 17, "parameters/value_func.nn.0.weight": {"_type": "histogram", "values": [5.0, 7.0, 1.0, 6.0, 7.0, 5.0, 5.0, 6.0, 12.0, 8.0, 7.0, 7.0, 10.0, 4.0, 11.0, 13.0, 9.0, 13.0, 10.0, 12.0, 12.0, 15.0, 9.0, 15.0, 8.0, 13.0, 16.0, 16.0, 15.0, 9.0, 21.0, 16.0, 13.0, 7.0, 18.0, 8.0, 11.0, 13.0, 17.0, 10.0, 12.0, 13.0, 15.0, 7.0, 12.0, 21.0, 13.0, 16.0, 8.0, 12.0, 12.0, 6.0, 5.0, 8.0, 6.0, 7.0, 9.0, 6.0, 7.0, 3.0, 7.0, 5.0, 5.0, 5.0], "bins": [-0.28059667348861694, -0.27182677388191223, -0.2630569040775299, -0.2542870044708252, -0.24551710486412048, -0.23674722015857697, -0.22797733545303345, -0.21920743584632874, -0.21043753623962402, -0.2016676515340805, -0.1928977519273758, -0.18412786722183228, -0.17535796761512756, -0.16658808290958405, -0.15781819820404053, -0.14904829859733582, -0.1402784138917923, -0.13150852918624878, -0.12273862957954407, -0.11396874487400055, -0.10519884526729584, -0.09642896056175232, -0.0876590684056282, -0.07888917624950409, -0.07011928409337997, -0.06134939193725586, -0.052579499781131744, -0.04380961135029793, -0.03503971919417381, -0.026269827038049698, -0.01749993860721588, -0.008730046451091766, 3.984570503234863e-05, 0.008809736929833889, 0.01757962815463543, 0.026349518448114395, 0.03511941060423851, 0.043889302760362625, 0.05265919119119644, 0.06142908334732056, 0.07019897550344467, 0.07896886765956879, 0.0877387598156929, 0.09650865197181702, 0.10527853667736053, 0.11404843628406525, 0.12281832098960876, 0.13158822059631348, 0.140358105301857, 0.1491279900074005, 0.15789788961410522, 0.16666777431964874, 0.17543767392635345, 0.18420755863189697, 0.19297745823860168, 0.2017473429441452, 0.21051722764968872, 0.21928711235523224, 0.22805701196193695, 0.23682689666748047, 0.24559679627418518, 0.2543666958808899, 0.2631365656852722, 0.27190646529197693, 0.28067636489868164]}, "parameters/value_func.nn.0.bias": {"_type": "histogram", "values": [14.0, 19.0, 12.0, 2.0, 5.0, 1.0, 4.0, 0.0, 1.0, 0.0, 0.0, 1.0, 0.0, 1.0, 0.0, 0.0, 1.0, 2.0, 0.0, 0.0, 0.0, 0.0, 0.0, 0.0, 0.0, 0.0, 0.0, 0.0, 0.0, 0.0, 0.0, 0.0, 0.0, 0.0, 0.0, 0.0, 0.0, 1.0, 0.0, 2.0, 0.0, 1.0, 0.0, 0.0, 0.0, 0.0, 0.0, 0.0, 0.0, 0.0, 0.0, 0.0, 0.0, 0.0, 0.0, 0.0, 0.0, 2.0, 0.0, 2.0, 7.0, 5.0, 24.0, 21.0], "bins": [-0.0641665831208229, -0.06205836683511734, -0.059950146824121475, -0.05784192681312561, -0.055733710527420044, -0.05362549424171448, -0.05151727423071861, -0.04940905421972275, -0.04730083793401718, -0.045192621648311615, -0.04308440163731575, -0.040976181626319885, -0.03886796534061432, -0.03675974905490875, -0.03465152904391289, -0.03254330903291702, -0.030435092747211456, -0.02832687459886074, -0.026218656450510025, -0.02411043830215931, -0.022002220153808594, -0.019894002005457878, -0.017785783857107162, -0.015677565708756447, -0.013569347560405731, -0.011461129412055016, -0.0093529112637043, -0.007244693115353584, -0.005136474967002869, -0.003028256818652153, -0.0009200386703014374, 0.0011881794780492783, 0.003296390175819397, 0.005404608324170113, 0.007512826472520828, 0.009621044620871544, 0.01172926276922226, 0.013837480917572975, 0.01594569906592369, 0.018053917214274406, 0.020162135362625122, 0.022270353510975838, 0.024378571659326553, 0.02648678980767727, 0.028595007956027985, 0.0307032261043787, 0.032811444252729416, 0.03491966426372528, 0.03702788054943085, 0.039136096835136414, 0.04124431684613228, 0.04335253685712814, 0.04546075314283371, 0.047568969428539276, 0.04967718943953514, 0.051785409450531006, 0.05389362573623657, 0.05600184202194214, 0.058110062032938004, 0.06021828204393387, 0.062326498329639435, 0.064434714615345, 0.06654293835163116, 0.06865115463733673, 0.0707593709230423]}, "parameters/value_func.nn.2.weight": {"_type": "histogram", "values": [2.0, 1.0, 2.0, 3.0, 0.0, 2.0, 1.0, 1.0, 2.0, 3.0, 1.0, 1.0, 2.0, 1.0, 0.0, 2.0, 3.0, 2.0, 6.0, 1.0, 1.0, 0.0, 0.0, 2.0, 6.0, 1.0, 2.0, 3.0, 5.0, 1.0, 0.0, 4.0, 0.0, 3.0, 1.0, 0.0, 3.0, 1.0, 1.0, 2.0, 3.0, 2.0, 2.0, 5.0, 3.0, 1.0, 3.0, 2.0, 2.0, 3.0, 1.0, 2.0, 3.0, 1.0, 0.0, 4.0, 2.0, 2.0, 2.0, 3.0, 1.0, 1.0, 2.0, 6.0], "bins": [-0.2842799723148346, -0.2775588631629944, -0.2708377540111542, -0.26411664485931396, -0.25739556550979614, -0.25067445635795593, -0.24395334720611572, -0.2372322380542755, -0.2305111289024353, -0.2237900197505951, -0.21706892549991608, -0.21034781634807587, -0.20362670719623566, -0.19690561294555664, -0.19018450379371643, -0.18346339464187622, -0.1767423003911972, -0.170021191239357, -0.16330009698867798, -0.15657898783683777, -0.14985787868499756, -0.14313676953315735, -0.13641567528247833, -0.12969456613063812, -0.12297346442937851, -0.1162523627281189, -0.10953125357627869, -0.10281015187501907, -0.09608905017375946, -0.08936794102191925, -0.08264683932065964, -0.07592573761940002, -0.06920462846755981, -0.0624835230410099, -0.05576241761445999, -0.04904131591320038, -0.04232021048665047, -0.035599105060100555, -0.028878003358840942, -0.02215689793229103, -0.01543579250574112, -0.008714688010513783, -0.0019935835152864456, 0.004727520048618317, 0.011448625475168228, 0.01816973090171814, 0.024890832602977753, 0.031611938029527664, 0.038333043456077576, 0.04505414888262749, 0.0517752543091774, 0.05849635601043701, 0.06521746516227722, 0.07193856686353683, 0.07865966856479645, 0.08538077771663666, 0.09210187941789627, 0.09882298111915588, 0.1055440902709961, 0.1122651919722557, 0.11898629367351532, 0.12570740282535553, 0.13242849707603455, 0.13914960622787476, 0.14587071537971497]}, "parameters/value_func.nn.2.bias": {"_type": "histogram", "values": [0.0, 0.0, 0.0, 0.0, 0.0, 0.0, 0.0, 0.0, 0.0, 0.0, 0.0, 0.0, 0.0, 0.0, 0.0, 0.0, 0.0, 0.0, 0.0, 0.0, 0.0, 0.0, 0.0, 0.0, 0.0, 0.0, 0.0, 0.0, 0.0, 0.0, 0.0, 1.0, 0.0, 0.0, 0.0, 0.0, 0.0, 0.0, 0.0, 0.0, 0.0, 0.0, 0.0, 0.0, 0.0, 0.0, 0.0, 0.0, 0.0, 0.0, 0.0, 0.0, 0.0, 0.0, 0.0, 0.0, 0.0, 0.0, 0.0, 0.0, 0.0, 0.0, 0.0, 0.0], "bins": [-0.06535486876964569, -0.06535486876964569, -0.06535486876964569, -0.06535486876964569, -0.06535486876964569, -0.06535486876964569, -0.06535486876964569, -0.06535486876964569, -0.06535486876964569, -0.06535486876964569, -0.06535486876964569, -0.06535486876964569, -0.06535486876964569, -0.06535486876964569, -0.06535486876964569, -0.06535486876964569, -0.06535486876964569, -0.06535486876964569, -0.06535486876964569, -0.06535486876964569, -0.06535486876964569, -0.06535486876964569, -0.06535486876964569, -0.06535486876964569, -0.06535486876964569, -0.06535486876964569, -0.06535486876964569, -0.06535486876964569, -0.06535486876964569, -0.06535486876964569, -0.06535486876964569, -0.06535486876964569, -0.06535486876964569, -0.06535486876964569, -0.06535486876964569, -0.06535486876964569, -0.06535486876964569, -0.06535486876964569, -0.06535486876964569, -0.06535486876964569, -0.06535486876964569, -0.06535486876964569, -0.06535486876964569, -0.06535486876964569, -0.06535486876964569, -0.06535486876964569, -0.06535486876964569, -0.06535486876964569, -0.06535486876964569, -0.06535486876964569, -0.06535486876964569, -0.06535486876964569, -0.06535486876964569, -0.06535486876964569, -0.06535486876964569, -0.06535486876964569, -0.06535486876964569, -0.06535486876964569, -0.06535486876964569, -0.06535486876964569, -0.06535486876964569, -0.06535486876964569, -0.06535486876964569, -0.06535486876964569, -0.06535486876964569]}, "_wandb": {"runtime": 63}}