{"epoch": 6, "loss": 29267326976.0, "_timestamp": 1678389230.2723475, "_runtime": 8.5911283493042, "_step": 4, "parameters/value_func.nn.0.weight": {"_type": "histogram", "values": [3.0, 2.0, 5.0, 11.0, 15.0, 12.0, 8.0, 15.0, 10.0, 13.0, 11.0, 14.0, 16.0, 8.0, 10.0, 18.0, 8.0, 17.0, 11.0, 12.0, 10.0, 4.0, 6.0, 13.0, 14.0, 8.0, 11.0, 13.0, 11.0, 13.0, 15.0, 9.0, 7.0, 13.0, 10.0, 9.0, 8.0, 6.0, 6.0, 6.0, 15.0, 8.0, 12.0, 14.0, 11.0, 9.0, 11.0, 10.0, 6.0, 7.0, 12.0, 11.0, 9.0, 7.0, 9.0, 8.0, 11.0, 10.0, 6.0, 13.0, 11.0, 8.0, 4.0, 7.0], "bins": [-0.2214076966047287, -0.21462033689022064, -0.20783297717571259, -0.20104561746120453, -0.19425825774669647, -0.18747089803218842, -0.18068355321884155, -0.1738961935043335, -0.16710883378982544, -0.16032147407531738, -0.15353411436080933, -0.14674675464630127, -0.1399593949317932, -0.13317203521728516, -0.1263846755027771, -0.11959732323884964, -0.11280995607376099, -0.10602259635925293, -0.09923523664474487, -0.09244787693023682, -0.08566051721572876, -0.0788731575012207, -0.07208580523729324, -0.06529844552278519, -0.05851108580827713, -0.051723726093769073, -0.04493636637926102, -0.03814901039004326, -0.0313616506755352, -0.024574290961027145, -0.017786934971809387, -0.01099957525730133, -0.00421220064163208, 0.002575158141553402, 0.009362516924738884, 0.01614987477660179, 0.022937234491109848, 0.029724594205617905, 0.03651195019483566, 0.04329930990934372, 0.050086669623851776, 0.05687402933835983, 0.06366138905286789, 0.07044874131679535, 0.0772361010313034, 0.08402346074581146, 0.09081082046031952, 0.09759818017482758, 0.10438553988933563, 0.11117289960384369, 0.11796025931835175, 0.1247476190328598, 0.13153497874736786, 0.13832233846187592, 0.14510968327522278, 0.15189704298973083, 0.1586844027042389, 0.16547176241874695, 0.172259122133255, 0.17904648184776306, 0.18583384156227112, 0.19262120127677917, 0.19940856099128723, 0.2061959207057953, 0.21298328042030334]}, "parameters/value_func.nn.0.bias": {"_type": "histogram", "values": [28.0, 7.0, 4.0, 3.0, 3.0, 2.0, 1.0, 0.0, 1.0, 0.0, 2.0, 3.0, 0.0, 0.0, 0.0, 0.0, 1.0, 0.0, 2.0, 1.0, 0.0, 0.0, 1.0, 0.0, 0.0, 1.0, 0.0, 1.0, 1.0, 0.0, 0.0, 0.0, 1.0, 2.0, 0.0, 2.0, 1.0, 3.0, 0.0, 1.0, 1.0, 2.0, 1.0, 0.0, 1.0, 0.0, 2.0, 2.0, 3.0, 0.0, 1.0, 1.0, 0.0, 1.0, 0.0, 0.0, 1.0, 1.0, 0.0, 0.0, 3.0, 4.0, 10.0, 22.0], "bins": [-0.011992412619292736, -0.01161730382591486, -0.011242194101214409, -0.010867085307836533, -0.010491976514458656, -0.010116866789758205, -0.009741757996380329, -0.009366648271679878, -0.008991539478302002, -0.008616430684924126, -0.008241320960223675, -0.007866212166845798, -0.007491102907806635, -0.007115993648767471, -0.006740884855389595, -0.0063657755963504314, -0.005990666337311268, -0.005615557078272104, -0.005240447819232941, -0.004865339025855064, -0.004490229766815901, -0.004115120507776737, -0.0037400114815682173, -0.0033649024553596973, -0.0029897931963205338, -0.00261468393728137, -0.0022395749110728502, -0.0018644657684490085, -0.0014893566258251667, -0.001114247483201325, -0.0007391383405774832, -0.00036402931436896324, 1.1079944670200348e-05, 0.0003861890872940421, 0.0007612982299178839, 0.0011364073725417256, 0.0015115165151655674, 0.0018866256577894092, 0.002261734800413251, 0.002636843826621771, 0.0030119530856609344, 0.003387062344700098, 0.003762171370908618, 0.004137280397117138, 0.0045123896561563015, 0.004887498915195465, 0.005262607708573341, 0.005637716967612505, 0.0060128262266516685, 0.006387935485690832, 0.006763044744729996, 0.007138153538107872, 0.007513262797147036, 0.0078883720561862, 0.008263480849564075, 0.008638590574264526, 0.009013699367642403, 0.009388808161020279, 0.00976391788572073, 0.010139026679098606, 0.010514136403799057, 0.010889245197176933, 0.01126435399055481, 0.011639462783932686, 0.012014572508633137]}, "parameters/value_func.nn.2.weight": {"_type": "histogram", "values": [2.0, 0.0, 0.0, 2.0, 2.0, 3.0, 3.0, 1.0, 5.0, 3.0, 2.0, 2.0, 2.0, 2.0, 4.0, 2.0, 1.0, 3.0, 1.0, 0.0, 4.0, 2.0, 4.0, 0.0, 1.0, 3.0, 1.0, 0.0, 2.0, 1.0, 1.0, 2.0, 2.0, 1.0, 3.0, 1.0, 2.0, 1.0, 2.0, 0.0, 3.0, 5.0, 3.0, 2.0, 0.0, 1.0, 1.0, 1.0, 3.0, 2.0, 2.0, 1.0, 1.0, 2.0, 4.0, 4.0, 0.0, 4.0, 1.0, 4.0, 3.0, 4.0, 1.0, 3.0], "bins": [-0.22364678978919983, -0.2167375236749649, -0.20982825756072998, -0.20291899144649506, -0.19600972533226013, -0.189100444316864, -0.18219119310379028, -0.17528191208839417, -0.16837264597415924, -0.16146337985992432, -0.1545541137456894, -0.14764484763145447, -0.14073558151721954, -0.13382631540298462, -0.1269170343875885, -0.12000776827335358, -0.11309850960969925, -0.10618924349546432, -0.0992799773812294, -0.09237070381641388, -0.08546143770217896, -0.07855217158794403, -0.0716429054737091, -0.06473363935947418, -0.05782436951994896, -0.050915103405714035, -0.04400583356618881, -0.03709656745195389, -0.030187299475073814, -0.02327803149819374, -0.016368765383958817, -0.009459495544433594, -0.0025502294301986694, 0.004359038081020117, 0.011268305592238903, 0.018177572637796402, 0.025086840614676476, 0.03199610859155655, 0.03890537470579147, 0.045814644545316696, 0.05272391065955162, 0.059633176773786545, 0.06654244661331177, 0.07345171272754669, 0.08036097884178162, 0.08727024495601654, 0.09417951107025146, 0.10108878463506699, 0.10799805074930191, 0.11490731686353683, 0.12181658297777176, 0.12872585654258728, 0.1356351226568222, 0.14254438877105713, 0.14945365488529205, 0.15636292099952698, 0.1632721871137619, 0.17018145322799683, 0.17709071934223175, 0.18399998545646667, 0.1909092515707016, 0.19781851768493652, 0.20472779870033264, 0.21163706481456757, 0.2185463309288025]}, "parameters/value_func.nn.2.bias": {"_type": "histogram", "values": [0.0, 0.0, 0.0, 0.0, 0.0, 0.0, 0.0, 0.0, 0.0, 0.0, 0.0, 0.0, 0.0, 0.0, 0.0, 0.0, 0.0, 0.0, 0.0, 0.0, 0.0, 0.0, 0.0, 0.0, 0.0, 0.0, 0.0, 0.0, 0.0, 0.0, 0.0, 0.0, 1.0, 0.0, 0.0, 0.0, 0.0, 0.0, 0.0, 0.0, 0.0, 0.0, 0.0, 0.0, 0.0, 0.0, 0.0, 0.0, 0.0, 0.0, 0.0, 0.0, 0.0, 0.0, 0.0, 0.0, 0.0, 0.0, 0.0, 0.0, 0.0, 0.0, 0.0, 0.0], "bins": [-0.011897307820618153, -0.011897307820618153, -0.011897307820618153, -0.011897307820618153, -0.011897307820618153, -0.011897307820618153, -0.011897307820618153, -0.011897307820618153, -0.011897307820618153, -0.011897307820618153, -0.011897307820618153, -0.011897307820618153, -0.011897307820618153, -0.011897307820618153, -0.011897307820618153, -0.011897307820618153, -0.011897307820618153, -0.011897307820618153, -0.011897307820618153, -0.011897307820618153, -0.011897307820618153, -0.011897307820618153, -0.011897307820618153, -0.011897307820618153, -0.011897307820618153, -0.011897307820618153, -0.011897307820618153, -0.011897307820618153, -0.011897307820618153, -0.011897307820618153, -0.011897307820618153, -0.011897307820618153, -0.011897307820618153, -0.011897307820618153, -0.011897307820618153, -0.011897307820618153, -0.011897307820618153, -0.011897307820618153, -0.011897307820618153, -0.011897307820618153, -0.011897307820618153, -0.011897307820618153, -0.011897307820618153, -0.011897307820618153, -0.011897307820618153, -0.011897307820618153, -0.011897307820618153, -0.011897307820618153, -0.011897307820618153, -0.011897307820618153, -0.011897307820618153, -0.011897307820618153, -0.011897307820618153, -0.011897307820618153, -0.011897307820618153, -0.011897307820618153, -0.011897307820618153, -0.011897307820618153, -0.011897307820618153, -0.011897307820618153, -0.011897307820618153, -0.011897307820618153, -0.011897307820618153, -0.011897307820618153, -0.011897307820618153]}, "_wandb": {"runtime": 9}}