{"epoch": 232, "loss": 15342855.0, "_timestamp": 1678377070.7321348, "_runtime": 846.7353417873383, "_step": 231, "parameters/value_func.nn.0.weight": {"_type": "histogram", "values": [1.0, 0.0, 1.0, 0.0, 3.0, 7.0, 5.0, 6.0, 3.0, 7.0, 9.0, 6.0, 9.0, 12.0, 13.0, 14.0, 13.0, 16.0, 20.0, 16.0, 22.0, 15.0, 21.0, 10.0, 19.0, 18.0, 15.0, 17.0, 26.0, 19.0, 19.0, 17.0, 20.0, 18.0, 21.0, 21.0, 23.0, 9.0, 16.0, 21.0, 15.0, 17.0, 10.0, 11.0, 5.0, 6.0, 5.0, 8.0, 8.0, 3.0, 5.0, 2.0, 5.0, 1.0, 1.0, 4.0, 1.0, 1.0, 1.0, 1.0, 1.0, 0.0, 0.0, 1.0], "bins": [-0.36817213892936707, -0.3554929494857788, -0.34281376004219055, -0.3301345705986023, -0.31745535135269165, -0.3047761619091034, -0.29209697246551514, -0.2794177830219269, -0.2667385935783386, -0.25405940413475037, -0.24138019979000092, -0.22870101034641266, -0.2160218060016632, -0.20334261655807495, -0.1906634271144867, -0.17798423767089844, -0.1653050184249878, -0.15262582898139954, -0.13994662463665009, -0.12726743519306183, -0.11458823829889297, -0.10190904140472412, -0.08922985196113586, -0.07655065506696701, -0.06387145817279816, -0.0511922612786293, -0.03851306810975075, -0.025833874940872192, -0.013154678046703339, -0.00047548115253448486, 0.012203708291053772, 0.024882905185222626, 0.03756213188171387, 0.05024132877588272, 0.06292052567005157, 0.07559971511363983, 0.08827891200780869, 0.10095810890197754, 0.1136372983455658, 0.12631648778915405, 0.1389956921339035, 0.15167488157749176, 0.1643540859222412, 0.17703327536582947, 0.18971246480941772, 0.20239166915416718, 0.21507085859775543, 0.22775006294250488, 0.24042925238609314, 0.2531084418296814, 0.26578763127326965, 0.2784668207168579, 0.29114603996276855, 0.3038252294063568, 0.31650441884994507, 0.3291836082935333, 0.3418627977371216, 0.35454198718070984, 0.3672211766242981, 0.37990039587020874, 0.392579585313797, 0.40525877475738525, 0.4179379642009735, 0.43061715364456177, 0.4432963728904724]}, "parameters/value_func.nn.0.bias": {"_type": "histogram", "values": [1.0, 2.0, 15.0, 13.0, 9.0, 4.0, 6.0, 2.0, 1.0, 1.0, 0.0, 1.0, 0.0, 0.0, 0.0, 1.0, 1.0, 0.0, 0.0, 0.0, 0.0, 2.0, 2.0, 0.0, 2.0, 2.0, 5.0, 6.0, 10.0, 16.0, 7.0, 13.0, 2.0, 2.0, 1.0, 0.0, 0.0, 0.0, 0.0, 0.0, 0.0, 0.0, 0.0, 0.0, 0.0, 0.0, 0.0, 0.0, 0.0, 0.0, 0.0, 0.0, 0.0, 0.0, 0.0, 0.0, 0.0, 0.0, 0.0, 0.0, 0.0, 0.0, 0.0, 1.0], "bins": [-0.09899018704891205, -0.0921483114361763, -0.08530642837285995, -0.0784645527601242, -0.07162266969680786, -0.06478079408407211, -0.057938918471336365, -0.05109703913331032, -0.04425515979528427, -0.037413280457258224, -0.030571402981877327, -0.02372952550649643, -0.016887646168470383, -0.010045766830444336, -0.0032038912177085876, 0.003637988120317459, 0.010479867458343506, 0.017321746796369553, 0.02416362427175045, 0.031005501747131348, 0.037847381085157394, 0.04468926042318344, 0.05153113603591919, 0.058373015373945236, 0.06521489471197128, 0.07205677032470703, 0.07889865338802338, 0.08574052900075912, 0.09258240461349487, 0.09942428767681122, 0.10626616328954697, 0.11310803890228271, 0.11994990706443787, 0.1267917901277542, 0.13363365828990936, 0.1404755413532257, 0.14731742441654205, 0.1541593074798584, 0.16100117564201355, 0.1678430587053299, 0.17468494176864624, 0.18152682483196259, 0.18836869299411774, 0.19521057605743408, 0.20205245912075043, 0.20889434218406677, 0.21573621034622192, 0.22257809340953827, 0.22941996157169342, 0.23626184463500977, 0.24310371279716492, 0.24994559586048126, 0.2567874789237976, 0.26362934708595276, 0.2704712152481079, 0.27731311321258545, 0.2841549813747406, 0.29099684953689575, 0.2978387475013733, 0.30468061566352844, 0.3115224838256836, 0.31836438179016113, 0.3252062499523163, 0.33204811811447144, 0.338890016078949]}, "parameters/value_func.nn.2.weight": {"_type": "histogram", "values": [2.0, 3.0, 5.0, 1.0, 1.0, 1.0, 4.0, 4.0, 2.0, 3.0, 2.0, 3.0, 5.0, 3.0, 2.0, 0.0, 2.0, 1.0, 4.0, 2.0, 1.0, 1.0, 6.0, 4.0, 3.0, 1.0, 1.0, 1.0, 3.0, 4.0, 5.0, 5.0, 2.0, 0.0, 2.0, 2.0, 6.0, 1.0, 2.0, 2.0, 1.0, 4.0, 5.0, 1.0, 1.0, 0.0, 4.0, 2.0, 1.0, 0.0, 3.0, 0.0, 0.0, 0.0, 1.0, 2.0, 0.0, 0.0, 0.0, 0.0, 0.0, 0.0, 0.0, 1.0], "bins": [-0.28982314467430115, -0.28115278482437134, -0.2724824547767639, -0.2638120949268341, -0.2551417350769043, -0.24647139012813568, -0.23780104517936707, -0.22913068532943726, -0.22046034038066864, -0.21178999543190002, -0.20311963558197021, -0.1944492906332016, -0.18577894568443298, -0.17710858583450317, -0.16843824088573456, -0.15976789593696594, -0.15109753608703613, -0.14242719113826752, -0.1337568312883377, -0.1250864863395691, -0.11641613394021988, -0.10774578154087067, -0.09907543659210205, -0.09040508419275284, -0.08173473179340363, -0.07306437939405441, -0.0643940269947052, -0.055723682045936584, -0.04705332964658737, -0.03838297724723816, -0.029712628573179245, -0.02104227989912033, -0.012371957302093506, -0.0037016067653894424, 0.004968743771314621, 0.013639094308018684, 0.022309444844722748, 0.03097979724407196, 0.039650145918130875, 0.04832049459218979, 0.056990846991539, 0.06566119939088821, 0.07433155179023743, 0.08300189673900604, 0.09167224913835526, 0.10034260153770447, 0.10901294648647308, 0.1176832988858223, 0.1263536512851715, 0.13502399623394012, 0.14369435608386993, 0.15236470103263855, 0.16103506088256836, 0.16970540583133698, 0.1783757507801056, 0.1870461106300354, 0.19571645557880402, 0.20438680052757263, 0.21305716037750244, 0.22172750532627106, 0.23039785027503967, 0.23906821012496948, 0.2477385550737381, 0.2564089000225067, 0.2650792598724365]}, "parameters/value_func.nn.2.bias": {"_type": "histogram", "values": [0.0, 0.0, 0.0, 0.0, 0.0, 0.0, 0.0, 0.0, 0.0, 0.0, 0.0, 0.0, 0.0, 0.0, 0.0, 0.0, 0.0, 0.0, 0.0, 0.0, 0.0, 0.0, 0.0, 0.0, 0.0, 0.0, 0.0, 0.0, 0.0, 0.0, 0.0, 0.0, 1.0, 0.0, 0.0, 0.0, 0.0, 0.0, 0.0, 0.0, 0.0, 0.0, 0.0, 0.0, 0.0, 0.0, 0.0, 0.0, 0.0, 0.0, 0.0, 0.0, 0.0, 0.0, 0.0, 0.0, 0.0, 0.0, 0.0, 0.0, 0.0, 0.0, 0.0, 0.0], "bins": [-0.09320781379938126, -0.09320781379938126, -0.09320781379938126, -0.09320781379938126, -0.09320781379938126, -0.09320781379938126, -0.09320781379938126, -0.09320781379938126, -0.09320781379938126, -0.09320781379938126, -0.09320781379938126, -0.09320781379938126, -0.09320781379938126, -0.09320781379938126, -0.09320781379938126, -0.09320781379938126, -0.09320781379938126, -0.09320781379938126, -0.09320781379938126, -0.09320781379938126, -0.09320781379938126, -0.09320781379938126, -0.09320781379938126, -0.09320781379938126, -0.09320781379938126, -0.09320781379938126, -0.09320781379938126, -0.09320781379938126, -0.09320781379938126, -0.09320781379938126, -0.09320781379938126, -0.09320781379938126, -0.09320781379938126, -0.09320781379938126, -0.09320781379938126, -0.09320781379938126, -0.09320781379938126, -0.09320781379938126, -0.09320781379938126, -0.09320781379938126, -0.09320781379938126, -0.09320781379938126, -0.09320781379938126, -0.09320781379938126, -0.09320781379938126, -0.09320781379938126, -0.09320781379938126, -0.09320781379938126, -0.09320781379938126, -0.09320781379938126, -0.09320781379938126, -0.09320781379938126, -0.09320781379938126, -0.09320781379938126, -0.09320781379938126, -0.09320781379938126, -0.09320781379938126, -0.09320781379938126, -0.09320781379938126, -0.09320781379938126, -0.09320781379938126, -0.09320781379938126, -0.09320781379938126, -0.09320781379938126, -0.09320781379938126]}, "_wandb": {"runtime": 846}}