{"epoch": 42, "loss": 11029384192.0, "_timestamp": 1678386800.1307673, "_runtime": 60.130736351013184, "_step": 41, "parameters/value_func.nn.0.weight": {"_type": "histogram", "values": [2.0, 1.0, 2.0, 0.0, 4.0, 5.0, 4.0, 5.0, 9.0, 8.0, 12.0, 3.0, 4.0, 13.0, 8.0, 12.0, 8.0, 12.0, 11.0, 9.0, 19.0, 24.0, 25.0, 17.0, 25.0, 13.0, 17.0, 23.0, 26.0, 24.0, 19.0, 28.0, 17.0, 25.0, 21.0, 10.0, 17.0, 14.0, 15.0, 6.0, 11.0, 11.0, 2.0, 9.0, 10.0, 6.0, 7.0, 6.0, 5.0, 3.0, 5.0, 5.0, 6.0, 10.0, 1.0, 5.0, 5.0, 5.0, 3.0, 1.0, 2.0, 4.0, 0.0, 1.0], "bins": [-0.542709231376648, -0.5258604884147644, -0.5090116858482361, -0.49216291308403015, -0.4753141403198242, -0.4584653973579407, -0.44161662459373474, -0.4247678518295288, -0.4079190790653229, -0.39107030630111694, -0.374221533536911, -0.3573727607727051, -0.34052401781082153, -0.3236752152442932, -0.30682647228240967, -0.28997769951820374, -0.2731289267539978, -0.25628015398979187, -0.23943138122558594, -0.2225826233625412, -0.20573385059833527, -0.18888507783412933, -0.1720363199710846, -0.15518754720687866, -0.13833877444267273, -0.1214900016784668, -0.10464123636484146, -0.08779247105121613, -0.07094369828701019, -0.05409492552280426, -0.037246160209178925, -0.02039739489555359, -0.003548562526702881, 0.013300206512212753, 0.030148975551128387, 0.04699774459004402, 0.06384651362895966, 0.08069528639316559, 0.09754405170679092, 0.11439281702041626, 0.1312415897846222, 0.14809036254882812, 0.16493913531303406, 0.1817878931760788, 0.19863666594028473, 0.21548543870449066, 0.2323341965675354, 0.24918296933174133, 0.26603174209594727, 0.2828805148601532, 0.29972928762435913, 0.31657806038856506, 0.333426833152771, 0.35027557611465454, 0.3671243488788605, 0.3839731216430664, 0.40082189440727234, 0.41767066717147827, 0.4345194399356842, 0.45136821269989014, 0.4682169556617737, 0.485065758228302, 0.5019145011901855, 0.5187633037567139, 0.5356120467185974]}, "parameters/value_func.nn.0.bias": {"_type": "histogram", "values": [1.0, 0.0, 1.0, 0.0, 0.0, 0.0, 2.0, 3.0, 0.0, 2.0, 1.0, 2.0, 1.0, 2.0, 4.0, 3.0, 2.0, 3.0, 9.0, 4.0, 2.0, 4.0, 1.0, 2.0, 0.0, 3.0, 0.0, 1.0, 5.0, 1.0, 5.0, 2.0, 5.0, 4.0, 3.0, 2.0, 5.0, 3.0, 1.0, 5.0, 0.0, 0.0, 1.0, 1.0, 1.0, 0.0, 0.0, 2.0, 3.0, 0.0, 2.0, 2.0, 4.0, 2.0, 3.0, 1.0, 4.0, 1.0, 0.0, 3.0, 1.0, 2.0, 0.0, 1.0], "bins": [-0.2810038924217224, -0.27235403656959534, -0.26370418071746826, -0.2550543546676636, -0.2464044988155365, -0.23775464296340942, -0.22910478711128235, -0.22045494616031647, -0.21180510520935059, -0.2031552493572235, -0.19450540840625763, -0.18585555255413055, -0.17720571160316467, -0.1685558557510376, -0.15990599989891052, -0.15125615894794464, -0.14260630309581757, -0.1339564472436905, -0.1253066062927246, -0.11665675044059753, -0.10800690948963165, -0.09935705363750458, -0.0907072052359581, -0.08205735683441162, -0.07340750843286514, -0.06475766003131866, -0.056107811629772186, -0.04745795950293541, -0.03880811110138893, -0.030158262699842453, -0.021508410573005676, -0.012858562171459198, -0.00420871376991272, 0.004441135562956333, 0.013090984895825386, 0.021740835160017014, 0.030390683561563492, 0.03904053196310997, 0.04769038408994675, 0.056340232491493225, 0.0649900808930397, 0.07363992929458618, 0.08228977769613266, 0.09093962609767914, 0.09958948194980621, 0.1082393229007721, 0.11688917875289917, 0.12553903460502625, 0.13418887555599213, 0.1428387314081192, 0.15148857235908508, 0.16013842821121216, 0.16878826916217804, 0.17743812501430511, 0.186087965965271, 0.19473782181739807, 0.20338767766952515, 0.21203753352165222, 0.2206873744726181, 0.22933723032474518, 0.23798707127571106, 0.24663692712783813, 0.2552867829799652, 0.2639366388320923, 0.272586464881897]}, "parameters/value_func.nn.2.weight": {"_type": "histogram", "values": [1.0, 1.0, 0.0, 0.0, 1.0, 3.0, 1.0, 1.0, 4.0, 1.0, 5.0, 1.0, 4.0, 1.0, 1.0, 4.0, 1.0, 2.0, 2.0, 6.0, 5.0, 3.0, 1.0, 2.0, 1.0, 4.0, 1.0, 3.0, 2.0, 4.0, 5.0, 1.0, 3.0, 0.0, 2.0, 2.0, 1.0, 4.0, 2.0, 3.0, 1.0, 1.0, 4.0, 2.0, 4.0, 0.0, 3.0, 2.0, 2.0, 3.0, 0.0, 2.0, 0.0, 3.0, 2.0, 4.0, 1.0, 1.0, 1.0, 0.0, 1.0, 0.0, 1.0, 1.0], "bins": [-0.47443729639053345, -0.46065396070480347, -0.4468705952167511, -0.4330872595310211, -0.41930389404296875, -0.40552055835723877, -0.3917372226715088, -0.3779538571834564, -0.36417052149772644, -0.35038718581199646, -0.3366038203239441, -0.3228204846382141, -0.30903711915016174, -0.29525378346443176, -0.2814704179763794, -0.2676870822906494, -0.25390374660491943, -0.24012039601802826, -0.22633704543113708, -0.2125537097454071, -0.19877035915851593, -0.18498700857162476, -0.17120365798473358, -0.1574203073978424, -0.14363694190979004, -0.12985359132289886, -0.11607024818658829, -0.10228689759969711, -0.08850355446338654, -0.07472020387649536, -0.06093685328960419, -0.04715351015329361, -0.03337016701698303, -0.019586820155382156, -0.005803471431136131, 0.007979877293109894, 0.02176322415471077, 0.035546571016311646, 0.04932992160320282, 0.0631132647395134, 0.07689661532640457, 0.09067996591329575, 0.10446330904960632, 0.1182466596364975, 0.13203001022338867, 0.14581334590911865, 0.15959671139717102, 0.173380047082901, 0.18716339766979218, 0.20094674825668335, 0.21473009884357452, 0.2285134494304657, 0.24229678511619568, 0.25608015060424805, 0.269863486289978, 0.283646821975708, 0.2974301874637604, 0.31121352314949036, 0.3249968886375427, 0.3387802243232727, 0.3525635898113251, 0.36634692549705505, 0.3801302909851074, 0.3939136266708374, 0.4076969623565674]}, "parameters/value_func.nn.2.bias": {"_type": "histogram", "values": [0.0, 0.0, 0.0, 0.0, 0.0, 0.0, 0.0, 0.0, 0.0, 0.0, 0.0, 0.0, 0.0, 0.0, 0.0, 0.0, 0.0, 0.0, 0.0, 0.0, 0.0, 0.0, 0.0, 0.0, 0.0, 0.0, 0.0, 0.0, 0.0, 0.0, 0.0, 0.0, 1.0, 0.0, 0.0, 0.0, 0.0, 0.0, 0.0, 0.0, 0.0, 0.0, 0.0, 0.0, 0.0, 0.0, 0.0, 0.0, 0.0, 0.0, 0.0, 0.0, 0.0, 0.0, 0.0, 0.0, 0.0, 0.0, 0.0, 0.0, 0.0, 0.0, 0.0, 0.0], "bins": [-0.2703864276409149, -0.2703864276409149, -0.2703864276409149, -0.2703864276409149, -0.2703864276409149, -0.2703864276409149, -0.2703864276409149, -0.2703864276409149, -0.2703864276409149, -0.2703864276409149, -0.2703864276409149, -0.2703864276409149, -0.2703864276409149, -0.2703864276409149, -0.2703864276409149, -0.2703864276409149, -0.2703864276409149, -0.2703864276409149, -0.2703864276409149, -0.2703864276409149, -0.2703864276409149, -0.2703864276409149, -0.2703864276409149, -0.2703864276409149, -0.2703864276409149, -0.2703864276409149, -0.2703864276409149, -0.2703864276409149, -0.2703864276409149, -0.2703864276409149, -0.2703864276409149, -0.2703864276409149, -0.2703864276409149, -0.2703864276409149, -0.2703864276409149, -0.2703864276409149, -0.2703864276409149, -0.2703864276409149, -0.2703864276409149, -0.2703864276409149, -0.2703864276409149, -0.2703864276409149, -0.2703864276409149, -0.2703864276409149, -0.2703864276409149, -0.2703864276409149, -0.2703864276409149, -0.2703864276409149, -0.2703864276409149, -0.2703864276409149, -0.2703864276409149, -0.2703864276409149, -0.2703864276409149, -0.2703864276409149, -0.2703864276409149, -0.2703864276409149, -0.2703864276409149, -0.2703864276409149, -0.2703864276409149, -0.2703864276409149, -0.2703864276409149, -0.2703864276409149, -0.2703864276409149, -0.2703864276409149, -0.2703864276409149]}, "_wandb": {"runtime": 59}}