{"epoch": 67, "loss": 3285320704.0, "_timestamp": 1678388726.5731306, "_runtime": 80.55873155593872, "_step": 65, "parameters/value_func.nn.0.weight": {"_type": "histogram", "values": [2.0, 0.0, 1.0, 0.0, 0.0, 0.0, 2.0, 3.0, 2.0, 3.0, 3.0, 12.0, 12.0, 6.0, 6.0, 5.0, 2.0, 9.0, 12.0, 12.0, 9.0, 12.0, 18.0, 10.0, 10.0, 14.0, 12.0, 15.0, 10.0, 22.0, 19.0, 20.0, 18.0, 22.0, 28.0, 21.0, 19.0, 18.0, 20.0, 9.0, 13.0, 29.0, 21.0, 11.0, 17.0, 5.0, 14.0, 8.0, 10.0, 12.0, 6.0, 4.0, 4.0, 10.0, 7.0, 7.0, 8.0, 4.0, 9.0, 6.0, 6.0, 3.0, 5.0, 3.0], "bins": [-0.6792152523994446, -0.6599055528640747, -0.6405958533287048, -0.6212860941886902, -0.6019763946533203, -0.5826666951179504, -0.5633569955825806, -0.5440472364425659, -0.524737536907196, -0.5054278373718262, -0.4861181080341339, -0.46680840849876404, -0.4474986791610718, -0.4281889796257019, -0.40887928009033203, -0.38956955075263977, -0.3702598512172699, -0.3509501516819, -0.33164042234420776, -0.3123307228088379, -0.29302099347114563, -0.27371129393577576, -0.2544015645980835, -0.23509186506271362, -0.21578215062618256, -0.1964724361896515, -0.17716272175312042, -0.15785300731658936, -0.13854330778121948, -0.11923358589410782, -0.09992387890815735, -0.08061416447162628, -0.061304450035095215, -0.04199473559856415, -0.02268502488732338, -0.003375314176082611, 0.015934400260448456, 0.03524411469697952, 0.05455382168292999, 0.07386353611946106, 0.09317325055599213, 0.1124829649925232, 0.13179267942905426, 0.15110239386558533, 0.1704120934009552, 0.18972182273864746, 0.20903152227401733, 0.2283412367105484, 0.24765095114707947, 0.26696065068244934, 0.2862703800201416, 0.3055800795555115, 0.32488980889320374, 0.3441995084285736, 0.36350923776626587, 0.38281893730163574, 0.4021286368370056, 0.4214383363723755, 0.44074806571006775, 0.4600577652454376, 0.4793674945831299, 0.49867719411849976, 0.5179868936538696, 0.5372966527938843, 0.5566063523292542]}, "parameters/value_func.nn.0.bias": {"_type": "histogram", "values": [2.0, 0.0, 0.0, 0.0, 0.0, 0.0, 0.0, 0.0, 1.0, 0.0, 0.0, 1.0, 0.0, 0.0, 0.0, 1.0, 1.0, 1.0, 0.0, 1.0, 2.0, 0.0, 7.0, 5.0, 3.0, 2.0, 2.0, 2.0, 7.0, 6.0, 6.0, 4.0, 2.0, 3.0, 5.0, 0.0, 3.0, 5.0, 4.0, 6.0, 1.0, 2.0, 3.0, 4.0, 5.0, 5.0, 2.0, 3.0, 5.0, 0.0, 0.0, 3.0, 1.0, 3.0, 2.0, 1.0, 1.0, 2.0, 1.0, 0.0, 0.0, 0.0, 1.0, 1.0], "bins": [-0.4273160398006439, -0.4171399772167206, -0.40696391463279724, -0.3967878520488739, -0.38661178946495056, -0.3764357268810272, -0.3662596642971039, -0.35608360171318054, -0.3459075391292572, -0.33573147654533386, -0.3255554139614105, -0.3153793513774872, -0.30520328879356384, -0.2950272262096405, -0.28485116362571716, -0.2746751010417938, -0.2644990384578705, -0.25432297587394714, -0.2441469132900238, -0.23397085070610046, -0.22379478812217712, -0.21361872553825378, -0.20344266295433044, -0.1932666003704071, -0.18309053778648376, -0.17291447520256042, -0.16273841261863708, -0.15256235003471375, -0.1423862874507904, -0.13221022486686707, -0.12203416228294373, -0.11185809969902039, -0.10168203711509705, -0.0915059745311737, -0.08132991194725037, -0.07115384936332703, -0.060977786779403687, -0.05080172419548035, -0.04062566161155701, -0.030449599027633667, -0.020273536443710327, -0.010097473859786987, 7.858872413635254e-05, 0.010254651308059692, 0.020430713891983032, 0.030606776475906372, 0.04078283905982971, 0.05095890164375305, 0.06113496422767639, 0.07131102681159973, 0.08148708939552307, 0.09166315197944641, 0.10183921456336975, 0.11201527714729309, 0.12219133973121643, 0.13236740231513977, 0.1425434648990631, 0.15271952748298645, 0.1628955900669098, 0.17307165265083313, 0.18324771523475647, 0.1934237778186798, 0.20359984040260315, 0.2137759029865265, 0.22395196557044983]}, "parameters/value_func.nn.2.weight": {"_type": "histogram", "values": [1.0, 1.0, 3.0, 4.0, 2.0, 6.0, 5.0, 3.0, 4.0, 3.0, 6.0, 4.0, 7.0, 5.0, 4.0, 6.0, 2.0, 1.0, 3.0, 0.0, 2.0, 0.0, 0.0, 0.0, 0.0, 1.0, 0.0, 1.0, 1.0, 1.0, 3.0, 0.0, 3.0, 1.0, 1.0, 3.0, 3.0, 0.0, 2.0, 1.0, 2.0, 0.0, 1.0, 1.0, 1.0, 1.0, 0.0, 3.0, 2.0, 1.0, 2.0, 4.0, 1.0, 3.0, 0.0, 4.0, 3.0, 1.0, 3.0, 0.0, 0.0, 1.0, 0.0, 1.0], "bins": [-0.5450372099876404, -0.5288941860198975, -0.5127511024475098, -0.49660807847976685, -0.4804650545120239, -0.4643220007419586, -0.4481789469718933, -0.4320359230041504, -0.4158928692340851, -0.3997498154640198, -0.38360679149627686, -0.36746373772621155, -0.35132068395614624, -0.3351776599884033, -0.319034606218338, -0.3028915524482727, -0.2867485284805298, -0.2706054747104645, -0.25446245074272156, -0.23831939697265625, -0.22217635810375214, -0.20603331923484802, -0.18989026546478271, -0.1737472265958786, -0.1576041877269745, -0.14146114885807037, -0.12531810998916626, -0.10917505621910095, -0.09303201735019684, -0.07688897848129272, -0.060745932161808014, -0.0446028858423233, -0.028459817171096802, -0.01231677457690239, 0.0038262680172920227, 0.019969310611486435, 0.03611235320568085, 0.05225539207458496, 0.06839843839406967, 0.08454148471355438, 0.1006845235824585, 0.11682756245136261, 0.13297060132026672, 0.14911365509033203, 0.16525669395923615, 0.18139973282814026, 0.19754278659820557, 0.21368582546710968, 0.2298288643360138, 0.2459719032049179, 0.262114942073822, 0.27825799584388733, 0.29440104961395264, 0.31054407358169556, 0.32668712735176086, 0.34283018112182617, 0.3589732050895691, 0.3751162588596344, 0.3912592828273773, 0.4074023365974426, 0.42354536056518555, 0.43968841433525085, 0.45583146810531616, 0.4719744920730591, 0.4881175458431244]}, "parameters/value_func.nn.2.bias": {"_type": "histogram", "values": [0.0, 0.0, 0.0, 0.0, 0.0, 0.0, 0.0, 0.0, 0.0, 0.0, 0.0, 0.0, 0.0, 0.0, 0.0, 0.0, 0.0, 0.0, 0.0, 0.0, 0.0, 0.0, 0.0, 0.0, 0.0, 0.0, 0.0, 0.0, 0.0, 0.0, 0.0, 0.0, 1.0, 0.0, 0.0, 0.0, 0.0, 0.0, 0.0, 0.0, 0.0, 0.0, 0.0, 0.0, 0.0, 0.0, 0.0, 0.0, 0.0, 0.0, 0.0, 0.0, 0.0, 0.0, 0.0, 0.0, 0.0, 0.0, 0.0, 0.0, 0.0, 0.0, 0.0, 0.0], "bins": [-0.10313721001148224, -0.10313721001148224, -0.10313721001148224, -0.10313721001148224, -0.10313721001148224, -0.10313721001148224, -0.10313721001148224, -0.10313721001148224, -0.10313721001148224, -0.10313721001148224, -0.10313721001148224, -0.10313721001148224, -0.10313721001148224, -0.10313721001148224, -0.10313721001148224, -0.10313721001148224, -0.10313721001148224, -0.10313721001148224, -0.10313721001148224, -0.10313721001148224, -0.10313721001148224, -0.10313721001148224, -0.10313721001148224, -0.10313721001148224, -0.10313721001148224, -0.10313721001148224, -0.10313721001148224, -0.10313721001148224, -0.10313721001148224, -0.10313721001148224, -0.10313721001148224, -0.10313721001148224, -0.10313721001148224, -0.10313721001148224, -0.10313721001148224, -0.10313721001148224, -0.10313721001148224, -0.10313721001148224, -0.10313721001148224, -0.10313721001148224, -0.10313721001148224, -0.10313721001148224, -0.10313721001148224, -0.10313721001148224, -0.10313721001148224, -0.10313721001148224, -0.10313721001148224, -0.10313721001148224, -0.10313721001148224, -0.10313721001148224, -0.10313721001148224, -0.10313721001148224, -0.10313721001148224, -0.10313721001148224, -0.10313721001148224, -0.10313721001148224, -0.10313721001148224, -0.10313721001148224, -0.10313721001148224, -0.10313721001148224, -0.10313721001148224, -0.10313721001148224, -0.10313721001148224, -0.10313721001148224, -0.10313721001148224]}, "_wandb": {"runtime": 79}}