{"epoch": 1, "loss": 1527347281920.0, "_timestamp": 1678305381.0736403, "_runtime": 157.22733235359192, "_step": 0}