{"epoch": 51, "loss": 325839296.0, "_timestamp": 1678375205.6041412, "_runtime": 197.90607929229736, "_step": 50, "parameters/value_func.nn.0.weight": {"_type": "histogram", "values": [3.0, 1.0, 4.0, 1.0, 7.0, 7.0, 5.0, 6.0, 9.0, 7.0, 5.0, 7.0, 13.0, 8.0, 7.0, 10.0, 12.0, 15.0, 9.0, 16.0, 12.0, 24.0, 18.0, 15.0, 15.0, 13.0, 14.0, 23.0, 17.0, 16.0, 17.0, 21.0, 21.0, 20.0, 13.0, 15.0, 12.0, 10.0, 17.0, 23.0, 13.0, 11.0, 6.0, 12.0, 5.0, 12.0, 13.0, 11.0, 6.0, 6.0, 5.0, 8.0, 9.0, 5.0, 9.0, 6.0, 3.0, 2.0, 2.0, 1.0, 2.0, 2.0, 1.0, 2.0], "bins": [-0.32981076836586, -0.31899186968803406, -0.30817294120788574, -0.2973540425300598, -0.2865351438522339, -0.27571624517440796, -0.26489731669425964, -0.2540784180164337, -0.2432595044374466, -0.23244059085845947, -0.22162169218063354, -0.21080277860164642, -0.1999838650226593, -0.18916496634483337, -0.17834605276584625, -0.16752713918685913, -0.1567082405090332, -0.14588932693004608, -0.13507042825222015, -0.12425151467323303, -0.11343260854482651, -0.10261370241641998, -0.09179478883743286, -0.08097588270902634, -0.07015697658061981, -0.05933807045221329, -0.048519160598516464, -0.03770025074481964, -0.026881344616413116, -0.016062438488006592, -0.00524352490901947, 0.0055753812193870544, 0.016394317150115967, 0.02721322514116764, 0.038032133132219315, 0.04885104298591614, 0.05966994911432266, 0.07048885524272919, 0.08130776882171631, 0.09212667495012283, 0.10294558107852936, 0.11376448720693588, 0.12458339333534241, 0.13540230691432953, 0.14622122049331665, 0.15704011917114258, 0.1678590327501297, 0.17867794632911682, 0.18949684500694275, 0.20031575858592987, 0.2111346572637558, 0.22195357084274292, 0.23277246952056885, 0.24359138309955597, 0.2544102966785431, 0.265229195356369, 0.27604812383651733, 0.28686702251434326, 0.2976859509944916, 0.3085048496723175, 0.31932374835014343, 0.33014267683029175, 0.3409615755081177, 0.3517804741859436, 0.36259937286376953]}, "parameters/value_func.nn.0.bias": {"_type": "histogram", "values": [2.0, 0.0, 0.0, 6.0, 6.0, 8.0, 5.0, 2.0, 4.0, 4.0, 0.0, 4.0, 2.0, 6.0, 2.0, 2.0, 0.0, 1.0, 1.0, 0.0, 1.0, 0.0, 2.0, 0.0, 0.0, 1.0, 0.0, 0.0, 0.0, 1.0, 0.0, 0.0, 2.0, 0.0, 1.0, 2.0, 5.0, 3.0, 1.0, 3.0, 3.0, 7.0, 4.0, 6.0, 4.0, 3.0, 10.0, 5.0, 1.0, 1.0, 2.0, 0.0, 1.0, 1.0, 0.0, 1.0, 0.0, 1.0, 0.0, 0.0, 0.0, 0.0, 0.0, 1.0], "bins": [-0.09725069999694824, -0.09322699159383774, -0.08920327574014664, -0.08517956733703613, -0.08115585148334503, -0.07713214308023453, -0.07310843467712402, -0.06908471882343292, -0.06506100296974182, -0.06103729084134102, -0.057013578712940216, -0.05298987030982971, -0.04896615445613861, -0.04494244605302811, -0.040918733924627304, -0.0368950217962265, -0.032871313393116, -0.028847601264715195, -0.024823889136314392, -0.02080017887055874, -0.016776466742157936, -0.012752754613757133, -0.00872904434800148, -0.0047053322196006775, -0.0006816200911998749, 0.0033420915715396404, 0.007365803234279156, 0.011389514431357384, 0.015413226559758186, 0.01943693868815899, 0.023460648953914642, 0.027484361082315445, 0.03150807321071625, 0.03553178533911705, 0.03955549746751785, 0.04357920587062836, 0.04760292172431946, 0.05162663012742996, 0.055650342255830765, 0.05967405438423157, 0.06369777023792267, 0.06772147864103317, 0.07174519449472427, 0.07576890289783478, 0.07979261875152588, 0.08381632715463638, 0.08784003555774689, 0.09186375141143799, 0.09588745981454849, 0.099911168217659, 0.1039348840713501, 0.1079585924744606, 0.1119823083281517, 0.11600601673126221, 0.12002973258495331, 0.12405344098806381, 0.12807714939117432, 0.13210086524486542, 0.13612456619739532, 0.14014828205108643, 0.14417199790477753, 0.14819571375846863, 0.15221941471099854, 0.15624313056468964, 0.16026684641838074]}, "parameters/value_func.nn.2.weight": {"_type": "histogram", "values": [1.0, 2.0, 3.0, 1.0, 0.0, 2.0, 3.0, 2.0, 3.0, 1.0, 3.0, 3.0, 4.0, 3.0, 6.0, 3.0, 3.0, 2.0, 0.0, 1.0, 1.0, 2.0, 1.0, 1.0, 0.0, 1.0, 1.0, 1.0, 7.0, 1.0, 3.0, 2.0, 4.0, 4.0, 3.0, 1.0, 0.0, 2.0, 4.0, 3.0, 2.0, 4.0, 4.0, 2.0, 5.0, 1.0, 4.0, 1.0, 1.0, 3.0, 2.0, 0.0, 1.0, 1.0, 3.0, 2.0, 0.0, 1.0, 0.0, 1.0, 0.0, 0.0, 1.0, 1.0], "bins": [-0.29897341132164, -0.29114463925361633, -0.28331586718559265, -0.27548712491989136, -0.2676583528518677, -0.259829580783844, -0.2520008087158203, -0.24417205154895782, -0.23634329438209534, -0.22851452231407166, -0.22068576514720917, -0.21285699307918549, -0.205028235912323, -0.19719946384429932, -0.18937069177627563, -0.18154193460941315, -0.17371316254138947, -0.16588439047336578, -0.1580556333065033, -0.15022686123847961, -0.14239810407161713, -0.13456933200359344, -0.12674057483673096, -0.11891180276870728, -0.11108303815126419, -0.1032542735338211, -0.09542550891637802, -0.08759674429893494, -0.07976797223091125, -0.07193921506404877, -0.06411044299602509, -0.056281678378582, -0.048452913761138916, -0.04062414914369583, -0.03279538452625275, -0.024966616183519363, -0.01713785156607628, -0.009309086948633194, -0.0014803186058998108, 0.006348446011543274, 0.014177210628986359, 0.022005975246429443, 0.029834741726517677, 0.03766350820660591, 0.045492272824048996, 0.05332103744149208, 0.061149805784225464, 0.06897857040166855, 0.07680733501911163, 0.08463609963655472, 0.0924648642539978, 0.10029363632202148, 0.10812239348888397, 0.11595116555690765, 0.12377993017435074, 0.13160869479179382, 0.1394374668598175, 0.1472662389278412, 0.15509499609470367, 0.16292376816272736, 0.17075252532958984, 0.17858129739761353, 0.1864100694656372, 0.1942388266324997, 0.20206758379936218]}, "parameters/value_func.nn.2.bias": {"_type": "histogram", "values": [0.0, 0.0, 0.0, 0.0, 0.0, 0.0, 0.0, 0.0, 0.0, 0.0, 0.0, 0.0, 0.0, 0.0, 0.0, 0.0, 0.0, 0.0, 0.0, 0.0, 0.0, 0.0, 0.0, 0.0, 0.0, 0.0, 0.0, 0.0, 0.0, 0.0, 0.0, 0.0, 1.0, 0.0, 0.0, 0.0, 0.0, 0.0, 0.0, 0.0, 0.0, 0.0, 0.0, 0.0, 0.0, 0.0, 0.0, 0.0, 0.0, 0.0, 0.0, 0.0, 0.0, 0.0, 0.0, 0.0, 0.0, 0.0, 0.0, 0.0, 0.0, 0.0, 0.0, 0.0], "bins": [-0.08507773280143738, -0.08507773280143738, -0.08507773280143738, -0.08507773280143738, -0.08507773280143738, -0.08507773280143738, -0.08507773280143738, -0.08507773280143738, -0.08507773280143738, -0.08507773280143738, -0.08507773280143738, -0.08507773280143738, -0.08507773280143738, -0.08507773280143738, -0.08507773280143738, -0.08507773280143738, -0.08507773280143738, -0.08507773280143738, -0.08507773280143738, -0.08507773280143738, -0.08507773280143738, -0.08507773280143738, -0.08507773280143738, -0.08507773280143738, -0.08507773280143738, -0.08507773280143738, -0.08507773280143738, -0.08507773280143738, -0.08507773280143738, -0.08507773280143738, -0.08507773280143738, -0.08507773280143738, -0.08507773280143738, -0.08507773280143738, -0.08507773280143738, -0.08507773280143738, -0.08507773280143738, -0.08507773280143738, -0.08507773280143738, -0.08507773280143738, -0.08507773280143738, -0.08507773280143738, -0.08507773280143738, -0.08507773280143738, -0.08507773280143738, -0.08507773280143738, -0.08507773280143738, -0.08507773280143738, -0.08507773280143738, -0.08507773280143738, -0.08507773280143738, -0.08507773280143738, -0.08507773280143738, -0.08507773280143738, -0.08507773280143738, -0.08507773280143738, -0.08507773280143738, -0.08507773280143738, -0.08507773280143738, -0.08507773280143738, -0.08507773280143738, -0.08507773280143738, -0.08507773280143738, -0.08507773280143738, -0.08507773280143738]}, "_wandb": {"runtime": 201}}